FATAL [Thread-4] 2026-08-12T16:05:56,782 GUIScheduleRunner - RunTimeException when running the schedule
Current tick (58.0)
java.lang.RuntimeException: java.lang.reflect.InvocationTargetException
	at repast.simphony.engine.schedule.DynamicTargetAction.execute(DynamicTargetAction.java:72) ~[?:?]
	at repast.simphony.engine.controller.ScheduledMethodControllerAction$ScheduleMethodAllAction.execute(ScheduledMethodControllerAction.java:336) ~[?:?]
	at repast.simphony.engine.schedule.DefaultAction.execute(DefaultAction.java:38) ~[?:?]
	at repast.simphony.engine.schedule.ScheduleGroup.executeList(ScheduleGroup.java:205) ~[?:?]
	at repast.simphony.engine.schedule.ScheduleGroup.execute(ScheduleGroup.java:231) ~[?:?]
	at repast.simphony.engine.schedule.Schedule.execute(Schedule.java:375) ~[?:?]
	at repast.simphony.ui.GUIScheduleRunner$ScheduleLoopRunnable.run(GUIScheduleRunner.java:52) ~[?:?]
	at java.lang.Thread.run(Thread.java:840) ~[?:?]
Caused by: java.lang.reflect.InvocationTargetException
	at melanesim.protocol.A_Protocol$$FastClassByCGLIB$$73af8671.invoke(<generated>) ~[?:?]
	at net.sf.cglib.reflect.FastMethod.invoke(FastMethod.java:53) ~[?:?]
	at repast.simphony.engine.schedule.DynamicTargetAction.execute(DynamicTargetAction.java:69) ~[?:?]
	... 7 more
Caused by: java.lang.StackOverflowError
	at thing.ground.landscape.C_Landscape.getThingCoord_Ucs(C_Landscape.java:566) ~[?:?]
	at thing.ground.A_SupportedContainer.getCoordinate_Ucs(A_SupportedContainer.java:46) ~[?:?]
	at thing.ground.landscape.C_Landscape.getThingCoord_Ucs(C_Landscape.java:571) ~[?:?]
	at thing.ground.A_SupportedContainer.getCoordinate_Ucs(A_SupportedContainer.java:46) ~[?:?]
	at thing.ground.landscape.C_Landscape.getThingCoord_Ucs(C_Landscape.java:571) ~[?:?]
	at thing.ground.A_SupportedContainer.getCoordinate_Ucs(A_SupportedContainer.java:46) ~[?:?]
	at thing.ground.landscape.C_Landscape.getThingCoord_Ucs(C_Landscape.java:571) ~[?:?]
	at thing.ground.A_SupportedContainer.getCoordinate_Ucs(A_SupportedContainer.java:46) ~[?:?]
	at thing.ground.landscape.C_Landscape.getThingCoord_Ucs(C_Landscape.java:571) ~[?:?]
	at thing.ground.A_SupportedContainer.getCoordinate_Ucs(A_SupportedContainer.java:46) ~[?:?]
	at thing.ground.landscape.C_Landscape.getThingCoord_Ucs(C_Landscape.java:571) ~[?:?]
	at thing.ground.A_SupportedContainer.getCoordinate_Ucs(A_SupportedContainer.java:46) ~[?:?]
	at thing.ground.landscape.C_Landscape.getThingCoord_Ucs(C_Landscape.java:571) ~[?:?]
	at thing.ground.A_SupportedContainer.getCoordinate_Ucs(A_SupportedContainer.java:46) ~[?:?]
	at thing.ground.landscape.C_Landscape.getThingCoord_Ucs(C_Landscape.java:571) ~[?:?]
	at thing.ground.A_SupportedContainer.getCoordinate_Ucs(A_SupportedContainer.java:46) ~[?:?]
	at thing.ground.landscape.C_Landscape.getThingCoord_Ucs(C_Landscape.java:571) ~[?:?]
	at thing.ground.A_SupportedContainer.getCoordinate_Ucs(A_SupportedContainer.java:46) ~[?:?]
	at thing.ground.landscape.C_Landscape.getThingCoord_Ucs(C_Landscape.java:571) ~[?:?]
	at thing.ground.A_SupportedContainer.getCoordinate_Ucs(A_SupportedContainer.java:46) ~[?:?]
	at thing.ground.landscape.C_Landscape.getThingCoord_Ucs(C_Landscape.java:571) ~[?:?]
	at thing.ground.A_SupportedContainer.getCoordinate_Ucs(A_SupportedContainer.java:46) ~[?:?]
	at thing.ground.landscape.C_Landscape.getThingCoord_Ucs(C_Landscape.java:571) ~[?:?]
	at thing.ground.A_SupportedContainer.getCoordinate_Ucs(A_SupportedContainer.java:46) ~[?:?]
	at thing.ground.landscape.C_Landscape.getThingCoord_Ucs(C_Landscape.java:571) ~[?:?]
	at thing.ground.A_SupportedContainer.getCoordinate_Ucs(A_SupportedContainer.java:46) ~[?:?]
	at thing.ground.landscape.C_Landscape.getThingCoord_Ucs(C_Landscape.java:571) ~[?:?]
	at thing.ground.A_SupportedContainer.getCoordinate_Ucs(A_SupportedContainer.java:46) ~[?:?]
	at thing.ground.landscape.C_Landscape.getThingCoord_Ucs(C_Landscape.java:571) ~[?:?]
	at thing.ground.A_SupportedContainer.getCoordinate_Ucs(A_SupportedContainer.java:46) ~[?:?]
	at thing.ground.landscape.C_Landscape.getThingCoord_Ucs(C_Landscape.java:571) ~[?:?]
	at thing.ground.A_SupportedContainer.getCoordinate_Ucs(A_SupportedContainer.java:46) ~[?:?]
	at thing.ground.landscape.C_Landscape.getThingCoord_Ucs(C_Landscape.java:571) ~[?:?]
	at thing.ground.A_SupportedContainer.getCoordinate_Ucs(A_SupportedContainer.java:46) ~[?:?]
	at thing.ground.landscape.C_Landscape.getThingCoord_Ucs(C_Landscape.java:571) ~[?:?]
	at thing.ground.A_SupportedContainer.getCoordinate_Ucs(A_SupportedContainer.java:46) ~[?:?]
	at thing.ground.landscape.C_Landscape.getThingCoord_Ucs(C_Landscape.java:571) ~[?:?]
	at thing.ground.A_SupportedContainer.getCoordinate_Ucs(A_SupportedContainer.java:46) ~[?:?]
	at thing.ground.landscape.C_Landscape.getThingCoord_Ucs(C_Landscape.java:571) ~[?:?]
	at thing.ground.A_SupportedContainer.getCoordinate_Ucs(A_SupportedContainer.java:46) ~[?:?]
	at thing.ground.landscape.C_Landscape.getThingCoord_Ucs(C_Landscape.java:571) ~[?:?]
	at thing.ground.A_SupportedContainer.getCoordinate_Ucs(A_SupportedContainer.java:46) ~[?:?]
	at thing.ground.landscape.C_Landscape.getThingCoord_Ucs(C_Landscape.java:571) ~[?:?]
	at thing.ground.A_SupportedContainer.getCoordinate_Ucs(A_SupportedContainer.java:46) ~[?:?]
	at thing.ground.landscape.C_Landscape.getThingCoord_Ucs(C_Landscape.java:571) ~[?:?]
	at thing.ground.A_SupportedContainer.getCoordinate_Ucs(A_SupportedContainer.java:46) ~[?:?]
	at thing.ground.landscape.C_Landscape.getThingCoord_Ucs(C_Landscape.java:571) ~[?:?]
	at thing.ground.A_SupportedContainer.getCoordinate_Ucs(A_SupportedContainer.java:46) ~[?:?]
	at thing.ground.landscape.C_Landscape.getThingCoord_Ucs(C_Landscape.java:571) ~[?:?]
	at thing.ground.A_SupportedContainer.getCoordinate_Ucs(A_SupportedContainer.java:46) ~[?:?]
	at thing.ground.landscape.C_Landscape.getThingCoord_Ucs(C_Landscape.java:571) ~[?:?]
	at thing.ground.A_SupportedContainer.getCoordinate_Ucs(A_SupportedContainer.java:46) ~[?:?]
	at thing.ground.landscape.C_Landscape.getThingCoord_Ucs(C_Landscape.java:571) ~[?:?]
	at thing.ground.A_SupportedContainer.getCoordinate_Ucs(A_SupportedContainer.java:46) ~[?:?]
	at thing.ground.landscape.C_Landscape.getThingCoord_Ucs(C_Landscape.java:571) ~[?:?]
	at thing.ground.A_SupportedContainer.getCoordinate_Ucs(A_SupportedContainer.java:46) ~[?:?]
	at thing.ground.landscape.C_Landscape.getThingCoord_Ucs(C_Landscape.java:571) ~[?:?]
	at thing.ground.A_SupportedContainer.getCoordinate_Ucs(A_SupportedContainer.java:46) ~[?:?]
	at thing.ground.landscape.C_Landscape.getThingCoord_Ucs(C_Landscape.java:571) ~[?:?]
	at thing.ground.A_SupportedContainer.getCoordinate_Ucs(A_SupportedContainer.java:46) ~[?:?]
	at thing.ground.landscape.C_Landscape.getThingCoord_Ucs(C_Landscape.java:571) ~[?:?]
	at thing.ground.A_SupportedContainer.getCoordinate_Ucs(A_SupportedContainer.java:46) ~[?:?]
	at thing.ground.landscape.C_Landscape.getThingCoord_Ucs(C_Landscape.java:571) ~[?:?]
	at thing.ground.A_SupportedContainer.getCoordinate_Ucs(A_SupportedContainer.java:46) ~[?:?]
	at thing.ground.landscape.C_Landscape.getThingCoord_Ucs(C_Landscape.java:571) ~[?:?]
	at thing.ground.A_SupportedContainer.getCoordinate_Ucs(A_SupportedContainer.java:46) ~[?:?]
	at thing.ground.landscape.C_Landscape.getThingCoord_Ucs(C_Landscape.java:571) ~[?:?]
	at thing.ground.A_SupportedContainer.getCoordinate_Ucs(A_SupportedContainer.java:46) ~[?:?]
	at thing.ground.landscape.C_Landscape.getThingCoord_Ucs(C_Landscape.java:571) ~[?:?]
	at thing.ground.A_SupportedContainer.getCoordinate_Ucs(A_SupportedContainer.java:46) ~[?:?]
	at thing.ground.landscape.C_Landscape.getThingCoord_Ucs(C_Landscape.java:571) ~[?:?]
	at thing.ground.A_SupportedContainer.getCoordinate_Ucs(A_SupportedContainer.java:46) ~[?:?]
	at thing.ground.landscape.C_Landscape.getThingCoord_Ucs(C_Landscape.java:571) ~[?:?]
	at thing.ground.A_SupportedContainer.getCoordinate_Ucs(A_SupportedContainer.java:46) ~[?:?]
	at thing.ground.landscape.C_Landscape.getThingCoord_Ucs(C_Landscape.java:571) ~[?:?]
	at thing.ground.A_SupportedContainer.getCoordinate_Ucs(A_SupportedContainer.java:46) ~[?:?]
	at thing.ground.landscape.C_Landscape.getThingCoord_Ucs(C_Landscape.java:571) ~[?:?]
	at thing.ground.A_SupportedContainer.getCoordinate_Ucs(A_SupportedContainer.java:46) ~[?:?]
	at thing.ground.landscape.C_Landscape.getThingCoord_Ucs(C_Landscape.java:571) ~[?:?]
	at thing.ground.A_SupportedContainer.getCoordinate_Ucs(A_SupportedContainer.java:46) ~[?:?]
	at thing.ground.landscape.C_Landscape.getThingCoord_Ucs(C_Landscape.java:571) ~[?:?]
	at thing.ground.A_SupportedContainer.getCoordinate_Ucs(A_SupportedContainer.java:46) ~[?:?]
	at thing.ground.landscape.C_Landscape.getThingCoord_Ucs(C_Landscape.java:571) ~[?:?]
	at thing.ground.A_SupportedContainer.getCoordinate_Ucs(A_SupportedContainer.java:46) ~[?:?]
	at thing.ground.landscape.C_Landscape.getThingCoord_Ucs(C_Landscape.java:571) ~[?:?]
	at thing.ground.A_SupportedContainer.getCoordinate_Ucs(A_SupportedContainer.java:46) ~[?:?]
	at thing.ground.landscape.C_Landscape.getThingCoord_Ucs(C_Landscape.java:571) ~[?:?]
	at thing.ground.A_SupportedContainer.getCoordinate_Ucs(A_SupportedContainer.java:46) ~[?:?]
	at thing.ground.landscape.C_Landscape.getThingCoord_Ucs(C_Landscape.java:571) ~[?:?]
	at thing.ground.A_SupportedContainer.getCoordinate_Ucs(A_SupportedContainer.java:46) ~[?:?]
	at thing.ground.landscape.C_Landscape.getThingCoord_Ucs(C_Landscape.java:571) ~[?:?]
	at thing.ground.A_SupportedContainer.getCoordinate_Ucs(A_SupportedContainer.java:46) ~[?:?]
	at thing.ground.landscape.C_Landscape.getThingCoord_Ucs(C_Landscape.java:571) ~[?:?]
	at thing.ground.A_SupportedContainer.getCoordinate_Ucs(A_SupportedContainer.java:46) ~[?:?]
	at thing.ground.landscape.C_Landscape.getThingCoord_Ucs(C_Landscape.java:571) ~[?:?]
	at thing.ground.A_SupportedContainer.getCoordinate_Ucs(A_SupportedContainer.java:46) ~[?:?]
	at thing.ground.landscape.C_Landscape.getThingCoord_Ucs(C_Landscape.java:571) ~[?:?]
	at thing.ground.A_SupportedContainer.getCoordinate_Ucs(A_SupportedContainer.java:46) ~[?:?]
	at thing.ground.landscape.C_Landscape.getThingCoord_Ucs(C_Landscape.java:571) ~[?:?]
	at thing.ground.A_SupportedContainer.getCoordinate_Ucs(A_SupportedContainer.java:46) ~[?:?]
	at thing.ground.landscape.C_Landscape.getThingCoord_Ucs(C_Landscape.java:571) ~[?:?]
	at thing.ground.A_SupportedContainer.getCoordinate_Ucs(A_SupportedContainer.java:46) ~[?:?]
	at thing.ground.landscape.C_Landscape.getThingCoord_Ucs(C_Landscape.java:571) ~[?:?]
	at thing.ground.A_SupportedContainer.getCoordinate_Ucs(A_SupportedContainer.java:46) ~[?:?]
	at thing.ground.landscape.C_Landscape.getThingCoord_Ucs(C_Landscape.java:571) ~[?:?]
	at thing.ground.A_SupportedContainer.getCoordinate_Ucs(A_SupportedContainer.java:46) ~[?:?]
	at thing.ground.landscape.C_Landscape.getThingCoord_Ucs(C_Landscape.java:571) ~[?:?]
	at thing.ground.A_SupportedContainer.getCoordinate_Ucs(A_SupportedContainer.java:46) ~[?:?]
	at thing.ground.landscape.C_Landscape.getThingCoord_Ucs(C_Landscape.java:571) ~[?:?]
	at thing.ground.A_SupportedContainer.getCoordinate_Ucs(A_SupportedContainer.java:46) ~[?:?]
	at thing.ground.landscape.C_Landscape.getThingCoord_Ucs(C_Landscape.java:571) ~[?:?]
	at thing.ground.A_SupportedContainer.getCoordinate_Ucs(A_SupportedContainer.java:46) ~[?:?]
	at thing.ground.landscape.C_Landscape.getThingCoord_Ucs(C_Landscape.java:571) ~[?:?]
	at thing.ground.A_SupportedContainer.getCoordinate_Ucs(A_SupportedContainer.java:46) ~[?:?]
	at thing.ground.landscape.C_Landscape.getThingCoord_Ucs(C_Landscape.java:571) ~[?:?]
	at thing.ground.A_SupportedContainer.getCoordinate_Ucs(A_SupportedContainer.java:46) ~[?:?]
	at thing.ground.landscape.C_Landscape.getThingCoord_Ucs(C_Landscape.java:571) ~[?:?]
	at thing.ground.A_SupportedContainer.getCoordinate_Ucs(A_SupportedContainer.java:46) ~[?:?]
	at thing.ground.landscape.C_Landscape.getThingCoord_Ucs(C_Landscape.java:571) ~[?:?]
	at thing.ground.A_SupportedContainer.getCoordinate_Ucs(A_SupportedContainer.java:46) ~[?:?]
	at thing.ground.landscape.C_Landscape.getThingCoord_Ucs(C_Landscape.java:571) ~[?:?]
	at thing.ground.A_SupportedContainer.getCoordinate_Ucs(A_SupportedContainer.java:46) ~[?:?]
	at thing.ground.landscape.C_Landscape.getThingCoord_Ucs(C_Landscape.java:571) ~[?:?]
	at thing.ground.A_SupportedContainer.getCoordinate_Ucs(A_SupportedContainer.java:46) ~[?:?]
	at thing.ground.landscape.C_Landscape.getThingCoord_Ucs(C_Landscape.java:571) ~[?:?]
	at thing.ground.A_SupportedContainer.getCoordinate_Ucs(A_SupportedContainer.java:46) ~[?:?]
	at thing.ground.landscape.C_Landscape.getThingCoord_Ucs(C_Landscape.java:571) ~[?:?]
	at thing.ground.A_SupportedContainer.getCoordinate_Ucs(A_SupportedContainer.java:46) ~[?:?]
	at thing.ground.landscape.C_Landscape.getThingCoord_Ucs(C_Landscape.java:571) ~[?:?]
	at thing.ground.A_SupportedContainer.getCoordinate_Ucs(A_SupportedContainer.java:46) ~[?:?]
	at thing.ground.landscape.C_Landscape.getThingCoord_Ucs(C_Landscape.java:571) ~[?:?]
	at thing.ground.A_SupportedContainer.getCoordinate_Ucs(A_SupportedContainer.java:46) ~[?:?]
	at thing.ground.landscape.C_Landscape.getThingCoord_Ucs(C_Landscape.java:571) ~[?:?]
	at thing.ground.A_SupportedContainer.getCoordinate_Ucs(A_SupportedContainer.java:46) ~[?:?]
	at thing.ground.landscape.C_Landscape.getThingCoord_Ucs(C_Landscape.java:571) ~[?:?]
	at thing.ground.A_SupportedContainer.getCoordinate_Ucs(A_SupportedContainer.java:46) ~[?:?]
	at thing.ground.landscape.C_Landscape.getThingCoord_Ucs(C_Landscape.java:571) ~[?:?]
	at thing.ground.A_SupportedContainer.getCoordinate_Ucs(A_SupportedContainer.java:46) ~[?:?]
	at thing.ground.landscape.C_Landscape.getThingCoord_Ucs(C_Landscape.java:571) ~[?:?]
	at thing.ground.A_SupportedContainer.getCoordinate_Ucs(A_SupportedContainer.java:46) ~[?:?]
	at thing.ground.landscape.C_Landscape.getThingCoord_Ucs(C_Landscape.java:571) ~[?:?]
	at thing.ground.A_SupportedContainer.getCoordinate_Ucs(A_SupportedContainer.java:46) ~[?:?]
	at thing.ground.landscape.C_Landscape.getThingCoord_Ucs(C_Landscape.java:571) ~[?:?]
	at thing.ground.A_SupportedContainer.getCoordinate_Ucs(A_SupportedContainer.java:46) ~[?:?]
	at thing.ground.landscape.C_Landscape.getThingCoord_Ucs(C_Landscape.java:571) ~[?:?]
	at thing.ground.A_SupportedContainer.getCoordinate_Ucs(A_SupportedContainer.java:46) ~[?:?]
	at thing.ground.landscape.C_Landscape.getThingCoord_Ucs(C_Landscape.java:571) ~[?:?]
	at thing.ground.A_SupportedContainer.getCoordinate_Ucs(A_SupportedContainer.java:46) ~[?:?]
	at thing.ground.landscape.C_Landscape.getThingCoord_Ucs(C_Landscape.java:571) ~[?:?]
	at thing.ground.A_SupportedContainer.getCoordinate_Ucs(A_SupportedContainer.java:46) ~[?:?]
	at thing.ground.landscape.C_Landscape.getThingCoord_Ucs(C_Landscape.java:571) ~[?:?]
	at thing.ground.A_SupportedContainer.getCoordinate_Ucs(A_SupportedContainer.java:46) ~[?:?]
	at thing.ground.landscape.C_Landscape.getThingCoord_Ucs(C_Landscape.java:571) ~[?:?]
	at thing.ground.A_SupportedContainer.getCoordinate_Ucs(A_SupportedContainer.java:46) ~[?:?]
	at thing.ground.landscape.C_Landscape.getThingCoord_Ucs(C_Landscape.java:571) ~[?:?]
	at thing.ground.A_SupportedContainer.getCoordinate_Ucs(A_SupportedContainer.java:46) ~[?:?]
	at thing.ground.landscape.C_Landscape.getThingCoord_Ucs(C_Landscape.java:571) ~[?:?]
	at thing.ground.A_SupportedContainer.getCoordinate_Ucs(A_SupportedContainer.java:46) ~[?:?]
	at thing.ground.landscape.C_Landscape.getThingCoord_Ucs(C_Landscape.java:571) ~[?:?]
	at thing.ground.A_SupportedContainer.getCoordinate_Ucs(A_SupportedContainer.java:46) ~[?:?]
	at thing.ground.landscape.C_Landscape.getThingCoord_Ucs(C_Landscape.java:571) ~[?:?]
	at thing.ground.A_SupportedContainer.getCoordinate_Ucs(A_SupportedContainer.java:46) ~[?:?]
	at thing.ground.landscape.C_Landscape.getThingCoord_Ucs(C_Landscape.java:571) ~[?:?]
	at thing.ground.A_SupportedContainer.getCoordinate_Ucs(A_SupportedContainer.java:46) ~[?:?]
	at thing.ground.landscape.C_Landscape.getThingCoord_Ucs(C_Landscape.java:571) ~[?:?]
	at thing.ground.A_SupportedContainer.getCoordinate_Ucs(A_SupportedContainer.java:46) ~[?:?]
	at thing.ground.landscape.C_Landscape.getThingCoord_Ucs(C_Landscape.java:571) ~[?:?]
	at thing.ground.A_SupportedContainer.getCoordinate_Ucs(A_SupportedContainer.java:46) ~[?:?]
	at thing.ground.landscape.C_Landscape.getThingCoord_Ucs(C_Landscape.java:571) ~[?:?]
	at thing.ground.A_SupportedContainer.getCoordinate_Ucs(A_SupportedContainer.java:46) ~[?:?]
	at thing.ground.landscape.C_Landscape.getThingCoord_Ucs(C_Landscape.java:571) ~[?:?]
	at thing.ground.A_SupportedContainer.getCoordinate_Ucs(A_SupportedContainer.java:46) ~[?:?]
	at thing.ground.landscape.C_Landscape.getThingCoord_Ucs(C_Landscape.java:571) ~[?:?]
	at thing.ground.A_SupportedContainer.getCoordinate_Ucs(A_SupportedContainer.java:46) ~[?:?]
	at thing.ground.landscape.C_Landscape.getThingCoord_Ucs(C_Landscape.java:571) ~[?:?]
	at thing.ground.A_SupportedContainer.getCoordinate_Ucs(A_SupportedContainer.java:46) ~[?:?]
	at thing.ground.landscape.C_Landscape.getThingCoord_Ucs(C_Landscape.java:571) ~[?:?]
	at thing.ground.A_SupportedContainer.getCoordinate_Ucs(A_SupportedContainer.java:46) ~[?:?]
	at thing.ground.landscape.C_Landscape.getThingCoord_Ucs(C_Landscape.java:571) ~[?:?]
	at thing.ground.A_SupportedContainer.getCoordinate_Ucs(A_SupportedContainer.java:46) ~[?:?]
	at thing.ground.landscape.C_Landscape.getThingCoord_Ucs(C_Landscape.java:571) ~[?:?]
	at thing.ground.A_SupportedContainer.getCoordinate_Ucs(A_SupportedContainer.java:46) ~[?:?]
	at thing.ground.landscape.C_Landscape.getThingCoord_Ucs(C_Landscape.java:571) ~[?:?]
	at thing.ground.A_SupportedContainer.getCoordinate_Ucs(A_SupportedContainer.java:46) ~[?:?]
	at thing.ground.landscape.C_Landscape.getThingCoord_Ucs(C_Landscape.java:571) ~[?:?]
	at thing.ground.A_SupportedContainer.getCoordinate_Ucs(A_SupportedContainer.java:46) ~[?:?]
	at thing.ground.landscape.C_Landscape.getThingCoord_Ucs(C_Landscape.java:571) ~[?:?]
	at thing.ground.A_SupportedContainer.getCoordinate_Ucs(A_SupportedContainer.java:46) ~[?:?]
	at thing.ground.landscape.C_Landscape.getThingCoord_Ucs(C_Landscape.java:571) ~[?:?]
	at thing.ground.A_SupportedContainer.getCoordinate_Ucs(A_SupportedContainer.java:46) ~[?:?]
	at thing.ground.landscape.C_Landscape.getThingCoord_Ucs(C_Landscape.java:571) ~[?:?]
	at thing.ground.A_SupportedContainer.getCoordinate_Ucs(A_SupportedContainer.java:46) ~[?:?]
	at thing.ground.landscape.C_Landscape.getThingCoord_Ucs(C_Landscape.java:571) ~[?:?]
	at thing.ground.A_SupportedContainer.getCoordinate_Ucs(A_SupportedContainer.java:46) ~[?:?]
	at thing.ground.landscape.C_Landscape.getThingCoord_Ucs(C_Landscape.java:571) ~[?:?]
	at thing.ground.A_SupportedContainer.getCoordinate_Ucs(A_SupportedContainer.java:46) ~[?:?]
	at thing.ground.landscape.C_Landscape.getThingCoord_Ucs(C_Landscape.java:571) ~[?:?]
	at thing.ground.A_SupportedContainer.getCoordinate_Ucs(A_SupportedContainer.java:46) ~[?:?]
	at thing.ground.landscape.C_Landscape.getThingCoord_Ucs(C_Landscape.java:571) ~[?:?]
	at thing.ground.A_SupportedContainer.getCoordinate_Ucs(A_SupportedContainer.java:46) ~[?:?]
	at thing.ground.landscape.C_Landscape.getThingCoord_Ucs(C_Landscape.java:571) ~[?:?]
	at thing.ground.A_SupportedContainer.getCoordinate_Ucs(A_SupportedContainer.java:46) ~[?:?]
	at thing.ground.landscape.C_Landscape.getThingCoord_Ucs(C_Landscape.java:571) ~[?:?]
	at thing.ground.A_SupportedContainer.getCoordinate_Ucs(A_SupportedContainer.java:46) ~[?:?]
	at thing.ground.landscape.C_Landscape.getThingCoord_Ucs(C_Landscape.java:571) ~[?:?]
	at thing.ground.A_SupportedContainer.getCoordinate_Ucs(A_SupportedContainer.java:46) ~[?:?]
	at thing.ground.landscape.C_Landscape.getThingCoord_Ucs(C_Landscape.java:571) ~[?:?]
	at thing.ground.A_SupportedContainer.getCoordinate_Ucs(A_SupportedContainer.java:46) ~[?:?]
	at thing.ground.landscape.C_Landscape.getThingCoord_Ucs(C_Landscape.java:571) ~[?:?]
	at thing.ground.A_SupportedContainer.getCoordinate_Ucs(A_SupportedContainer.java:46) ~[?:?]
	at thing.ground.landscape.C_Landscape.getThingCoord_Ucs(C_Landscape.java:571) ~[?:?]
	at thing.ground.A_SupportedContainer.getCoordinate_Ucs(A_SupportedContainer.java:46) ~[?:?]
	at thing.ground.landscape.C_Landscape.getThingCoord_Ucs(C_Landscape.java:571) ~[?:?]
	at thing.ground.A_SupportedContainer.getCoordinate_Ucs(A_SupportedContainer.java:46) ~[?:?]
	at thing.ground.landscape.C_Landscape.getThingCoord_Ucs(C_Landscape.java:571) ~[?:?]
	at thing.ground.A_SupportedContainer.getCoordinate_Ucs(A_SupportedContainer.java:46) ~[?:?]
	at thing.ground.landscape.C_Landscape.getThingCoord_Ucs(C_Landscape.java:571) ~[?:?]
	at thing.ground.A_SupportedContainer.getCoordinate_Ucs(A_SupportedContainer.java:46) ~[?:?]
	at thing.ground.landscape.C_Landscape.getThingCoord_Ucs(C_Landscape.java:571) ~[?:?]
	at thing.ground.A_SupportedContainer.getCoordinate_Ucs(A_SupportedContainer.java:46) ~[?:?]
	at thing.ground.landscape.C_Landscape.getThingCoord_Ucs(C_Landscape.java:571) ~[?:?]
	at thing.ground.A_SupportedContainer.getCoordinate_Ucs(A_SupportedContainer.java:46) ~[?:?]
	at thing.ground.landscape.C_Landscape.getThingCoord_Ucs(C_Landscape.java:571) ~[?:?]
	at thing.ground.A_SupportedContainer.getCoordinate_Ucs(A_SupportedContainer.java:46) ~[?:?]
	at thing.ground.landscape.C_Landscape.getThingCoord_Ucs(C_Landscape.java:571) ~[?:?]
	at thing.ground.A_SupportedContainer.getCoordinate_Ucs(A_SupportedContainer.java:46) ~[?:?]
	at thing.ground.landscape.C_Landscape.getThingCoord_Ucs(C_Landscape.java:571) ~[?:?]
	at thing.ground.A_SupportedContainer.getCoordinate_Ucs(A_SupportedContainer.java:46) ~[?:?]
	at thing.ground.landscape.C_Landscape.getThingCoord_Ucs(C_Landscape.java:571) ~[?:?]
	at thing.ground.A_SupportedContainer.getCoordinate_Ucs(A_SupportedContainer.java:46) ~[?:?]
	at thing.ground.landscape.C_Landscape.getThingCoord_Ucs(C_Landscape.java:571) ~[?:?]
	at thing.ground.A_SupportedContainer.getCoordinate_Ucs(A_SupportedContainer.java:46) ~[?:?]
	at thing.ground.landscape.C_Landscape.getThingCoord_Ucs(C_Landscape.java:571) ~[?:?]
	at thing.ground.A_SupportedContainer.getCoordinate_Ucs(A_SupportedContainer.java:46) ~[?:?]
	at thing.ground.landscape.C_Landscape.getThingCoord_Ucs(C_Landscape.java:571) ~[?:?]
	at thing.ground.A_SupportedContainer.getCoordinate_Ucs(A_SupportedContainer.java:46) ~[?:?]
	at thing.ground.landscape.C_Landscape.getThingCoord_Ucs(C_Landscape.java:571) ~[?:?]
	at thing.ground.A_SupportedContainer.getCoordinate_Ucs(A_SupportedContainer.java:46) ~[?:?]
	at thing.ground.landscape.C_Landscape.getThingCoord_Ucs(C_Landscape.java:571) ~[?:?]
	at thing.ground.A_SupportedContainer.getCoordinate_Ucs(A_SupportedContainer.java:46) ~[?:?]
	at thing.ground.landscape.C_Landscape.getThingCoord_Ucs(C_Landscape.java:571) ~[?:?]
	at thing.ground.A_SupportedContainer.getCoordinate_Ucs(A_SupportedContainer.java:46) ~[?:?]
	at thing.ground.landscape.C_Landscape.getThingCoord_Ucs(C_Landscape.java:571) ~[?:?]
	at thing.ground.A_SupportedContainer.getCoordinate_Ucs(A_SupportedContainer.java:46) ~[?:?]
	at thing.ground.landscape.C_Landscape.getThingCoord_Ucs(C_Landscape.java:571) ~[?:?]
	at thing.ground.A_SupportedContainer.getCoordinate_Ucs(A_SupportedContainer.java:46) ~[?:?]
	at thing.ground.landscape.C_Landscape.getThingCoord_Ucs(C_Landscape.java:571) ~[?:?]
	at thing.ground.A_SupportedContainer.getCoordinate_Ucs(A_SupportedContainer.java:46) ~[?:?]
	at thing.ground.landscape.C_Landscape.getThingCoord_Ucs(C_Landscape.java:571) ~[?:?]
	at thing.ground.A_SupportedContainer.getCoordinate_Ucs(A_SupportedContainer.java:46) ~[?:?]
	at thing.ground.landscape.C_Landscape.getThingCoord_Ucs(C_Landscape.java:571) ~[?:?]
	at thing.ground.A_SupportedContainer.getCoordinate_Ucs(A_SupportedContainer.java:46) ~[?:?]
	at thing.ground.landscape.C_Landscape.getThingCoord_Ucs(C_Landscape.java:571) ~[?:?]
	at thing.ground.A_SupportedContainer.getCoordinate_Ucs(A_SupportedContainer.java:46) ~[?:?]
	at thing.ground.landscape.C_Landscape.getThingCoord_Ucs(C_Landscape.java:571) ~[?:?]
	at thing.ground.A_SupportedContainer.getCoordinate_Ucs(A_SupportedContainer.java:46) ~[?:?]
	at thing.ground.landscape.C_Landscape.getThingCoord_Ucs(C_Landscape.java:571) ~[?:?]
	at thing.ground.A_SupportedContainer.getCoordinate_Ucs(A_SupportedContainer.java:46) ~[?:?]
	at thing.ground.landscape.C_Landscape.getThingCoord_Ucs(C_Landscape.java:571) ~[?:?]
	at thing.ground.A_SupportedContainer.getCoordinate_Ucs(A_SupportedContainer.java:46) ~[?:?]
	at thing.ground.landscape.C_Landscape.getThingCoord_Ucs(C_Landscape.java:571) ~[?:?]
	at thing.ground.A_SupportedContainer.getCoordinate_Ucs(A_SupportedContainer.java:46) ~[?:?]
	at thing.ground.landscape.C_Landscape.getThingCoord_Ucs(C_Landscape.java:571) ~[?:?]
	at thing.ground.A_SupportedContainer.getCoordinate_Ucs(A_SupportedContainer.java:46) ~[?:?]
	at thing.ground.landscape.C_Landscape.getThingCoord_Ucs(C_Landscape.java:571) ~[?:?]
	at thing.ground.A_SupportedContainer.getCoordinate_Ucs(A_SupportedContainer.java:46) ~[?:?]
	at thing.ground.landscape.C_Landscape.getThingCoord_Ucs(C_Landscape.java:571) ~[?:?]
	at thing.ground.A_SupportedContainer.getCoordinate_Ucs(A_SupportedContainer.java:46) ~[?:?]
	at thing.ground.landscape.C_Landscape.getThingCoord_Ucs(C_Landscape.java:571) ~[?:?]
	at thing.ground.A_SupportedContainer.getCoordinate_Ucs(A_SupportedContainer.java:46) ~[?:?]
	at thing.ground.landscape.C_Landscape.getThingCoord_Ucs(C_Landscape.java:571) ~[?:?]
	at thing.ground.A_SupportedContainer.getCoordinate_Ucs(A_SupportedContainer.java:46) ~[?:?]
	at thing.ground.landscape.C_Landscape.getThingCoord_Ucs(C_Landscape.java:571) ~[?:?]
	at thing.ground.A_SupportedContainer.getCoordinate_Ucs(A_SupportedContainer.java:46) ~[?:?]
	at thing.ground.landscape.C_Landscape.getThingCoord_Ucs(C_Landscape.java:571) ~[?:?]
	at thing.ground.A_SupportedContainer.getCoordinate_Ucs(A_SupportedContainer.java:46) ~[?:?]
	at thing.ground.landscape.C_Landscape.getThingCoord_Ucs(C_Landscape.java:571) ~[?:?]
	at thing.ground.A_SupportedContainer.getCoordinate_Ucs(A_SupportedContainer.java:46) ~[?:?]
	at thing.ground.landscape.C_Landscape.getThingCoord_Ucs(C_Landscape.java:571) ~[?:?]
	at thing.ground.A_SupportedContainer.getCoordinate_Ucs(A_SupportedContainer.java:46) ~[?:?]
	at thing.ground.landscape.C_Landscape.getThingCoord_Ucs(C_Landscape.java:571) ~[?:?]
	at thing.ground.A_SupportedContainer.getCoordinate_Ucs(A_SupportedContainer.java:46) ~[?:?]
	at thing.ground.landscape.C_Landscape.getThingCoord_Ucs(C_Landscape.java:571) ~[?:?]
	at thing.ground.A_SupportedContainer.getCoordinate_Ucs(A_SupportedContainer.java:46) ~[?:?]
	at thing.ground.landscape.C_Landscape.getThingCoord_Ucs(C_Landscape.java:571) ~[?:?]
	at thing.ground.A_SupportedContainer.getCoordinate_Ucs(A_SupportedContainer.java:46) ~[?:?]
	at thing.ground.landscape.C_Landscape.getThingCoord_Ucs(C_Landscape.java:571) ~[?:?]
	at thing.ground.A_SupportedContainer.getCoordinate_Ucs(A_SupportedContainer.java:46) ~[?:?]
	at thing.ground.landscape.C_Landscape.getThingCoord_Ucs(C_Landscape.java:571) ~[?:?]
	at thing.ground.A_SupportedContainer.getCoordinate_Ucs(A_SupportedContainer.java:46) ~[?:?]
	at thing.ground.landscape.C_Landscape.getThingCoord_Ucs(C_Landscape.java:571) ~[?:?]
	at thing.ground.A_SupportedContainer.getCoordinate_Ucs(A_SupportedContainer.java:46) ~[?:?]
	at thing.ground.landscape.C_Landscape.getThingCoord_Ucs(C_Landscape.java:571) ~[?:?]
	at thing.ground.A_SupportedContainer.getCoordinate_Ucs(A_SupportedContainer.java:46) ~[?:?]
	at thing.ground.landscape.C_Landscape.getThingCoord_Ucs(C_Landscape.java:571) ~[?:?]
	at thing.ground.A_SupportedContainer.getCoordinate_Ucs(A_SupportedContainer.java:46) ~[?:?]
	at thing.ground.landscape.C_Landscape.getThingCoord_Ucs(C_Landscape.java:571) ~[?:?]
	at thing.ground.A_SupportedContainer.getCoordinate_Ucs(A_SupportedContainer.java:46) ~[?:?]
	at thing.ground.landscape.C_Landscape.getThingCoord_Ucs(C_Landscape.java:571) ~[?:?]
	at thing.ground.A_SupportedContainer.getCoordinate_Ucs(A_SupportedContainer.java:46) ~[?:?]
	at thing.ground.landscape.C_Landscape.getThingCoord_Ucs(C_Landscape.java:571) ~[?:?]
	at thing.ground.A_SupportedContainer.getCoordinate_Ucs(A_SupportedContainer.java:46) ~[?:?]
	at thing.ground.landscape.C_Landscape.getThingCoord_Ucs(C_Landscape.java:571) ~[?:?]
	at thing.ground.A_SupportedContainer.getCoordinate_Ucs(A_SupportedContainer.java:46) ~[?:?]
	at thing.ground.landscape.C_Landscape.getThingCoord_Ucs(C_Landscape.java:571) ~[?:?]
	at thing.ground.A_SupportedContainer.getCoordinate_Ucs(A_SupportedContainer.java:46) ~[?:?]
	at thing.ground.landscape.C_Landscape.getThingCoord_Ucs(C_Landscape.java:571) ~[?:?]
	at thing.ground.A_SupportedContainer.getCoordinate_Ucs(A_SupportedContainer.java:46) ~[?:?]
	at thing.ground.landscape.C_Landscape.getThingCoord_Ucs(C_Landscape.java:571) ~[?:?]
	at thing.ground.A_SupportedContainer.getCoordinate_Ucs(A_SupportedContainer.java:46) ~[?:?]
	at thing.ground.landscape.C_Landscape.getThingCoord_Ucs(C_Landscape.java:571) ~[?:?]
	at thing.ground.A_SupportedContainer.getCoordinate_Ucs(A_SupportedContainer.java:46) ~[?:?]
	at thing.ground.landscape.C_Landscape.getThingCoord_Ucs(C_Landscape.java:571) ~[?:?]
	at thing.ground.A_SupportedContainer.getCoordinate_Ucs(A_SupportedContainer.java:46) ~[?:?]
	at thing.ground.landscape.C_Landscape.getThingCoord_Ucs(C_Landscape.java:571) ~[?:?]
	at thing.ground.A_SupportedContainer.getCoordinate_Ucs(A_SupportedContainer.java:46) ~[?:?]
	at thing.ground.landscape.C_Landscape.getThingCoord_Ucs(C_Landscape.java:571) ~[?:?]
	at thing.ground.A_SupportedContainer.getCoordinate_Ucs(A_SupportedContainer.java:46) ~[?:?]
	at thing.ground.landscape.C_Landscape.getThingCoord_Ucs(C_Landscape.java:571) ~[?:?]
	at thing.ground.A_SupportedContainer.getCoordinate_Ucs(A_SupportedContainer.java:46) ~[?:?]
	at thing.ground.landscape.C_Landscape.getThingCoord_Ucs(C_Landscape.java:571) ~[?:?]
	at thing.ground.A_SupportedContainer.getCoordinate_Ucs(A_SupportedContainer.java:46) ~[?:?]
	at thing.ground.landscape.C_Landscape.getThingCoord_Ucs(C_Landscape.java:571) ~[?:?]
	at thing.ground.A_SupportedContainer.getCoordinate_Ucs(A_SupportedContainer.java:46) ~[?:?]
	at thing.ground.landscape.C_Landscape.getThingCoord_Ucs(C_Landscape.java:571) ~[?:?]
	at thing.ground.A_SupportedContainer.getCoordinate_Ucs(A_SupportedContainer.java:46) ~[?:?]
	at thing.ground.landscape.C_Landscape.getThingCoord_Ucs(C_Landscape.java:571) ~[?:?]
	at thing.ground.A_SupportedContainer.getCoordinate_Ucs(A_SupportedContainer.java:46) ~[?:?]
	at thing.ground.landscape.C_Landscape.getThingCoord_Ucs(C_Landscape.java:571) ~[?:?]
	at thing.ground.A_SupportedContainer.getCoordinate_Ucs(A_SupportedContainer.java:46) ~[?:?]
	at thing.ground.landscape.C_Landscape.getThingCoord_Ucs(C_Landscape.java:571) ~[?:?]
	at thing.ground.A_SupportedContainer.getCoordinate_Ucs(A_SupportedContainer.java:46) ~[?:?]
	at thing.ground.landscape.C_Landscape.getThingCoord_Ucs(C_Landscape.java:571) ~[?:?]
	at thing.ground.A_SupportedContainer.getCoordinate_Ucs(A_SupportedContainer.java:46) ~[?:?]
	at thing.ground.landscape.C_Landscape.getThingCoord_Ucs(C_Landscape.java:571) ~[?:?]
	at thing.ground.A_SupportedContainer.getCoordinate_Ucs(A_SupportedContainer.java:46) ~[?:?]
	at thing.ground.landscape.C_Landscape.getThingCoord_Ucs(C_Landscape.java:571) ~[?:?]
	at thing.ground.A_SupportedContainer.getCoordinate_Ucs(A_SupportedContainer.java:46) ~[?:?]
	at thing.ground.landscape.C_Landscape.getThingCoord_Ucs(C_Landscape.java:571) ~[?:?]
	at thing.ground.A_SupportedContainer.getCoordinate_Ucs(A_SupportedContainer.java:46) ~[?:?]
	at thing.ground.landscape.C_Landscape.getThingCoord_Ucs(C_Landscape.java:571) ~[?:?]
	at thing.ground.A_SupportedContainer.getCoordinate_Ucs(A_SupportedContainer.java:46) ~[?:?]
	at thing.ground.landscape.C_Landscape.getThingCoord_Ucs(C_Landscape.java:571) ~[?:?]
	at thing.ground.A_SupportedContainer.getCoordinate_Ucs(A_SupportedContainer.java:46) ~[?:?]
	at thing.ground.landscape.C_Landscape.getThingCoord_Ucs(C_Landscape.java:571) ~[?:?]
	at thing.ground.A_SupportedContainer.getCoordinate_Ucs(A_SupportedContainer.java:46) ~[?:?]
	at thing.ground.landscape.C_Landscape.getThingCoord_Ucs(C_Landscape.java:571) ~[?:?]
	at thing.ground.A_SupportedContainer.getCoordinate_Ucs(A_SupportedContainer.java:46) ~[?:?]
	at thing.ground.landscape.C_Landscape.getThingCoord_Ucs(C_Landscape.java:571) ~[?:?]
	at thing.ground.A_SupportedContainer.getCoordinate_Ucs(A_SupportedContainer.java:46) ~[?:?]
	at thing.ground.landscape.C_Landscape.getThingCoord_Ucs(C_Landscape.java:571) ~[?:?]
	at thing.ground.A_SupportedContainer.getCoordinate_Ucs(A_SupportedContainer.java:46) ~[?:?]
	at thing.ground.landscape.C_Landscape.getThingCoord_Ucs(C_Landscape.java:571) ~[?:?]
	at thing.ground.A_SupportedContainer.getCoordinate_Ucs(A_SupportedContainer.java:46) ~[?:?]
	at thing.ground.landscape.C_Landscape.getThingCoord_Ucs(C_Landscape.java:571) ~[?:?]
	at thing.ground.A_SupportedContainer.getCoordinate_Ucs(A_SupportedContainer.java:46) ~[?:?]
	at thing.ground.landscape.C_Landscape.getThingCoord_Ucs(C_Landscape.java:571) ~[?:?]
	at thing.ground.A_SupportedContainer.getCoordinate_Ucs(A_SupportedContainer.java:46) ~[?:?]
	at thing.ground.landscape.C_Landscape.getThingCoord_Ucs(C_Landscape.java:571) ~[?:?]
	at thing.ground.A_SupportedContainer.getCoordinate_Ucs(A_SupportedContainer.java:46) ~[?:?]
	at thing.ground.landscape.C_Landscape.getThingCoord_Ucs(C_Landscape.java:571) ~[?:?]
	at thing.ground.A_SupportedContainer.getCoordinate_Ucs(A_SupportedContainer.java:46) ~[?:?]
	at thing.ground.landscape.C_Landscape.getThingCoord_Ucs(C_Landscape.java:571) ~[?:?]
	at thing.ground.A_SupportedContainer.getCoordinate_Ucs(A_SupportedContainer.java:46) ~[?:?]
	at thing.ground.landscape.C_Landscape.getThingCoord_Ucs(C_Landscape.java:571) ~[?:?]
	at thing.ground.A_SupportedContainer.getCoordinate_Ucs(A_SupportedContainer.java:46) ~[?:?]
	at thing.ground.landscape.C_Landscape.getThingCoord_Ucs(C_Landscape.java:571) ~[?:?]
	at thing.ground.A_SupportedContainer.getCoordinate_Ucs(A_SupportedContainer.java:46) ~[?:?]
	at thing.ground.landscape.C_Landscape.getThingCoord_Ucs(C_Landscape.java:571) ~[?:?]
	at thing.ground.A_SupportedContainer.getCoordinate_Ucs(A_SupportedContainer.java:46) ~[?:?]
	at thing.ground.landscape.C_Landscape.getThingCoord_Ucs(C_Landscape.java:571) ~[?:?]
	at thing.ground.A_SupportedContainer.getCoordinate_Ucs(A_SupportedContainer.java:46) ~[?:?]
	at thing.ground.landscape.C_Landscape.getThingCoord_Ucs(C_Landscape.java:571) ~[?:?]
	at thing.ground.A_SupportedContainer.getCoordinate_Ucs(A_SupportedContainer.java:46) ~[?:?]
	at thing.ground.landscape.C_Landscape.getThingCoord_Ucs(C_Landscape.java:571) ~[?:?]
	at thing.ground.A_SupportedContainer.getCoordinate_Ucs(A_SupportedContainer.java:46) ~[?:?]
	at thing.ground.landscape.C_Landscape.getThingCoord_Ucs(C_Landscape.java:571) ~[?:?]
	at thing.ground.A_SupportedContainer.getCoordinate_Ucs(A_SupportedContainer.java:46) ~[?:?]
	at thing.ground.landscape.C_Landscape.getThingCoord_Ucs(C_Landscape.java:571) ~[?:?]
	at thing.ground.A_SupportedContainer.getCoordinate_Ucs(A_SupportedContainer.java:46) ~[?:?]
	at thing.ground.landscape.C_Landscape.getThingCoord_Ucs(C_Landscape.java:571) ~[?:?]
	at thing.ground.A_SupportedContainer.getCoordinate_Ucs(A_SupportedContainer.java:46) ~[?:?]
	at thing.ground.landscape.C_Landscape.getThingCoord_Ucs(C_Landscape.java:571) ~[?:?]
	at thing.ground.A_SupportedContainer.getCoordinate_Ucs(A_SupportedContainer.java:46) ~[?:?]
	at thing.ground.landscape.C_Landscape.getThingCoord_Ucs(C_Landscape.java:571) ~[?:?]
	at thing.ground.A_SupportedContainer.getCoordinate_Ucs(A_SupportedContainer.java:46) ~[?:?]
	at thing.ground.landscape.C_Landscape.getThingCoord_Ucs(C_Landscape.java:571) ~[?:?]
	at thing.ground.A_SupportedContainer.getCoordinate_Ucs(A_SupportedContainer.java:46) ~[?:?]
	at thing.ground.landscape.C_Landscape.getThingCoord_Ucs(C_Landscape.java:571) ~[?:?]
	at thing.ground.A_SupportedContainer.getCoordinate_Ucs(A_SupportedContainer.java:46) ~[?:?]
	at thing.ground.landscape.C_Landscape.getThingCoord_Ucs(C_Landscape.java:571) ~[?:?]
	at thing.ground.A_SupportedContainer.getCoordinate_Ucs(A_SupportedContainer.java:46) ~[?:?]
	at thing.ground.landscape.C_Landscape.getThingCoord_Ucs(C_Landscape.java:571) ~[?:?]
	at thing.ground.A_SupportedContainer.getCoordinate_Ucs(A_SupportedContainer.java:46) ~[?:?]
	at thing.ground.landscape.C_Landscape.getThingCoord_Ucs(C_Landscape.java:571) ~[?:?]
	at thing.ground.A_SupportedContainer.getCoordinate_Ucs(A_SupportedContainer.java:46) ~[?:?]
	at thing.ground.landscape.C_Landscape.getThingCoord_Ucs(C_Landscape.java:571) ~[?:?]
	at thing.ground.A_SupportedContainer.getCoordinate_Ucs(A_SupportedContainer.java:46) ~[?:?]
	at thing.ground.landscape.C_Landscape.getThingCoord_Ucs(C_Landscape.java:571) ~[?:?]
	at thing.ground.A_SupportedContainer.getCoordinate_Ucs(A_SupportedContainer.java:46) ~[?:?]
	at thing.ground.landscape.C_Landscape.getThingCoord_Ucs(C_Landscape.java:571) ~[?:?]
	at thing.ground.A_SupportedContainer.getCoordinate_Ucs(A_SupportedContainer.java:46) ~[?:?]
	at thing.ground.landscape.C_Landscape.getThingCoord_Ucs(C_Landscape.java:571) ~[?:?]
	at thing.ground.A_SupportedContainer.getCoordinate_Ucs(A_SupportedContainer.java:46) ~[?:?]
	at thing.ground.landscape.C_Landscape.getThingCoord_Ucs(C_Landscape.java:571) ~[?:?]
	at thing.ground.A_SupportedContainer.getCoordinate_Ucs(A_SupportedContainer.java:46) ~[?:?]
	at thing.ground.landscape.C_Landscape.getThingCoord_Ucs(C_Landscape.java:571) ~[?:?]
	at thing.ground.A_SupportedContainer.getCoordinate_Ucs(A_SupportedContainer.java:46) ~[?:?]
	at thing.ground.landscape.C_Landscape.getThingCoord_Ucs(C_Landscape.java:571) ~[?:?]
	at thing.ground.A_SupportedContainer.getCoordinate_Ucs(A_SupportedContainer.java:46) ~[?:?]
	at thing.ground.landscape.C_Landscape.getThingCoord_Ucs(C_Landscape.java:571) ~[?:?]
	at thing.ground.A_SupportedContainer.getCoordinate_Ucs(A_SupportedContainer.java:46) ~[?:?]
	at thing.ground.landscape.C_Landscape.getThingCoord_Ucs(C_Landscape.java:571) ~[?:?]
	at thing.ground.A_SupportedContainer.getCoordinate_Ucs(A_SupportedContainer.java:46) ~[?:?]
	at thing.ground.landscape.C_Landscape.getThingCoord_Ucs(C_Landscape.java:571) ~[?:?]
	at thing.ground.A_SupportedContainer.getCoordinate_Ucs(A_SupportedContainer.java:46) ~[?:?]
	at thing.ground.landscape.C_Landscape.getThingCoord_Ucs(C_Landscape.java:571) ~[?:?]
	at thing.ground.A_SupportedContainer.getCoordinate_Ucs(A_SupportedContainer.java:46) ~[?:?]
	at thing.ground.landscape.C_Landscape.getThingCoord_Ucs(C_Landscape.java:571) ~[?:?]
	at thing.ground.A_SupportedContainer.getCoordinate_Ucs(A_SupportedContainer.java:46) ~[?:?]
	at thing.ground.landscape.C_Landscape.getThingCoord_Ucs(C_Landscape.java:571) ~[?:?]
	at thing.ground.A_SupportedContainer.getCoordinate_Ucs(A_SupportedContainer.java:46) ~[?:?]
	at thing.ground.landscape.C_Landscape.getThingCoord_Ucs(C_Landscape.java:571) ~[?:?]
	at thing.ground.A_SupportedContainer.getCoordinate_Ucs(A_SupportedContainer.java:46) ~[?:?]
	at thing.ground.landscape.C_Landscape.getThingCoord_Ucs(C_Landscape.java:571) ~[?:?]
	at thing.ground.A_SupportedContainer.getCoordinate_Ucs(A_SupportedContainer.java:46) ~[?:?]
	at thing.ground.landscape.C_Landscape.getThingCoord_Ucs(C_Landscape.java:571) ~[?:?]
	at thing.ground.A_SupportedContainer.getCoordinate_Ucs(A_SupportedContainer.java:46) ~[?:?]
	at thing.ground.landscape.C_Landscape.getThingCoord_Ucs(C_Landscape.java:571) ~[?:?]
	at thing.ground.A_SupportedContainer.getCoordinate_Ucs(A_SupportedContainer.java:46) ~[?:?]
	at thing.ground.landscape.C_Landscape.getThingCoord_Ucs(C_Landscape.java:571) ~[?:?]
	at thing.ground.A_SupportedContainer.getCoordinate_Ucs(A_SupportedContainer.java:46) ~[?:?]
	at thing.ground.landscape.C_Landscape.getThingCoord_Ucs(C_Landscape.java:571) ~[?:?]
	at thing.ground.A_SupportedContainer.getCoordinate_Ucs(A_SupportedContainer.java:46) ~[?:?]
	at thing.ground.landscape.C_Landscape.getThingCoord_Ucs(C_Landscape.java:571) ~[?:?]
	at thing.ground.A_SupportedContainer.getCoordinate_Ucs(A_SupportedContainer.java:46) ~[?:?]
	at thing.ground.landscape.C_Landscape.getThingCoord_Ucs(C_Landscape.java:571) ~[?:?]
	at thing.ground.A_SupportedContainer.getCoordinate_Ucs(A_SupportedContainer.java:46) ~[?:?]
	at thing.ground.landscape.C_Landscape.getThingCoord_Ucs(C_Landscape.java:571) ~[?:?]
	at thing.ground.A_SupportedContainer.getCoordinate_Ucs(A_SupportedContainer.java:46) ~[?:?]
	at thing.ground.landscape.C_Landscape.getThingCoord_Ucs(C_Landscape.java:571) ~[?:?]
	at thing.ground.A_SupportedContainer.getCoordinate_Ucs(A_SupportedContainer.java:46) ~[?:?]
	at thing.ground.landscape.C_Landscape.getThingCoord_Ucs(C_Landscape.java:571) ~[?:?]
	at thing.ground.A_SupportedContainer.getCoordinate_Ucs(A_SupportedContainer.java:46) ~[?:?]
	at thing.ground.landscape.C_Landscape.getThingCoord_Ucs(C_Landscape.java:571) ~[?:?]
	at thing.ground.A_SupportedContainer.getCoordinate_Ucs(A_SupportedContainer.java:46) ~[?:?]
	at thing.ground.landscape.C_Landscape.getThingCoord_Ucs(C_Landscape.java:571) ~[?:?]
	at thing.ground.A_SupportedContainer.getCoordinate_Ucs(A_SupportedContainer.java:46) ~[?:?]
	at thing.ground.landscape.C_Landscape.getThingCoord_Ucs(C_Landscape.java:571) ~[?:?]
	at thing.ground.A_SupportedContainer.getCoordinate_Ucs(A_SupportedContainer.java:46) ~[?:?]
	at thing.ground.landscape.C_Landscape.getThingCoord_Ucs(C_Landscape.java:571) ~[?:?]
	at thing.ground.A_SupportedContainer.getCoordinate_Ucs(A_SupportedContainer.java:46) ~[?:?]
	at thing.ground.landscape.C_Landscape.getThingCoord_Ucs(C_Landscape.java:571) ~[?:?]
	at thing.ground.A_SupportedContainer.getCoordinate_Ucs(A_SupportedContainer.java:46) ~[?:?]
	at thing.ground.landscape.C_Landscape.getThingCoord_Ucs(C_Landscape.java:571) ~[?:?]
	at thing.ground.A_SupportedContainer.getCoordinate_Ucs(A_SupportedContainer.java:46) ~[?:?]
	at thing.ground.landscape.C_Landscape.getThingCoord_Ucs(C_Landscape.java:571) ~[?:?]
	at thing.ground.A_SupportedContainer.getCoordinate_Ucs(A_SupportedContainer.java:46) ~[?:?]
	at thing.ground.landscape.C_Landscape.getThingCoord_Ucs(C_Landscape.java:571) ~[?:?]
	at thing.ground.A_SupportedContainer.getCoordinate_Ucs(A_SupportedContainer.java:46) ~[?:?]
	at thing.ground.landscape.C_Landscape.getThingCoord_Ucs(C_Landscape.java:571) ~[?:?]
	at thing.ground.A_SupportedContainer.getCoordinate_Ucs(A_SupportedContainer.java:46) ~[?:?]
	at thing.ground.landscape.C_Landscape.getThingCoord_Ucs(C_Landscape.java:571) ~[?:?]
	at thing.ground.A_SupportedContainer.getCoordinate_Ucs(A_SupportedContainer.java:46) ~[?:?]
	at thing.ground.landscape.C_Landscape.getThingCoord_Ucs(C_Landscape.java:571) ~[?:?]
	at thing.ground.A_SupportedContainer.getCoordinate_Ucs(A_SupportedContainer.java:46) ~[?:?]
	at thing.ground.landscape.C_Landscape.getThingCoord_Ucs(C_Landscape.java:571) ~[?:?]
	at thing.ground.A_SupportedContainer.getCoordinate_Ucs(A_SupportedContainer.java:46) ~[?:?]
	at thing.ground.landscape.C_Landscape.getThingCoord_Ucs(C_Landscape.java:571) ~[?:?]
	at thing.ground.A_SupportedContainer.getCoordinate_Ucs(A_SupportedContainer.java:46) ~[?:?]
	at thing.ground.landscape.C_Landscape.getThingCoord_Ucs(C_Landscape.java:571) ~[?:?]
	at thing.ground.A_SupportedContainer.getCoordinate_Ucs(A_SupportedContainer.java:46) ~[?:?]
	at thing.ground.landscape.C_Landscape.getThingCoord_Ucs(C_Landscape.java:571) ~[?:?]
	at thing.ground.A_SupportedContainer.getCoordinate_Ucs(A_SupportedContainer.java:46) ~[?:?]
	at thing.ground.landscape.C_Landscape.getThingCoord_Ucs(C_Landscape.java:571) ~[?:?]
	at thing.ground.A_SupportedContainer.getCoordinate_Ucs(A_SupportedContainer.java:46) ~[?:?]
	at thing.ground.landscape.C_Landscape.getThingCoord_Ucs(C_Landscape.java:571) ~[?:?]
	at thing.ground.A_SupportedContainer.getCoordinate_Ucs(A_SupportedContainer.java:46) ~[?:?]
	at thing.ground.landscape.C_Landscape.getThingCoord_Ucs(C_Landscape.java:571) ~[?:?]
	at thing.ground.A_SupportedContainer.getCoordinate_Ucs(A_SupportedContainer.java:46) ~[?:?]
	at thing.ground.landscape.C_Landscape.getThingCoord_Ucs(C_Landscape.java:571) ~[?:?]
	at thing.ground.A_SupportedContainer.getCoordinate_Ucs(A_SupportedContainer.java:46) ~[?:?]
	at thing.ground.landscape.C_Landscape.getThingCoord_Ucs(C_Landscape.java:571) ~[?:?]
	at thing.ground.A_SupportedContainer.getCoordinate_Ucs(A_SupportedContainer.java:46) ~[?:?]
	at thing.ground.landscape.C_Landscape.getThingCoord_Ucs(C_Landscape.java:571) ~[?:?]
	at thing.ground.A_SupportedContainer.getCoordinate_Ucs(A_SupportedContainer.java:46) ~[?:?]
	at thing.ground.landscape.C_Landscape.getThingCoord_Ucs(C_Landscape.java:571) ~[?:?]
	at thing.ground.A_SupportedContainer.getCoordinate_Ucs(A_SupportedContainer.java:46) ~[?:?]
	at thing.ground.landscape.C_Landscape.getThingCoord_Ucs(C_Landscape.java:571) ~[?:?]
	at thing.ground.A_SupportedContainer.getCoordinate_Ucs(A_SupportedContainer.java:46) ~[?:?]
	at thing.ground.landscape.C_Landscape.getThingCoord_Ucs(C_Landscape.java:571) ~[?:?]
	at thing.ground.A_SupportedContainer.getCoordinate_Ucs(A_SupportedContainer.java:46) ~[?:?]
	at thing.ground.landscape.C_Landscape.getThingCoord_Ucs(C_Landscape.java:571) ~[?:?]
	at thing.ground.A_SupportedContainer.getCoordinate_Ucs(A_SupportedContainer.java:46) ~[?:?]
	at thing.ground.landscape.C_Landscape.getThingCoord_Ucs(C_Landscape.java:571) ~[?:?]
	at thing.ground.A_SupportedContainer.getCoordinate_Ucs(A_SupportedContainer.java:46) ~[?:?]
	at thing.ground.landscape.C_Landscape.getThingCoord_Ucs(C_Landscape.java:571) ~[?:?]
	at thing.ground.A_SupportedContainer.getCoordinate_Ucs(A_SupportedContainer.java:46) ~[?:?]
	at thing.ground.landscape.C_Landscape.getThingCoord_Ucs(C_Landscape.java:571) ~[?:?]
	at thing.ground.A_SupportedContainer.getCoordinate_Ucs(A_SupportedContainer.java:46) ~[?:?]
	at thing.ground.landscape.C_Landscape.getThingCoord_Ucs(C_Landscape.java:571) ~[?:?]
	at thing.ground.A_SupportedContainer.getCoordinate_Ucs(A_SupportedContainer.java:46) ~[?:?]
	at thing.ground.landscape.C_Landscape.getThingCoord_Ucs(C_Landscape.java:571) ~[?:?]
	at thing.ground.A_SupportedContainer.getCoordinate_Ucs(A_SupportedContainer.java:46) ~[?:?]
	at thing.ground.landscape.C_Landscape.getThingCoord_Ucs(C_Landscape.java:571) ~[?:?]
	at thing.ground.A_SupportedContainer.getCoordinate_Ucs(A_SupportedContainer.java:46) ~[?:?]
	at thing.ground.landscape.C_Landscape.getThingCoord_Ucs(C_Landscape.java:571) ~[?:?]
	at thing.ground.A_SupportedContainer.getCoordinate_Ucs(A_SupportedContainer.java:46) ~[?:?]
	at thing.ground.landscape.C_Landscape.getThingCoord_Ucs(C_Landscape.java:571) ~[?:?]
	at thing.ground.A_SupportedContainer.getCoordinate_Ucs(A_SupportedContainer.java:46) ~[?:?]
	at thing.ground.landscape.C_Landscape.getThingCoord_Ucs(C_Landscape.java:571) ~[?:?]
	at thing.ground.A_SupportedContainer.getCoordinate_Ucs(A_SupportedContainer.java:46) ~[?:?]
	at thing.ground.landscape.C_Landscape.getThingCoord_Ucs(C_Landscape.java:571) ~[?:?]
	at thing.ground.A_SupportedContainer.getCoordinate_Ucs(A_SupportedContainer.java:46) ~[?:?]
	at thing.ground.landscape.C_Landscape.getThingCoord_Ucs(C_Landscape.java:571) ~[?:?]
	at thing.ground.A_SupportedContainer.getCoordinate_Ucs(A_SupportedContainer.java:46) ~[?:?]
	at thing.ground.landscape.C_Landscape.getThingCoord_Ucs(C_Landscape.java:571) ~[?:?]
	at thing.ground.A_SupportedContainer.getCoordinate_Ucs(A_SupportedContainer.java:46) ~[?:?]
	at thing.ground.landscape.C_Landscape.getThingCoord_Ucs(C_Landscape.java:571) ~[?:?]
	at thing.ground.A_SupportedContainer.getCoordinate_Ucs(A_SupportedContainer.java:46) ~[?:?]
	at thing.ground.landscape.C_Landscape.getThingCoord_Ucs(C_Landscape.java:571) ~[?:?]
	at thing.ground.A_SupportedContainer.getCoordinate_Ucs(A_SupportedContainer.java:46) ~[?:?]
	at thing.ground.landscape.C_Landscape.getThingCoord_Ucs(C_Landscape.java:571) ~[?:?]
	at thing.ground.A_SupportedContainer.getCoordinate_Ucs(A_SupportedContainer.java:46) ~[?:?]
	at thing.ground.landscape.C_Landscape.getThingCoord_Ucs(C_Landscape.java:571) ~[?:?]
	at thing.ground.A_SupportedContainer.getCoordinate_Ucs(A_SupportedContainer.java:46) ~[?:?]
	at thing.ground.landscape.C_Landscape.getThingCoord_Ucs(C_Landscape.java:571) ~[?:?]
	at thing.ground.A_SupportedContainer.getCoordinate_Ucs(A_SupportedContainer.java:46) ~[?:?]
	at thing.ground.landscape.C_Landscape.getThingCoord_Ucs(C_Landscape.java:571) ~[?:?]
	at thing.ground.A_SupportedContainer.getCoordinate_Ucs(A_SupportedContainer.java:46) ~[?:?]
	at thing.ground.landscape.C_Landscape.getThingCoord_Ucs(C_Landscape.java:571) ~[?:?]
	at thing.ground.A_SupportedContainer.getCoordinate_Ucs(A_SupportedContainer.java:46) ~[?:?]
	at thing.ground.landscape.C_Landscape.getThingCoord_Ucs(C_Landscape.java:571) ~[?:?]
	at thing.ground.A_SupportedContainer.getCoordinate_Ucs(A_SupportedContainer.java:46) ~[?:?]
	at thing.ground.landscape.C_Landscape.getThingCoord_Ucs(C_Landscape.java:571) ~[?:?]
	at thing.ground.A_SupportedContainer.getCoordinate_Ucs(A_SupportedContainer.java:46) ~[?:?]
	at thing.ground.landscape.C_Landscape.getThingCoord_Ucs(C_Landscape.java:571) ~[?:?]
	at thing.ground.A_SupportedContainer.getCoordinate_Ucs(A_SupportedContainer.java:46) ~[?:?]
	at thing.ground.landscape.C_Landscape.getThingCoord_Ucs(C_Landscape.java:571) ~[?:?]
	at thing.ground.A_SupportedContainer.getCoordinate_Ucs(A_SupportedContainer.java:46) ~[?:?]
	at thing.ground.landscape.C_Landscape.getThingCoord_Ucs(C_Landscape.java:571) ~[?:?]
	at thing.ground.A_SupportedContainer.getCoordinate_Ucs(A_SupportedContainer.java:46) ~[?:?]
	at thing.ground.landscape.C_Landscape.getThingCoord_Ucs(C_Landscape.java:571) ~[?:?]
	at thing.ground.A_SupportedContainer.getCoordinate_Ucs(A_SupportedContainer.java:46) ~[?:?]
	at thing.ground.landscape.C_Landscape.getThingCoord_Ucs(C_Landscape.java:571) ~[?:?]
	at thing.ground.A_SupportedContainer.getCoordinate_Ucs(A_SupportedContainer.java:46) ~[?:?]
	at thing.ground.landscape.C_Landscape.getThingCoord_Ucs(C_Landscape.java:571) ~[?:?]
	at thing.ground.A_SupportedContainer.getCoordinate_Ucs(A_SupportedContainer.java:46) ~[?:?]
	at thing.ground.landscape.C_Landscape.getThingCoord_Ucs(C_Landscape.java:571) ~[?:?]
	at thing.ground.A_SupportedContainer.getCoordinate_Ucs(A_SupportedContainer.java:46) ~[?:?]
	at thing.ground.landscape.C_Landscape.getThingCoord_Ucs(C_Landscape.java:571) ~[?:?]
	at thing.ground.A_SupportedContainer.getCoordinate_Ucs(A_SupportedContainer.java:46) ~[?:?]
	at thing.ground.landscape.C_Landscape.getThingCoord_Ucs(C_Landscape.java:571) ~[?:?]
	at thing.ground.A_SupportedContainer.getCoordinate_Ucs(A_SupportedContainer.java:46) ~[?:?]
	at thing.ground.landscape.C_Landscape.getThingCoord_Ucs(C_Landscape.java:571) ~[?:?]
	at thing.ground.A_SupportedContainer.getCoordinate_Ucs(A_SupportedContainer.java:46) ~[?:?]
	at thing.ground.landscape.C_Landscape.getThingCoord_Ucs(C_Landscape.java:571) ~[?:?]
	at thing.ground.A_SupportedContainer.getCoordinate_Ucs(A_SupportedContainer.java:46) ~[?:?]
	at thing.ground.landscape.C_Landscape.getThingCoord_Ucs(C_Landscape.java:571) ~[?:?]
	at thing.ground.A_SupportedContainer.getCoordinate_Ucs(A_SupportedContainer.java:46) ~[?:?]
	at thing.ground.landscape.C_Landscape.getThingCoord_Ucs(C_Landscape.java:571) ~[?:?]
	at thing.ground.A_SupportedContainer.getCoordinate_Ucs(A_SupportedContainer.java:46) ~[?:?]
	at thing.ground.landscape.C_Landscape.getThingCoord_Ucs(C_Landscape.java:571) ~[?:?]
	at thing.ground.A_SupportedContainer.getCoordinate_Ucs(A_SupportedContainer.java:46) ~[?:?]
	at thing.ground.landscape.C_Landscape.getThingCoord_Ucs(C_Landscape.java:571) ~[?:?]
	at thing.ground.A_SupportedContainer.getCoordinate_Ucs(A_SupportedContainer.java:46) ~[?:?]
	at thing.ground.landscape.C_Landscape.getThingCoord_Ucs(C_Landscape.java:571) ~[?:?]
	at thing.ground.A_SupportedContainer.getCoordinate_Ucs(A_SupportedContainer.java:46) ~[?:?]
	at thing.ground.landscape.C_Landscape.getThingCoord_Ucs(C_Landscape.java:571) ~[?:?]
	at thing.ground.A_SupportedContainer.getCoordinate_Ucs(A_SupportedContainer.java:46) ~[?:?]
	at thing.ground.landscape.C_Landscape.getThingCoord_Ucs(C_Landscape.java:571) ~[?:?]
	at thing.ground.A_SupportedContainer.getCoordinate_Ucs(A_SupportedContainer.java:46) ~[?:?]
	at thing.ground.landscape.C_Landscape.getThingCoord_Ucs(C_Landscape.java:571) ~[?:?]
	at thing.ground.A_SupportedContainer.getCoordinate_Ucs(A_SupportedContainer.java:46) ~[?:?]
	at thing.ground.landscape.C_Landscape.getThingCoord_Ucs(C_Landscape.java:571) ~[?:?]
	at thing.ground.A_SupportedContainer.getCoordinate_Ucs(A_SupportedContainer.java:46) ~[?:?]
	at thing.ground.landscape.C_Landscape.getThingCoord_Ucs(C_Landscape.java:571) ~[?:?]
	at thing.ground.A_SupportedContainer.getCoordinate_Ucs(A_SupportedContainer.java:46) ~[?:?]
	at thing.ground.landscape.C_Landscape.getThingCoord_Ucs(C_Landscape.java:571) ~[?:?]
	at thing.ground.A_SupportedContainer.getCoordinate_Ucs(A_SupportedContainer.java:46) ~[?:?]
	at thing.ground.landscape.C_Landscape.getThingCoord_Ucs(C_Landscape.java:571) ~[?:?]
	at thing.ground.A_SupportedContainer.getCoordinate_Ucs(A_SupportedContainer.java:46) ~[?:?]
	at thing.ground.landscape.C_Landscape.getThingCoord_Ucs(C_Landscape.java:571) ~[?:?]
	at thing.ground.A_SupportedContainer.getCoordinate_Ucs(A_SupportedContainer.java:46) ~[?:?]
	at thing.ground.landscape.C_Landscape.getThingCoord_Ucs(C_Landscape.java:571) ~[?:?]
	at thing.ground.A_SupportedContainer.getCoordinate_Ucs(A_SupportedContainer.java:46) ~[?:?]
	at thing.ground.landscape.C_Landscape.getThingCoord_Ucs(C_Landscape.java:571) ~[?:?]
	at thing.ground.A_SupportedContainer.getCoordinate_Ucs(A_SupportedContainer.java:46) ~[?:?]
	at thing.ground.landscape.C_Landscape.getThingCoord_Ucs(C_Landscape.java:571) ~[?:?]
	at thing.ground.A_SupportedContainer.getCoordinate_Ucs(A_SupportedContainer.java:46) ~[?:?]
	at thing.ground.landscape.C_Landscape.getThingCoord_Ucs(C_Landscape.java:571) ~[?:?]
	at thing.ground.A_SupportedContainer.getCoordinate_Ucs(A_SupportedContainer.java:46) ~[?:?]
	at thing.ground.landscape.C_Landscape.getThingCoord_Ucs(C_Landscape.java:571) ~[?:?]
	at thing.ground.A_SupportedContainer.getCoordinate_Ucs(A_SupportedContainer.java:46) ~[?:?]
	at thing.ground.landscape.C_Landscape.getThingCoord_Ucs(C_Landscape.java:571) ~[?:?]
	at thing.ground.A_SupportedContainer.getCoordinate_Ucs(A_SupportedContainer.java:46) ~[?:?]
	at thing.ground.landscape.C_Landscape.getThingCoord_Ucs(C_Landscape.java:571) ~[?:?]
	at thing.ground.A_SupportedContainer.getCoordinate_Ucs(A_SupportedContainer.java:46) ~[?:?]
	at thing.ground.landscape.C_Landscape.getThingCoord_Ucs(C_Landscape.java:571) ~[?:?]
	at thing.ground.A_SupportedContainer.getCoordinate_Ucs(A_SupportedContainer.java:46) ~[?:?]
	at thing.ground.landscape.C_Landscape.getThingCoord_Ucs(C_Landscape.java:571) ~[?:?]
	at thing.ground.A_SupportedContainer.getCoordinate_Ucs(A_SupportedContainer.java:46) ~[?:?]
	at thing.ground.landscape.C_Landscape.getThingCoord_Ucs(C_Landscape.java:571) ~[?:?]
	at thing.ground.A_SupportedContainer.getCoordinate_Ucs(A_SupportedContainer.java:46) ~[?:?]
	at thing.ground.landscape.C_Landscape.getThingCoord_Ucs(C_Landscape.java:571) ~[?:?]
	at thing.ground.A_SupportedContainer.getCoordinate_Ucs(A_SupportedContainer.java:46) ~[?:?]
	at thing.ground.landscape.C_Landscape.getThingCoord_Ucs(C_Landscape.java:571) ~[?:?]
	at thing.ground.A_SupportedContainer.getCoordinate_Ucs(A_SupportedContainer.java:46) ~[?:?]
	at thing.ground.landscape.C_Landscape.getThingCoord_Ucs(C_Landscape.java:571) ~[?:?]
	at thing.ground.A_SupportedContainer.getCoordinate_Ucs(A_SupportedContainer.java:46) ~[?:?]
	at thing.ground.landscape.C_Landscape.getThingCoord_Ucs(C_Landscape.java:571) ~[?:?]
	at thing.ground.A_SupportedContainer.getCoordinate_Ucs(A_SupportedContainer.java:46) ~[?:?]
	at thing.ground.landscape.C_Landscape.getThingCoord_Ucs(C_Landscape.java:571) ~[?:?]
	at thing.ground.A_SupportedContainer.getCoordinate_Ucs(A_SupportedContainer.java:46) ~[?:?]
	at thing.ground.landscape.C_Landscape.getThingCoord_Ucs(C_Landscape.java:571) ~[?:?]
	at thing.ground.A_SupportedContainer.getCoordinate_Ucs(A_SupportedContainer.java:46) ~[?:?]
	at thing.ground.landscape.C_Landscape.getThingCoord_Ucs(C_Landscape.java:571) ~[?:?]
	at thing.ground.A_SupportedContainer.getCoordinate_Ucs(A_SupportedContainer.java:46) ~[?:?]
	at thing.ground.landscape.C_Landscape.getThingCoord_Ucs(C_Landscape.java:571) ~[?:?]
	at thing.ground.A_SupportedContainer.getCoordinate_Ucs(A_SupportedContainer.java:46) ~[?:?]
	at thing.ground.landscape.C_Landscape.getThingCoord_Ucs(C_Landscape.java:571) ~[?:?]
	at thing.ground.A_SupportedContainer.getCoordinate_Ucs(A_SupportedContainer.java:46) ~[?:?]
	at thing.ground.landscape.C_Landscape.getThingCoord_Ucs(C_Landscape.java:571) ~[?:?]
	at thing.ground.A_SupportedContainer.getCoordinate_Ucs(A_SupportedContainer.java:46) ~[?:?]
	at thing.ground.landscape.C_Landscape.getThingCoord_Ucs(C_Landscape.java:571) ~[?:?]
	at thing.ground.A_SupportedContainer.getCoordinate_Ucs(A_SupportedContainer.java:46) ~[?:?]
	at thing.ground.landscape.C_Landscape.getThingCoord_Ucs(C_Landscape.java:571) ~[?:?]
	at thing.ground.A_SupportedContainer.getCoordinate_Ucs(A_SupportedContainer.java:46) ~[?:?]
	at thing.ground.landscape.C_Landscape.getThingCoord_Ucs(C_Landscape.java:571) ~[?:?]
	at thing.ground.A_SupportedContainer.getCoordinate_Ucs(A_SupportedContainer.java:46) ~[?:?]
	at thing.ground.landscape.C_Landscape.getThingCoord_Ucs(C_Landscape.java:571) ~[?:?]
	at thing.ground.A_SupportedContainer.getCoordinate_Ucs(A_SupportedContainer.java:46) ~[?:?]
	at thing.ground.landscape.C_Landscape.getThingCoord_Ucs(C_Landscape.java:571) ~[?:?]
	at thing.ground.A_SupportedContainer.getCoordinate_Ucs(A_SupportedContainer.java:46) ~[?:?]
	at thing.ground.landscape.C_Landscape.getThingCoord_Ucs(C_Landscape.java:571) ~[?:?]
	at thing.ground.A_SupportedContainer.getCoordinate_Ucs(A_SupportedContainer.java:46) ~[?:?]
	at thing.ground.landscape.C_Landscape.getThingCoord_Ucs(C_Landscape.java:571) ~[?:?]
	at thing.ground.A_SupportedContainer.getCoordinate_Ucs(A_SupportedContainer.java:46) ~[?:?]
	at thing.ground.landscape.C_Landscape.getThingCoord_Ucs(C_Landscape.java:571) ~[?:?]
	at thing.ground.A_SupportedContainer.getCoordinate_Ucs(A_SupportedContainer.java:46) ~[?:?]
	at thing.ground.landscape.C_Landscape.getThingCoord_Ucs(C_Landscape.java:571) ~[?:?]
	at thing.ground.A_SupportedContainer.getCoordinate_Ucs(A_SupportedContainer.java:46) ~[?:?]
	at thing.ground.landscape.C_Landscape.getThingCoord_Ucs(C_Landscape.java:571) ~[?:?]
	at thing.ground.A_SupportedContainer.getCoordinate_Ucs(A_SupportedContainer.java:46) ~[?:?]
	at thing.ground.landscape.C_Landscape.getThingCoord_Ucs(C_Landscape.java:571) ~[?:?]
	at thing.ground.A_SupportedContainer.getCoordinate_Ucs(A_SupportedContainer.java:46) ~[?:?]
	at thing.ground.landscape.C_Landscape.getThingCoord_Ucs(C_Landscape.java:571) ~[?:?]
	at thing.ground.A_SupportedContainer.getCoordinate_Ucs(A_SupportedContainer.java:46) ~[?:?]
	at thing.ground.landscape.C_Landscape.getThingCoord_Ucs(C_Landscape.java:571) ~[?:?]
	at thing.ground.A_SupportedContainer.getCoordinate_Ucs(A_SupportedContainer.java:46) ~[?:?]
	at thing.ground.landscape.C_Landscape.getThingCoord_Ucs(C_Landscape.java:571) ~[?:?]
	at thing.ground.A_SupportedContainer.getCoordinate_Ucs(A_SupportedContainer.java:46) ~[?:?]
	at thing.ground.landscape.C_Landscape.getThingCoord_Ucs(C_Landscape.java:571) ~[?:?]
	at thing.ground.A_SupportedContainer.getCoordinate_Ucs(A_SupportedContainer.java:46) ~[?:?]
	at thing.ground.landscape.C_Landscape.getThingCoord_Ucs(C_Landscape.java:571) ~[?:?]
	at thing.ground.A_SupportedContainer.getCoordinate_Ucs(A_SupportedContainer.java:46) ~[?:?]
	at thing.ground.landscape.C_Landscape.getThingCoord_Ucs(C_Landscape.java:571) ~[?:?]
	at thing.ground.A_SupportedContainer.getCoordinate_Ucs(A_SupportedContainer.java:46) ~[?:?]
	at thing.ground.landscape.C_Landscape.getThingCoord_Ucs(C_Landscape.java:571) ~[?:?]
	at thing.ground.A_SupportedContainer.getCoordinate_Ucs(A_SupportedContainer.java:46) ~[?:?]
	at thing.ground.landscape.C_Landscape.getThingCoord_Ucs(C_Landscape.java:571) ~[?:?]
	at thing.ground.A_SupportedContainer.getCoordinate_Ucs(A_SupportedContainer.java:46) ~[?:?]
	at thing.ground.landscape.C_Landscape.getThingCoord_Ucs(C_Landscape.java:571) ~[?:?]
	at thing.ground.A_SupportedContainer.getCoordinate_Ucs(A_SupportedContainer.java:46) ~[?:?]
	at thing.ground.landscape.C_Landscape.getThingCoord_Ucs(C_Landscape.java:571) ~[?:?]
	at thing.ground.A_SupportedContainer.getCoordinate_Ucs(A_SupportedContainer.java:46) ~[?:?]
	at thing.ground.landscape.C_Landscape.getThingCoord_Ucs(C_Landscape.java:571) ~[?:?]
	at thing.ground.A_SupportedContainer.getCoordinate_Ucs(A_SupportedContainer.java:46) ~[?:?]
	at thing.ground.landscape.C_Landscape.getThingCoord_Ucs(C_Landscape.java:571) ~[?:?]
	at thing.ground.A_SupportedContainer.getCoordinate_Ucs(A_SupportedContainer.java:46) ~[?:?]
	at thing.ground.landscape.C_Landscape.getThingCoord_Ucs(C_Landscape.java:571) ~[?:?]
	at thing.ground.A_SupportedContainer.getCoordinate_Ucs(A_SupportedContainer.java:46) ~[?:?]
	at thing.ground.landscape.C_Landscape.getThingCoord_Ucs(C_Landscape.java:571) ~[?:?]
	at thing.ground.A_SupportedContainer.getCoordinate_Ucs(A_SupportedContainer.java:46) ~[?:?]
	at thing.ground.landscape.C_Landscape.getThingCoord_Ucs(C_Landscape.java:571) ~[?:?]
	at thing.ground.A_SupportedContainer.getCoordinate_Ucs(A_SupportedContainer.java:46) ~[?:?]
	at thing.ground.landscape.C_Landscape.getThingCoord_Ucs(C_Landscape.java:571) ~[?:?]
	at thing.ground.A_SupportedContainer.getCoordinate_Ucs(A_SupportedContainer.java:46) ~[?:?]
	at thing.ground.landscape.C_Landscape.getThingCoord_Ucs(C_Landscape.java:571) ~[?:?]
	at thing.ground.A_SupportedContainer.getCoordinate_Ucs(A_SupportedContainer.java:46) ~[?:?]
	at thing.ground.landscape.C_Landscape.getThingCoord_Ucs(C_Landscape.java:571) ~[?:?]
	at thing.ground.A_SupportedContainer.getCoordinate_Ucs(A_SupportedContainer.java:46) ~[?:?]
	at thing.ground.landscape.C_Landscape.getThingCoord_Ucs(C_Landscape.java:571) ~[?:?]
	at thing.ground.A_SupportedContainer.getCoordinate_Ucs(A_SupportedContainer.java:46) ~[?:?]
	at thing.ground.landscape.C_Landscape.getThingCoord_Ucs(C_Landscape.java:571) ~[?:?]
	at thing.ground.A_SupportedContainer.getCoordinate_Ucs(A_SupportedContainer.java:46) ~[?:?]
	at thing.ground.landscape.C_Landscape.getThingCoord_Ucs(C_Landscape.java:571) ~[?:?]
	at thing.ground.A_SupportedContainer.getCoordinate_Ucs(A_SupportedContainer.java:46) ~[?:?]
	at thing.ground.landscape.C_Landscape.getThingCoord_Ucs(C_Landscape.java:571) ~[?:?]
	at thing.ground.A_SupportedContainer.getCoordinate_Ucs(A_SupportedContainer.java:46) ~[?:?]
	at thing.ground.landscape.C_Landscape.getThingCoord_Ucs(C_Landscape.java:571) ~[?:?]
	at thing.ground.A_SupportedContainer.getCoordinate_Ucs(A_SupportedContainer.java:46) ~[?:?]
	at thing.ground.landscape.C_Landscape.getThingCoord_Ucs(C_Landscape.java:571) ~[?:?]
	at thing.ground.A_SupportedContainer.getCoordinate_Ucs(A_SupportedContainer.java:46) ~[?:?]
	at thing.ground.landscape.C_Landscape.getThingCoord_Ucs(C_Landscape.java:571) ~[?:?]
	at thing.ground.A_SupportedContainer.getCoordinate_Ucs(A_SupportedContainer.java:46) ~[?:?]
	at thing.ground.landscape.C_Landscape.getThingCoord_Ucs(C_Landscape.java:571) ~[?:?]
	at thing.ground.A_SupportedContainer.getCoordinate_Ucs(A_SupportedContainer.java:46) ~[?:?]
	at thing.ground.landscape.C_Landscape.getThingCoord_Ucs(C_Landscape.java:571) ~[?:?]
	at thing.ground.A_SupportedContainer.getCoordinate_Ucs(A_SupportedContainer.java:46) ~[?:?]
	at thing.ground.landscape.C_Landscape.getThingCoord_Ucs(C_Landscape.java:571) ~[?:?]
	at thing.ground.A_SupportedContainer.getCoordinate_Ucs(A_SupportedContainer.java:46) ~[?:?]
	at thing.ground.landscape.C_Landscape.getThingCoord_Ucs(C_Landscape.java:571) ~[?:?]
	at thing.ground.A_SupportedContainer.getCoordinate_Ucs(A_SupportedContainer.java:46) ~[?:?]
	at thing.ground.landscape.C_Landscape.getThingCoord_Ucs(C_Landscape.java:571) ~[?:?]
	at thing.ground.A_SupportedContainer.getCoordinate_Ucs(A_SupportedContainer.java:46) ~[?:?]
	at thing.ground.landscape.C_Landscape.getThingCoord_Ucs(C_Landscape.java:571) ~[?:?]
	at thing.ground.A_SupportedContainer.getCoordinate_Ucs(A_SupportedContainer.java:46) ~[?:?]
	at thing.ground.landscape.C_Landscape.getThingCoord_Ucs(C_Landscape.java:571) ~[?:?]
	at thing.ground.A_SupportedContainer.getCoordinate_Ucs(A_SupportedContainer.java:46) ~[?:?]
	at thing.ground.landscape.C_Landscape.getThingCoord_Ucs(C_Landscape.java:571) ~[?:?]
	at thing.ground.A_SupportedContainer.getCoordinate_Ucs(A_SupportedContainer.java:46) ~[?:?]
	at thing.ground.landscape.C_Landscape.getThingCoord_Ucs(C_Landscape.java:571) ~[?:?]
	at thing.ground.A_SupportedContainer.getCoordinate_Ucs(A_SupportedContainer.java:46) ~[?:?]
	at thing.ground.landscape.C_Landscape.getThingCoord_Ucs(C_Landscape.java:571) ~[?:?]
	at thing.ground.A_SupportedContainer.getCoordinate_Ucs(A_SupportedContainer.java:46) ~[?:?]
	at thing.ground.landscape.C_Landscape.getThingCoord_Ucs(C_Landscape.java:571) ~[?:?]
	at thing.ground.A_SupportedContainer.getCoordinate_Ucs(A_SupportedContainer.java:46) ~[?:?]
	at thing.ground.landscape.C_Landscape.getThingCoord_Ucs(C_Landscape.java:571) ~[?:?]
	at thing.ground.A_SupportedContainer.getCoordinate_Ucs(A_SupportedContainer.java:46) ~[?:?]
	at thing.ground.landscape.C_Landscape.getThingCoord_Ucs(C_Landscape.java:571) ~[?:?]
	at thing.ground.A_SupportedContainer.getCoordinate_Ucs(A_SupportedContainer.java:46) ~[?:?]
	at thing.ground.landscape.C_Landscape.getThingCoord_Ucs(C_Landscape.java:571) ~[?:?]
	at thing.ground.A_SupportedContainer.getCoordinate_Ucs(A_SupportedContainer.java:46) ~[?:?]
	at thing.ground.landscape.C_Landscape.getThingCoord_Ucs(C_Landscape.java:571) ~[?:?]
	at thing.ground.A_SupportedContainer.getCoordinate_Ucs(A_SupportedContainer.java:46) ~[?:?]
	at thing.ground.landscape.C_Landscape.getThingCoord_Ucs(C_Landscape.java:571) ~[?:?]
	at thing.ground.A_SupportedContainer.getCoordinate_Ucs(A_SupportedContainer.java:46) ~[?:?]
	at thing.ground.landscape.C_Landscape.getThingCoord_Ucs(C_Landscape.java:571) ~[?:?]
	at thing.ground.A_SupportedContainer.getCoordinate_Ucs(A_SupportedContainer.java:46) ~[?:?]
	at thing.ground.landscape.C_Landscape.getThingCoord_Ucs(C_Landscape.java:571) ~[?:?]
	at thing.ground.A_SupportedContainer.getCoordinate_Ucs(A_SupportedContainer.java:46) ~[?:?]
	at thing.ground.landscape.C_Landscape.getThingCoord_Ucs(C_Landscape.java:571) ~[?:?]
	at thing.ground.A_SupportedContainer.getCoordinate_Ucs(A_SupportedContainer.java:46) ~[?:?]
	at thing.ground.landscape.C_Landscape.getThingCoord_Ucs(C_Landscape.java:571) ~[?:?]
	at thing.ground.A_SupportedContainer.getCoordinate_Ucs(A_SupportedContainer.java:46) ~[?:?]
	at thing.ground.landscape.C_Landscape.getThingCoord_Ucs(C_Landscape.java:571) ~[?:?]
	at thing.ground.A_SupportedContainer.getCoordinate_Ucs(A_SupportedContainer.java:46) ~[?:?]
	at thing.ground.landscape.C_Landscape.getThingCoord_Ucs(C_Landscape.java:571) ~[?:?]
	at thing.ground.A_SupportedContainer.getCoordinate_Ucs(A_SupportedContainer.java:46) ~[?:?]
	at thing.ground.landscape.C_Landscape.getThingCoord_Ucs(C_Landscape.java:571) ~[?:?]
	at thing.ground.A_SupportedContainer.getCoordinate_Ucs(A_SupportedContainer.java:46) ~[?:?]
	at thing.ground.landscape.C_Landscape.getThingCoord_Ucs(C_Landscape.java:571) ~[?:?]
	at thing.ground.A_SupportedContainer.getCoordinate_Ucs(A_SupportedContainer.java:46) ~[?:?]
	at thing.ground.landscape.C_Landscape.getThingCoord_Ucs(C_Landscape.java:571) ~[?:?]
	at thing.ground.A_SupportedContainer.getCoordinate_Ucs(A_SupportedContainer.java:46) ~[?:?]
	at thing.ground.landscape.C_Landscape.getThingCoord_Ucs(C_Landscape.java:571) ~[?:?]
	at thing.ground.A_SupportedContainer.getCoordinate_Ucs(A_SupportedContainer.java:46) ~[?:?]
	at thing.ground.landscape.C_Landscape.getThingCoord_Ucs(C_Landscape.java:571) ~[?:?]
	at thing.ground.A_SupportedContainer.getCoordinate_Ucs(A_SupportedContainer.java:46) ~[?:?]
	at thing.ground.landscape.C_Landscape.getThingCoord_Ucs(C_Landscape.java:571) ~[?:?]
	at thing.ground.A_SupportedContainer.getCoordinate_Ucs(A_SupportedContainer.java:46) ~[?:?]
	at thing.ground.landscape.C_Landscape.getThingCoord_Ucs(C_Landscape.java:571) ~[?:?]
	at thing.ground.A_SupportedContainer.getCoordinate_Ucs(A_SupportedContainer.java:46) ~[?:?]
	at thing.ground.landscape.C_Landscape.getThingCoord_Ucs(C_Landscape.java:571) ~[?:?]
	at thing.ground.A_SupportedContainer.getCoordinate_Ucs(A_SupportedContainer.java:46) ~[?:?]
	at thing.ground.landscape.C_Landscape.getThingCoord_Ucs(C_Landscape.java:571) ~[?:?]
	at thing.ground.A_SupportedContainer.getCoordinate_Ucs(A_SupportedContainer.java:46) ~[?:?]
	at thing.ground.landscape.C_Landscape.getThingCoord_Ucs(C_Landscape.java:571) ~[?:?]
	at thing.ground.A_SupportedContainer.getCoordinate_Ucs(A_SupportedContainer.java:46) ~[?:?]
	at thing.ground.landscape.C_Landscape.getThingCoord_Ucs(C_Landscape.java:571) ~[?:?]
	at thing.ground.A_SupportedContainer.getCoordinate_Ucs(A_SupportedContainer.java:46) ~[?:?]
	at thing.ground.landscape.C_Landscape.getThingCoord_Ucs(C_Landscape.java:571) ~[?:?]
	at thing.ground.A_SupportedContainer.getCoordinate_Ucs(A_SupportedContainer.java:46) ~[?:?]
	at thing.ground.landscape.C_Landscape.getThingCoord_Ucs(C_Landscape.java:571) ~[?:?]
	at thing.ground.A_SupportedContainer.getCoordinate_Ucs(A_SupportedContainer.java:46) ~[?:?]
	at thing.ground.landscape.C_Landscape.getThingCoord_Ucs(C_Landscape.java:571) ~[?:?]
	at thing.ground.A_SupportedContainer.getCoordinate_Ucs(A_SupportedContainer.java:46) ~[?:?]
	at thing.ground.landscape.C_Landscape.getThingCoord_Ucs(C_Landscape.java:571) ~[?:?]
	at thing.ground.A_SupportedContainer.getCoordinate_Ucs(A_SupportedContainer.java:46) ~[?:?]
	at thing.ground.landscape.C_Landscape.getThingCoord_Ucs(C_Landscape.java:571) ~[?:?]
	at thing.ground.A_SupportedContainer.getCoordinate_Ucs(A_SupportedContainer.java:46) ~[?:?]
	at thing.ground.landscape.C_Landscape.getThingCoord_Ucs(C_Landscape.java:571) ~[?:?]
	at thing.ground.A_SupportedContainer.getCoordinate_Ucs(A_SupportedContainer.java:46) ~[?:?]
	at thing.ground.landscape.C_Landscape.getThingCoord_Ucs(C_Landscape.java:571) ~[?:?]
	at thing.ground.A_SupportedContainer.getCoordinate_Ucs(A_SupportedContainer.java:46) ~[?:?]
	at thing.ground.landscape.C_Landscape.getThingCoord_Ucs(C_Landscape.java:571) ~[?:?]
	at thing.ground.A_SupportedContainer.getCoordinate_Ucs(A_SupportedContainer.java:46) ~[?:?]
	at thing.ground.landscape.C_Landscape.getThingCoord_Ucs(C_Landscape.java:571) ~[?:?]
	at thing.ground.A_SupportedContainer.getCoordinate_Ucs(A_SupportedContainer.java:46) ~[?:?]
	at thing.ground.landscape.C_Landscape.getThingCoord_Ucs(C_Landscape.java:571) ~[?:?]
	at thing.ground.A_SupportedContainer.getCoordinate_Ucs(A_SupportedContainer.java:46) ~[?:?]
	at thing.ground.landscape.C_Landscape.getThingCoord_Ucs(C_Landscape.java:571) ~[?:?]
	at thing.ground.A_SupportedContainer.getCoordinate_Ucs(A_SupportedContainer.java:46) ~[?:?]
	at thing.ground.landscape.C_Landscape.getThingCoord_Ucs(C_Landscape.java:571) ~[?:?]
	at thing.ground.A_SupportedContainer.getCoordinate_Ucs(A_SupportedContainer.java:46) ~[?:?]
	at thing.ground.landscape.C_Landscape.getThingCoord_Ucs(C_Landscape.java:571) ~[?:?]
	at thing.ground.A_SupportedContainer.getCoordinate_Ucs(A_SupportedContainer.java:46) ~[?:?]
	at thing.ground.landscape.C_Landscape.getThingCoord_Ucs(C_Landscape.java:571) ~[?:?]
	at thing.ground.A_SupportedContainer.getCoordinate_Ucs(A_SupportedContainer.java:46) ~[?:?]
	at thing.ground.landscape.C_Landscape.getThingCoord_Ucs(C_Landscape.java:571) ~[?:?]
	at thing.ground.A_SupportedContainer.getCoordinate_Ucs(A_SupportedContainer.java:46) ~[?:?]
	at thing.ground.landscape.C_Landscape.getThingCoord_Ucs(C_Landscape.java:571) ~[?:?]
	at thing.ground.A_SupportedContainer.getCoordinate_Ucs(A_SupportedContainer.java:46) ~[?:?]
	at thing.ground.landscape.C_Landscape.getThingCoord_Ucs(C_Landscape.java:571) ~[?:?]
	at thing.ground.A_SupportedContainer.getCoordinate_Ucs(A_SupportedContainer.java:46) ~[?:?]
	at thing.ground.landscape.C_Landscape.getThingCoord_Ucs(C_Landscape.java:571) ~[?:?]
	at thing.ground.A_SupportedContainer.getCoordinate_Ucs(A_SupportedContainer.java:46) ~[?:?]
	at thing.ground.landscape.C_Landscape.getThingCoord_Ucs(C_Landscape.java:571) ~[?:?]
	at thing.ground.A_SupportedContainer.getCoordinate_Ucs(A_SupportedContainer.java:46) ~[?:?]
	at thing.ground.landscape.C_Landscape.getThingCoord_Ucs(C_Landscape.java:571) ~[?:?]
	at thing.ground.A_SupportedContainer.getCoordinate_Ucs(A_SupportedContainer.java:46) ~[?:?]
	at thing.ground.landscape.C_Landscape.getThingCoord_Ucs(C_Landscape.java:571) ~[?:?]
	at thing.ground.A_SupportedContainer.getCoordinate_Ucs(A_SupportedContainer.java:46) ~[?:?]
	at thing.ground.landscape.C_Landscape.getThingCoord_Ucs(C_Landscape.java:571) ~[?:?]
	at thing.ground.A_SupportedContainer.getCoordinate_Ucs(A_SupportedContainer.java:46) ~[?:?]
	at thing.ground.landscape.C_Landscape.getThingCoord_Ucs(C_Landscape.java:571) ~[?:?]
	at thing.ground.A_SupportedContainer.getCoordinate_Ucs(A_SupportedContainer.java:46) ~[?:?]
	at thing.ground.landscape.C_Landscape.getThingCoord_Ucs(C_Landscape.java:571) ~[?:?]
	at thing.ground.A_SupportedContainer.getCoordinate_Ucs(A_SupportedContainer.java:46) ~[?:?]
	at thing.ground.landscape.C_Landscape.getThingCoord_Ucs(C_Landscape.java:571) ~[?:?]
	at thing.ground.A_SupportedContainer.getCoordinate_Ucs(A_SupportedContainer.java:46) ~[?:?]
	at thing.ground.landscape.C_Landscape.getThingCoord_Ucs(C_Landscape.java:571) ~[?:?]
	at thing.ground.A_SupportedContainer.getCoordinate_Ucs(A_SupportedContainer.java:46) ~[?:?]
	at thing.ground.landscape.C_Landscape.getThingCoord_Ucs(C_Landscape.java:571) ~[?:?]
	at thing.ground.A_SupportedContainer.getCoordinate_Ucs(A_SupportedContainer.java:46) ~[?:?]
	at thing.ground.landscape.C_Landscape.getThingCoord_Ucs(C_Landscape.java:571) ~[?:?]
	at thing.ground.A_SupportedContainer.getCoordinate_Ucs(A_SupportedContainer.java:46) ~[?:?]
	at thing.ground.landscape.C_Landscape.getThingCoord_Ucs(C_Landscape.java:571) ~[?:?]
	at thing.ground.A_SupportedContainer.getCoordinate_Ucs(A_SupportedContainer.java:46) ~[?:?]
	at thing.ground.landscape.C_Landscape.getThingCoord_Ucs(C_Landscape.java:571) ~[?:?]
	at thing.ground.A_SupportedContainer.getCoordinate_Ucs(A_SupportedContainer.java:46) ~[?:?]
	at thing.ground.landscape.C_Landscape.getThingCoord_Ucs(C_Landscape.java:571) ~[?:?]
	at thing.ground.A_SupportedContainer.getCoordinate_Ucs(A_SupportedContainer.java:46) ~[?:?]
	at thing.ground.landscape.C_Landscape.getThingCoord_Ucs(C_Landscape.java:571) ~[?:?]
	at thing.ground.A_SupportedContainer.getCoordinate_Ucs(A_SupportedContainer.java:46) ~[?:?]
	at thing.ground.landscape.C_Landscape.getThingCoord_Ucs(C_Landscape.java:571) ~[?:?]
	at thing.ground.A_SupportedContainer.getCoordinate_Ucs(A_SupportedContainer.java:46) ~[?:?]
	at thing.ground.landscape.C_Landscape.getThingCoord_Ucs(C_Landscape.java:571) ~[?:?]
	at thing.ground.A_SupportedContainer.getCoordinate_Ucs(A_SupportedContainer.java:46) ~[?:?]
	at thing.ground.landscape.C_Landscape.getThingCoord_Ucs(C_Landscape.java:571) ~[?:?]
	at thing.ground.A_SupportedContainer.getCoordinate_Ucs(A_SupportedContainer.java:46) ~[?:?]
	at thing.ground.landscape.C_Landscape.getThingCoord_Ucs(C_Landscape.java:571) ~[?:?]
	at thing.ground.A_SupportedContainer.getCoordinate_Ucs(A_SupportedContainer.java:46) ~[?:?]
	at thing.ground.landscape.C_Landscape.getThingCoord_Ucs(C_Landscape.java:571) ~[?:?]
	at thing.ground.A_SupportedContainer.getCoordinate_Ucs(A_SupportedContainer.java:46) ~[?:?]
	at thing.ground.landscape.C_Landscape.getThingCoord_Ucs(C_Landscape.java:571) ~[?:?]
	at thing.ground.A_SupportedContainer.getCoordinate_Ucs(A_SupportedContainer.java:46) ~[?:?]
	at thing.ground.landscape.C_Landscape.getThingCoord_Ucs(C_Landscape.java:571) ~[?:?]
	at thing.ground.A_SupportedContainer.getCoordinate_Ucs(A_SupportedContainer.java:46) ~[?:?]
	at thing.ground.landscape.C_Landscape.getThingCoord_Ucs(C_Landscape.java:571) ~[?:?]
	at thing.ground.A_SupportedContainer.getCoordinate_Ucs(A_SupportedContainer.java:46) ~[?:?]
	at thing.ground.landscape.C_Landscape.getThingCoord_Ucs(C_Landscape.java:571) ~[?:?]
	at thing.ground.A_SupportedContainer.getCoordinate_Ucs(A_SupportedContainer.java:46) ~[?:?]
	at thing.ground.landscape.C_Landscape.getThingCoord_Ucs(C_Landscape.java:571) ~[?:?]
	at thing.ground.A_SupportedContainer.getCoordinate_Ucs(A_SupportedContainer.java:46) ~[?:?]
	at thing.ground.landscape.C_Landscape.getThingCoord_Ucs(C_Landscape.java:571) ~[?:?]
	at thing.ground.A_SupportedContainer.getCoordinate_Ucs(A_SupportedContainer.java:46) ~[?:?]
	at thing.ground.landscape.C_Landscape.getThingCoord_Ucs(C_Landscape.java:571) ~[?:?]
	at thing.ground.A_SupportedContainer.getCoordinate_Ucs(A_SupportedContainer.java:46) ~[?:?]
	at thing.ground.landscape.C_Landscape.getThingCoord_Ucs(C_Landscape.java:571) ~[?:?]
	at thing.ground.A_SupportedContainer.getCoordinate_Ucs(A_SupportedContainer.java:46) ~[?:?]
	at thing.ground.landscape.C_Landscape.getThingCoord_Ucs(C_Landscape.java:571) ~[?:?]
	at thing.ground.A_SupportedContainer.getCoordinate_Ucs(A_SupportedContainer.java:46) ~[?:?]
	at thing.ground.landscape.C_Landscape.getThingCoord_Ucs(C_Landscape.java:571) ~[?:?]
	at thing.ground.A_SupportedContainer.getCoordinate_Ucs(A_SupportedContainer.java:46) ~[?:?]
	at thing.ground.landscape.C_Landscape.getThingCoord_Ucs(C_Landscape.java:571) ~[?:?]
	at thing.ground.A_SupportedContainer.getCoordinate_Ucs(A_SupportedContainer.java:46) ~[?:?]
	at thing.ground.landscape.C_Landscape.getThingCoord_Ucs(C_Landscape.java:571) ~[?:?]
	at thing.ground.A_SupportedContainer.getCoordinate_Ucs(A_SupportedContainer.java:46) ~[?:?]
	at thing.ground.landscape.C_Landscape.getThingCoord_Ucs(C_Landscape.java:571) ~[?:?]
	at thing.ground.A_SupportedContainer.getCoordinate_Ucs(A_SupportedContainer.java:46) ~[?:?]
	at thing.ground.landscape.C_Landscape.getThingCoord_Ucs(C_Landscape.java:571) ~[?:?]
	at thing.ground.A_SupportedContainer.getCoordinate_Ucs(A_SupportedContainer.java:46) ~[?:?]
	at thing.ground.landscape.C_Landscape.getThingCoord_Ucs(C_Landscape.java:571) ~[?:?]
	at thing.ground.A_SupportedContainer.getCoordinate_Ucs(A_SupportedContainer.java:46) ~[?:?]
	at thing.ground.landscape.C_Landscape.getThingCoord_Ucs(C_Landscape.java:571) ~[?:?]
	at thing.ground.A_SupportedContainer.getCoordinate_Ucs(A_SupportedContainer.java:46) ~[?:?]
	at thing.ground.landscape.C_Landscape.getThingCoord_Ucs(C_Landscape.java:571) ~[?:?]
	at thing.ground.A_SupportedContainer.getCoordinate_Ucs(A_SupportedContainer.java:46) ~[?:?]
	at thing.ground.landscape.C_Landscape.getThingCoord_Ucs(C_Landscape.java:571) ~[?:?]
	at thing.ground.A_SupportedContainer.getCoordinate_Ucs(A_SupportedContainer.java:46) ~[?:?]
	at thing.ground.landscape.C_Landscape.getThingCoord_Ucs(C_Landscape.java:571) ~[?:?]
	at thing.ground.A_SupportedContainer.getCoordinate_Ucs(A_SupportedContainer.java:46) ~[?:?]
	at thing.ground.landscape.C_Landscape.getThingCoord_Ucs(C_Landscape.java:571) ~[?:?]
	at thing.ground.A_SupportedContainer.getCoordinate_Ucs(A_SupportedContainer.java:46) ~[?:?]
	at thing.ground.landscape.C_Landscape.getThingCoord_Ucs(C_Landscape.java:571) ~[?:?]
	at thing.ground.A_SupportedContainer.getCoordinate_Ucs(A_SupportedContainer.java:46) ~[?:?]
	at thing.ground.landscape.C_Landscape.getThingCoord_Ucs(C_Landscape.java:571) ~[?:?]
	at thing.ground.A_SupportedContainer.getCoordinate_Ucs(A_SupportedContainer.java:46) ~[?:?]
	at thing.ground.landscape.C_Landscape.getThingCoord_Ucs(C_Landscape.java:571) ~[?:?]
	at thing.ground.A_SupportedContainer.getCoordinate_Ucs(A_SupportedContainer.java:46) ~[?:?]
	at thing.ground.landscape.C_Landscape.getThingCoord_Ucs(C_Landscape.java:571) ~[?:?]
	at thing.ground.A_SupportedContainer.getCoordinate_Ucs(A_SupportedContainer.java:46) ~[?:?]
	at thing.ground.landscape.C_Landscape.getThingCoord_Ucs(C_Landscape.java:571) ~[?:?]
	at thing.ground.A_SupportedContainer.getCoordinate_Ucs(A_SupportedContainer.java:46) ~[?:?]
	at thing.ground.landscape.C_Landscape.getThingCoord_Ucs(C_Landscape.java:571) ~[?:?]
	at thing.ground.A_SupportedContainer.getCoordinate_Ucs(A_SupportedContainer.java:46) ~[?:?]
	at thing.ground.landscape.C_Landscape.getThingCoord_Ucs(C_Landscape.java:571) ~[?:?]
	at thing.ground.A_SupportedContainer.getCoordinate_Ucs(A_SupportedContainer.java:46) ~[?:?]
	at thing.ground.landscape.C_Landscape.getThingCoord_Ucs(C_Landscape.java:571) ~[?:?]
	at thing.ground.A_SupportedContainer.getCoordinate_Ucs(A_SupportedContainer.java:46) ~[?:?]
	at thing.ground.landscape.C_Landscape.getThingCoord_Ucs(C_Landscape.java:571) ~[?:?]
	at thing.ground.A_SupportedContainer.getCoordinate_Ucs(A_SupportedContainer.java:46) ~[?:?]
	at thing.ground.landscape.C_Landscape.getThingCoord_Ucs(C_Landscape.java:571) ~[?:?]
	at thing.ground.A_SupportedContainer.getCoordinate_Ucs(A_SupportedContainer.java:46) ~[?:?]
	at thing.ground.landscape.C_Landscape.getThingCoord_Ucs(C_Landscape.java:571) ~[?:?]
	at thing.ground.A_SupportedContainer.getCoordinate_Ucs(A_SupportedContainer.java:46) ~[?:?]
	at thing.ground.landscape.C_Landscape.getThingCoord_Ucs(C_Landscape.java:571) ~[?:?]
	at thing.ground.A_SupportedContainer.getCoordinate_Ucs(A_SupportedContainer.java:46) ~[?:?]
	at thing.ground.landscape.C_Landscape.getThingCoord_Ucs(C_Landscape.java:571) ~[?:?]
	at thing.ground.A_SupportedContainer.getCoordinate_Ucs(A_SupportedContainer.java:46) ~[?:?]
	at thing.ground.landscape.C_Landscape.getThingCoord_Ucs(C_Landscape.java:571) ~[?:?]
	at thing.ground.A_SupportedContainer.getCoordinate_Ucs(A_SupportedContainer.java:46) ~[?:?]
	at thing.ground.landscape.C_Landscape.getThingCoord_Ucs(C_Landscape.java:571) ~[?:?]
	at thing.ground.A_SupportedContainer.getCoordinate_Ucs(A_SupportedContainer.java:46) ~[?:?]
	at thing.ground.landscape.C_Landscape.getThingCoord_Ucs(C_Landscape.java:571) ~[?:?]
	at thing.ground.A_SupportedContainer.getCoordinate_Ucs(A_SupportedContainer.java:46) ~[?:?]
	at thing.ground.landscape.C_Landscape.getThingCoord_Ucs(C_Landscape.java:571) ~[?:?]
	at thing.ground.A_SupportedContainer.getCoordinate_Ucs(A_SupportedContainer.java:46) ~[?:?]
	at thing.ground.landscape.C_Landscape.getThingCoord_Ucs(C_Landscape.java:571) ~[?:?]
	at thing.ground.A_SupportedContainer.getCoordinate_Ucs(A_SupportedContainer.java:46) ~[?:?]
	at thing.ground.landscape.C_Landscape.getThingCoord_Ucs(C_Landscape.java:571) ~[?:?]
	at thing.ground.A_SupportedContainer.getCoordinate_Ucs(A_SupportedContainer.java:46) ~[?:?]
	at thing.ground.landscape.C_Landscape.getThingCoord_Ucs(C_Landscape.java:571) ~[?:?]
	at thing.ground.A_SupportedContainer.getCoordinate_Ucs(A_SupportedContainer.java:46) ~[?:?]
	at thing.ground.landscape.C_Landscape.getThingCoord_Ucs(C_Landscape.java:571) ~[?:?]
	at thing.ground.A_SupportedContainer.getCoordinate_Ucs(A_SupportedContainer.java:46) ~[?:?]
	at thing.ground.landscape.C_Landscape.getThingCoord_Ucs(C_Landscape.java:571) ~[?:?]
	at thing.ground.A_SupportedContainer.getCoordinate_Ucs(A_SupportedContainer.java:46) ~[?:?]
	at thing.ground.landscape.C_Landscape.getThingCoord_Ucs(C_Landscape.java:571) ~[?:?]
	at thing.ground.A_SupportedContainer.getCoordinate_Ucs(A_SupportedContainer.java:46) ~[?:?]
	at thing.ground.landscape.C_Landscape.getThingCoord_Ucs(C_Landscape.java:571) ~[?:?]
	at thing.ground.A_SupportedContainer.getCoordinate_Ucs(A_SupportedContainer.java:46) ~[?:?]
	at thing.ground.landscape.C_Landscape.getThingCoord_Ucs(C_Landscape.java:571) ~[?:?]
	at thing.ground.A_SupportedContainer.getCoordinate_Ucs(A_SupportedContainer.java:46) ~[?:?]
	at thing.ground.landscape.C_Landscape.getThingCoord_Ucs(C_Landscape.java:571) ~[?:?]
	at thing.ground.A_SupportedContainer.getCoordinate_Ucs(A_SupportedContainer.java:46) ~[?:?]
	at thing.ground.landscape.C_Landscape.getThingCoord_Ucs(C_Landscape.java:571) ~[?:?]
	at thing.ground.A_SupportedContainer.getCoordinate_Ucs(A_SupportedContainer.java:46) ~[?:?]
	at thing.ground.landscape.C_Landscape.getThingCoord_Ucs(C_Landscape.java:571) ~[?:?]
	at thing.ground.A_SupportedContainer.getCoordinate_Ucs(A_SupportedContainer.java:46) ~[?:?]
	at thing.ground.landscape.C_Landscape.getThingCoord_Ucs(C_Landscape.java:571) ~[?:?]
	at thing.ground.A_SupportedContainer.getCoordinate_Ucs(A_SupportedContainer.java:46) ~[?:?]
	at thing.ground.landscape.C_Landscape.getThingCoord_Ucs(C_Landscape.java:571) ~[?:?]
	at thing.ground.A_SupportedContainer.getCoordinate_Ucs(A_SupportedContainer.java:46) ~[?:?]
	at thing.ground.landscape.C_Landscape.getThingCoord_Ucs(C_Landscape.java:571) ~[?:?]
	at thing.ground.A_SupportedContainer.getCoordinate_Ucs(A_SupportedContainer.java:46) ~[?:?]
	at thing.ground.landscape.C_Landscape.getThingCoord_Ucs(C_Landscape.java:571) ~[?:?]
	at thing.ground.A_SupportedContainer.getCoordinate_Ucs(A_SupportedContainer.java:46) ~[?:?]
	at thing.ground.landscape.C_Landscape.getThingCoord_Ucs(C_Landscape.java:571) ~[?:?]
	at thing.ground.A_SupportedContainer.getCoordinate_Ucs(A_SupportedContainer.java:46) ~[?:?]
	at thing.ground.landscape.C_Landscape.getThingCoord_Ucs(C_Landscape.java:571) ~[?:?]
	at thing.ground.A_SupportedContainer.getCoordinate_Ucs(A_SupportedContainer.java:46) ~[?:?]
	at thing.ground.landscape.C_Landscape.getThingCoord_Ucs(C_Landscape.java:571) ~[?:?]
	at thing.ground.A_SupportedContainer.getCoordinate_Ucs(A_SupportedContainer.java:46) ~[?:?]
	at thing.ground.landscape.C_Landscape.getThingCoord_Ucs(C_Landscape.java:571) ~[?:?]
	at thing.ground.A_SupportedContainer.getCoordinate_Ucs(A_SupportedContainer.java:46) ~[?:?]
	at thing.ground.landscape.C_Landscape.getThingCoord_Ucs(C_Landscape.java:571) ~[?:?]
	at thing.ground.A_SupportedContainer.getCoordinate_Ucs(A_SupportedContainer.java:46) ~[?:?]
	at thing.ground.landscape.C_Landscape.getThingCoord_Ucs(C_Landscape.java:571) ~[?:?]
	at thing.ground.A_SupportedContainer.getCoordinate_Ucs(A_SupportedContainer.java:46) ~[?:?]
	at thing.ground.landscape.C_Landscape.getThingCoord_Ucs(C_Landscape.java:571) ~[?:?]
	at thing.ground.A_SupportedContainer.getCoordinate_Ucs(A_SupportedContainer.java:46) ~[?:?]
	at thing.ground.landscape.C_Landscape.getThingCoord_Ucs(C_Landscape.java:571) ~[?:?]
	at thing.ground.A_SupportedContainer.getCoordinate_Ucs(A_SupportedContainer.java:46) ~[?:?]
	at thing.ground.landscape.C_Landscape.getThingCoord_Ucs(C_Landscape.java:571) ~[?:?]
	at thing.ground.A_SupportedContainer.getCoordinate_Ucs(A_SupportedContainer.java:46) ~[?:?]
	at thing.ground.landscape.C_Landscape.getThingCoord_Ucs(C_Landscape.java:571) ~[?:?]
	at thing.ground.A_SupportedContainer.getCoordinate_Ucs(A_SupportedContainer.java:46) ~[?:?]
	at thing.ground.landscape.C_Landscape.getThingCoord_Ucs(C_Landscape.java:571) ~[?:?]
	at thing.ground.A_SupportedContainer.getCoordinate_Ucs(A_SupportedContainer.java:46) ~[?:?]
	at thing.ground.landscape.C_Landscape.getThingCoord_Ucs(C_Landscape.java:571) ~[?:?]
	at thing.ground.A_SupportedContainer.getCoordinate_Ucs(A_SupportedContainer.java:46) ~[?:?]
	at thing.ground.landscape.C_Landscape.getThingCoord_Ucs(C_Landscape.java:571) ~[?:?]
	at thing.ground.A_SupportedContainer.getCoordinate_Ucs(A_SupportedContainer.java:46) ~[?:?]
	at thing.ground.landscape.C_Landscape.getThingCoord_Ucs(C_Landscape.java:571) ~[?:?]
	at thing.ground.A_SupportedContainer.getCoordinate_Ucs(A_SupportedContainer.java:46) ~[?:?]
	at thing.ground.landscape.C_Landscape.getThingCoord_Ucs(C_Landscape.java:571) ~[?:?]
	at thing.ground.A_SupportedContainer.getCoordinate_Ucs(A_SupportedContainer.java:46) ~[?:?]
	at thing.ground.landscape.C_Landscape.getThingCoord_Ucs(C_Landscape.java:571) ~[?:?]
	at thing.ground.A_SupportedContainer.getCoordinate_Ucs(A_SupportedContainer.java:46) ~[?:?]
	at thing.ground.landscape.C_Landscape.getThingCoord_Ucs(C_Landscape.java:571) ~[?:?]
	at thing.ground.A_SupportedContainer.getCoordinate_Ucs(A_SupportedContainer.java:46) ~[?:?]
	at thing.ground.landscape.C_Landscape.getThingCoord_Ucs(C_Landscape.java:571) ~[?:?]
	at thing.ground.A_SupportedContainer.getCoordinate_Ucs(A_SupportedContainer.java:46) ~[?:?]
	at thing.ground.landscape.C_Landscape.getThingCoord_Ucs(C_Landscape.java:571) ~[?:?]
	at thing.ground.A_SupportedContainer.getCoordinate_Ucs(A_SupportedContainer.java:46) ~[?:?]
	at thing.ground.landscape.C_Landscape.getThingCoord_Ucs(C_Landscape.java:571) ~[?:?]
	at thing.ground.A_SupportedContainer.getCoordinate_Ucs(A_SupportedContainer.java:46) ~[?:?]
	at thing.ground.landscape.C_Landscape.getThingCoord_Ucs(C_Landscape.java:571) ~[?:?]
	at thing.ground.A_SupportedContainer.getCoordinate_Ucs(A_SupportedContainer.java:46) ~[?:?]
	at thing.ground.landscape.C_Landscape.getThingCoord_Ucs(C_Landscape.java:571) ~[?:?]
	at thing.ground.A_SupportedContainer.getCoordinate_Ucs(A_SupportedContainer.java:46) ~[?:?]
	at thing.ground.landscape.C_Landscape.getThingCoord_Ucs(C_Landscape.java:571) ~[?:?]
	at thing.ground.A_SupportedContainer.getCoordinate_Ucs(A_SupportedContainer.java:46) ~[?:?]
	at thing.ground.landscape.C_Landscape.getThingCoord_Ucs(C_Landscape.java:571) ~[?:?]
	at thing.ground.A_SupportedContainer.getCoordinate_Ucs(A_SupportedContainer.java:46) ~[?:?]
	at thing.ground.landscape.C_Landscape.getThingCoord_Ucs(C_Landscape.java:571) ~[?:?]
	at thing.ground.A_SupportedContainer.getCoordinate_Ucs(A_SupportedContainer.java:46) ~[?:?]
	at thing.ground.landscape.C_Landscape.getThingCoord_Ucs(C_Landscape.java:571) ~[?:?]
	at thing.ground.A_SupportedContainer.getCoordinate_Ucs(A_SupportedContainer.java:46) ~[?:?]
	at thing.ground.landscape.C_Landscape.getThingCoord_Ucs(C_Landscape.java:571) ~[?:?]
	at thing.ground.A_SupportedContainer.getCoordinate_Ucs(A_SupportedContainer.java:46) ~[?:?]
	at thing.ground.landscape.C_Landscape.getThingCoord_Ucs(C_Landscape.java:571) ~[?:?]
	at thing.ground.A_SupportedContainer.getCoordinate_Ucs(A_SupportedContainer.java:46) ~[?:?]
	at thing.ground.landscape.C_Landscape.getThingCoord_Ucs(C_Landscape.java:571) ~[?:?]
	at thing.ground.A_SupportedContainer.getCoordinate_Ucs(A_SupportedContainer.java:46) ~[?:?]
	at thing.ground.landscape.C_Landscape.getThingCoord_Ucs(C_Landscape.java:571) ~[?:?]
	at thing.ground.A_SupportedContainer.getCoordinate_Ucs(A_SupportedContainer.java:46) ~[?:?]
	at thing.ground.landscape.C_Landscape.getThingCoord_Ucs(C_Landscape.java:571) ~[?:?]
	at thing.ground.A_SupportedContainer.getCoordinate_Ucs(A_SupportedContainer.java:46) ~[?:?]
	at thing.ground.landscape.C_Landscape.getThingCoord_Ucs(C_Landscape.java:571) ~[?:?]
	at thing.ground.A_SupportedContainer.getCoordinate_Ucs(A_SupportedContainer.java:46) ~[?:?]
	at thing.ground.landscape.C_Landscape.getThingCoord_Ucs(C_Landscape.java:571) ~[?:?]
	at thing.ground.A_SupportedContainer.getCoordinate_Ucs(A_SupportedContainer.java:46) ~[?:?]
	at thing.ground.landscape.C_Landscape.getThingCoord_Ucs(C_Landscape.java:571) ~[?:?]
	at thing.ground.A_SupportedContainer.getCoordinate_Ucs(A_SupportedContainer.java:46) ~[?:?]
	at thing.ground.landscape.C_Landscape.getThingCoord_Ucs(C_Landscape.java:571) ~[?:?]
	at thing.ground.A_SupportedContainer.getCoordinate_Ucs(A_SupportedContainer.java:46) ~[?:?]
	at thing.ground.landscape.C_Landscape.getThingCoord_Ucs(C_Landscape.java:571) ~[?:?]
	at thing.ground.A_SupportedContainer.getCoordinate_Ucs(A_SupportedContainer.java:46) ~[?:?]
	at thing.ground.landscape.C_Landscape.getThingCoord_Ucs(C_Landscape.java:571) ~[?:?]
	at thing.ground.A_SupportedContainer.getCoordinate_Ucs(A_SupportedContainer.java:46) ~[?:?]
	at thing.ground.landscape.C_Landscape.getThingCoord_Ucs(C_Landscape.java:571) ~[?:?]
	at thing.ground.A_SupportedContainer.getCoordinate_Ucs(A_SupportedContainer.java:46) ~[?:?]
	at thing.ground.landscape.C_Landscape.getThingCoord_Ucs(C_Landscape.java:571) ~[?:?]
	at thing.ground.A_SupportedContainer.getCoordinate_Ucs(A_SupportedContainer.java:46) ~[?:?]
	at thing.ground.landscape.C_Landscape.getThingCoord_Ucs(C_Landscape.java:571) ~[?:?]
	at thing.ground.A_SupportedContainer.getCoordinate_Ucs(A_SupportedContainer.java:46) ~[?:?]
	at thing.ground.landscape.C_Landscape.getThingCoord_Ucs(C_Landscape.java:571) ~[?:?]
	at thing.ground.A_SupportedContainer.getCoordinate_Ucs(A_SupportedContainer.java:46) ~[?:?]
	at thing.ground.landscape.C_Landscape.getThingCoord_Ucs(C_Landscape.java:571) ~[?:?]
	at thing.ground.A_SupportedContainer.getCoordinate_Ucs(A_SupportedContainer.java:46) ~[?:?]
FATAL [Thread-4] 2026-08-12T17:28:17,194 GUIScheduleRunner - RunTimeException when running the schedule
Current tick (1.0)
java.lang.NullPointerException: Cannot invoke "repast.simphony.visualization.IDisplay.update()" because "this.display" is null
	at repast.simphony.visualization.engine.DisplayComponentControllerAction$DisplayUpdater.execute(DisplayComponentControllerAction.java:48) ~[?:?]
	at repast.simphony.engine.schedule.DefaultAction.execute(DefaultAction.java:38) ~[?:?]
	at repast.simphony.engine.schedule.ScheduleGroup.executeList(ScheduleGroup.java:205) ~[?:?]
	at repast.simphony.engine.schedule.ScheduleGroup.execute(ScheduleGroup.java:238) ~[?:?]
	at repast.simphony.engine.schedule.Schedule.execute(Schedule.java:375) ~[?:?]
	at repast.simphony.ui.GUIScheduleRunner$ScheduleLoopRunnable.run(GUIScheduleRunner.java:52) ~[?:?]
	at java.lang.Thread.run(Thread.java:840) ~[?:?]
FATAL [Thread-7] 2026-08-12T17:45:09,247 GUIScheduleRunner - RunTimeException when running the schedule
Current tick (425.0)
com.jgoodies.binding.beans.PropertyAccessException: Failed to read an adapted Java Bean property.
cause=java.lang.StackOverflowError
bean=whale_2007-24639
bean type=thing.C_Megaptera
property name=arrived
property type=boolean
property reader=public boolean thing.A_Animal.isArrived()
	at com.jgoodies.binding.beans.PropertyAccessException.createReadAccessException(PropertyAccessException.java:92) ~[?:?]
	at com.jgoodies.binding.beans.PropertyAccessor.getValue(PropertyAccessor.java:162) ~[?:?]
	at com.jgoodies.binding.beans.BeanAdapter.getValue0(BeanAdapter.java:1149) ~[?:?]
	at com.jgoodies.binding.beans.BeanAdapter.access$500(BeanAdapter.java:288) ~[?:?]
	at com.jgoodies.binding.beans.BeanAdapter$SimplePropertyAdapter.fireChange(BeanAdapter.java:1434) ~[?:?]
	at repast.simphony.ui.probe.ProbeModel$ProbeBeanAdapter$SimplePropertyAdapter.fireChange(ProbeModel.java:64) ~[?:?]
	at repast.simphony.ui.probe.ProbeModel$ProbeBeanAdapter.fireChange(ProbeModel.java:52) ~[?:?]
	at repast.simphony.ui.probe.ProbeModel.update(ProbeModel.java:108) ~[?:?]
	at repast.simphony.ui.probe.Probe.update(Probe.java:76) ~[?:?]
	at repast.simphony.ui.probe.ProbeManager.update(ProbeManager.java:76) ~[?:?]
	at repast.simphony.ui.RSApplication.tickCountUpdated(RSApplication.java:622) ~[?:?]
	at repast.simphony.ui.GUIScheduleRunner$ScheduleLoopRunnable.run(GUIScheduleRunner.java:60) ~[?:?]
	at java.lang.Thread.run(Thread.java:840) ~[?:?]
Caused by: java.lang.StackOverflowError
	at repast.simphony.space.continuous.AbstractContinuousSpace.getLocation(AbstractContinuousSpace.java:175) ~[?:?]
	at thing.ground.landscape.C_Landscape.getThingCoord_Ucs(C_Landscape.java:566) ~[?:?]
	at thing.ground.A_SupportedContainer.getCoordinate_Ucs(A_SupportedContainer.java:46) ~[?:?]
	at thing.ground.landscape.C_Landscape.getThingCoord_Ucs(C_Landscape.java:571) ~[?:?]
	at thing.ground.A_SupportedContainer.getCoordinate_Ucs(A_SupportedContainer.java:46) ~[?:?]
	at thing.ground.landscape.C_Landscape.getThingCoord_Ucs(C_Landscape.java:571) ~[?:?]
	at thing.ground.A_SupportedContainer.getCoordinate_Ucs(A_SupportedContainer.java:46) ~[?:?]
	at thing.ground.landscape.C_Landscape.getThingCoord_Ucs(C_Landscape.java:571) ~[?:?]
	at thing.ground.A_SupportedContainer.getCoordinate_Ucs(A_SupportedContainer.java:46) ~[?:?]
	at thing.ground.landscape.C_Landscape.getThingCoord_Ucs(C_Landscape.java:571) ~[?:?]
	at thing.ground.A_SupportedContainer.getCoordinate_Ucs(A_SupportedContainer.java:46) ~[?:?]
	at thing.ground.landscape.C_Landscape.getThingCoord_Ucs(C_Landscape.java:571) ~[?:?]
	at thing.ground.A_SupportedContainer.getCoordinate_Ucs(A_SupportedContainer.java:46) ~[?:?]
	at thing.ground.landscape.C_Landscape.getThingCoord_Ucs(C_Landscape.java:571) ~[?:?]
	at thing.ground.A_SupportedContainer.getCoordinate_Ucs(A_SupportedContainer.java:46) ~[?:?]
	at thing.ground.landscape.C_Landscape.getThingCoord_Ucs(C_Landscape.java:571) ~[?:?]
	at thing.ground.A_SupportedContainer.getCoordinate_Ucs(A_SupportedContainer.java:46) ~[?:?]
	at thing.ground.landscape.C_Landscape.getThingCoord_Ucs(C_Landscape.java:571) ~[?:?]
	at thing.ground.A_SupportedContainer.getCoordinate_Ucs(A_SupportedContainer.java:46) ~[?:?]
	at thing.ground.landscape.C_Landscape.getThingCoord_Ucs(C_Landscape.java:571) ~[?:?]
	at thing.ground.A_SupportedContainer.getCoordinate_Ucs(A_SupportedContainer.java:46) ~[?:?]
	at thing.ground.landscape.C_Landscape.getThingCoord_Ucs(C_Landscape.java:571) ~[?:?]
	at thing.ground.A_SupportedContainer.getCoordinate_Ucs(A_SupportedContainer.java:46) ~[?:?]
	at thing.ground.landscape.C_Landscape.getThingCoord_Ucs(C_Landscape.java:571) ~[?:?]
	at thing.ground.A_SupportedContainer.getCoordinate_Ucs(A_SupportedContainer.java:46) ~[?:?]
	at thing.ground.landscape.C_Landscape.getThingCoord_Ucs(C_Landscape.java:571) ~[?:?]
	at thing.ground.A_SupportedContainer.getCoordinate_Ucs(A_SupportedContainer.java:46) ~[?:?]
	at thing.ground.landscape.C_Landscape.getThingCoord_Ucs(C_Landscape.java:571) ~[?:?]
	at thing.ground.A_SupportedContainer.getCoordinate_Ucs(A_SupportedContainer.java:46) ~[?:?]
	at thing.ground.landscape.C_Landscape.getThingCoord_Ucs(C_Landscape.java:571) ~[?:?]
	at thing.ground.A_SupportedContainer.getCoordinate_Ucs(A_SupportedContainer.java:46) ~[?:?]
	at thing.ground.landscape.C_Landscape.getThingCoord_Ucs(C_Landscape.java:571) ~[?:?]
	at thing.ground.A_SupportedContainer.getCoordinate_Ucs(A_SupportedContainer.java:46) ~[?:?]
	at thing.ground.landscape.C_Landscape.getThingCoord_Ucs(C_Landscape.java:571) ~[?:?]
	at thing.ground.A_SupportedContainer.getCoordinate_Ucs(A_SupportedContainer.java:46) ~[?:?]
	at thing.ground.landscape.C_Landscape.getThingCoord_Ucs(C_Landscape.java:571) ~[?:?]
	at thing.ground.A_SupportedContainer.getCoordinate_Ucs(A_SupportedContainer.java:46) ~[?:?]
	at thing.ground.landscape.C_Landscape.getThingCoord_Ucs(C_Landscape.java:571) ~[?:?]
	at thing.ground.A_SupportedContainer.getCoordinate_Ucs(A_SupportedContainer.java:46) ~[?:?]
	at thing.ground.landscape.C_Landscape.getThingCoord_Ucs(C_Landscape.java:571) ~[?:?]
	at thing.ground.A_SupportedContainer.getCoordinate_Ucs(A_SupportedContainer.java:46) ~[?:?]
	at thing.ground.landscape.C_Landscape.getThingCoord_Ucs(C_Landscape.java:571) ~[?:?]
	at thing.ground.A_SupportedContainer.getCoordinate_Ucs(A_SupportedContainer.java:46) ~[?:?]
	at thing.ground.landscape.C_Landscape.getThingCoord_Ucs(C_Landscape.java:571) ~[?:?]
	at thing.ground.A_SupportedContainer.getCoordinate_Ucs(A_SupportedContainer.java:46) ~[?:?]
	at thing.ground.landscape.C_Landscape.getThingCoord_Ucs(C_Landscape.java:571) ~[?:?]
	at thing.ground.A_SupportedContainer.getCoordinate_Ucs(A_SupportedContainer.java:46) ~[?:?]
	at thing.ground.landscape.C_Landscape.getThingCoord_Ucs(C_Landscape.java:571) ~[?:?]
	at thing.ground.A_SupportedContainer.getCoordinate_Ucs(A_SupportedContainer.java:46) ~[?:?]
	at thing.ground.landscape.C_Landscape.getThingCoord_Ucs(C_Landscape.java:571) ~[?:?]
	at thing.ground.A_SupportedContainer.getCoordinate_Ucs(A_SupportedContainer.java:46) ~[?:?]
	at thing.ground.landscape.C_Landscape.getThingCoord_Ucs(C_Landscape.java:571) ~[?:?]
	at thing.ground.A_SupportedContainer.getCoordinate_Ucs(A_SupportedContainer.java:46) ~[?:?]
	at thing.ground.landscape.C_Landscape.getThingCoord_Ucs(C_Landscape.java:571) ~[?:?]
	at thing.ground.A_SupportedContainer.getCoordinate_Ucs(A_SupportedContainer.java:46) ~[?:?]
	at thing.ground.landscape.C_Landscape.getThingCoord_Ucs(C_Landscape.java:571) ~[?:?]
	at thing.ground.A_SupportedContainer.getCoordinate_Ucs(A_SupportedContainer.java:46) ~[?:?]
	at thing.ground.landscape.C_Landscape.getThingCoord_Ucs(C_Landscape.java:571) ~[?:?]
	at thing.ground.A_SupportedContainer.getCoordinate_Ucs(A_SupportedContainer.java:46) ~[?:?]
	at thing.ground.landscape.C_Landscape.getThingCoord_Ucs(C_Landscape.java:571) ~[?:?]
	at thing.ground.A_SupportedContainer.getCoordinate_Ucs(A_SupportedContainer.java:46) ~[?:?]
	at thing.ground.landscape.C_Landscape.getThingCoord_Ucs(C_Landscape.java:571) ~[?:?]
	at thing.ground.A_SupportedContainer.getCoordinate_Ucs(A_SupportedContainer.java:46) ~[?:?]
	at thing.ground.landscape.C_Landscape.getThingCoord_Ucs(C_Landscape.java:571) ~[?:?]
	at thing.ground.A_SupportedContainer.getCoordinate_Ucs(A_SupportedContainer.java:46) ~[?:?]
	at thing.ground.landscape.C_Landscape.getThingCoord_Ucs(C_Landscape.java:571) ~[?:?]
	at thing.ground.A_SupportedContainer.getCoordinate_Ucs(A_SupportedContainer.java:46) ~[?:?]
	at thing.ground.landscape.C_Landscape.getThingCoord_Ucs(C_Landscape.java:571) ~[?:?]
	at thing.ground.A_SupportedContainer.getCoordinate_Ucs(A_SupportedContainer.java:46) ~[?:?]
	at thing.ground.landscape.C_Landscape.getThingCoord_Ucs(C_Landscape.java:571) ~[?:?]
	at thing.ground.A_SupportedContainer.getCoordinate_Ucs(A_SupportedContainer.java:46) ~[?:?]
	at thing.ground.landscape.C_Landscape.getThingCoord_Ucs(C_Landscape.java:571) ~[?:?]
	at thing.ground.A_SupportedContainer.getCoordinate_Ucs(A_SupportedContainer.java:46) ~[?:?]
	at thing.ground.landscape.C_Landscape.getThingCoord_Ucs(C_Landscape.java:571) ~[?:?]
	at thing.ground.A_SupportedContainer.getCoordinate_Ucs(A_SupportedContainer.java:46) ~[?:?]
	at thing.ground.landscape.C_Landscape.getThingCoord_Ucs(C_Landscape.java:571) ~[?:?]
	at thing.ground.A_SupportedContainer.getCoordinate_Ucs(A_SupportedContainer.java:46) ~[?:?]
	at thing.ground.landscape.C_Landscape.getThingCoord_Ucs(C_Landscape.java:571) ~[?:?]
	at thing.ground.A_SupportedContainer.getCoordinate_Ucs(A_SupportedContainer.java:46) ~[?:?]
	at thing.ground.landscape.C_Landscape.getThingCoord_Ucs(C_Landscape.java:571) ~[?:?]
	at thing.ground.A_SupportedContainer.getCoordinate_Ucs(A_SupportedContainer.java:46) ~[?:?]
	at thing.ground.landscape.C_Landscape.getThingCoord_Ucs(C_Landscape.java:571) ~[?:?]
	at thing.ground.A_SupportedContainer.getCoordinate_Ucs(A_SupportedContainer.java:46) ~[?:?]
	at thing.ground.landscape.C_Landscape.getThingCoord_Ucs(C_Landscape.java:571) ~[?:?]
	at thing.ground.A_SupportedContainer.getCoordinate_Ucs(A_SupportedContainer.java:46) ~[?:?]
	at thing.ground.landscape.C_Landscape.getThingCoord_Ucs(C_Landscape.java:571) ~[?:?]
	at thing.ground.A_SupportedContainer.getCoordinate_Ucs(A_SupportedContainer.java:46) ~[?:?]
	at thing.ground.landscape.C_Landscape.getThingCoord_Ucs(C_Landscape.java:571) ~[?:?]
	at thing.ground.A_SupportedContainer.getCoordinate_Ucs(A_SupportedContainer.java:46) ~[?:?]
	at thing.ground.landscape.C_Landscape.getThingCoord_Ucs(C_Landscape.java:571) ~[?:?]
	at thing.ground.A_SupportedContainer.getCoordinate_Ucs(A_SupportedContainer.java:46) ~[?:?]
	at thing.ground.landscape.C_Landscape.getThingCoord_Ucs(C_Landscape.java:571) ~[?:?]
	at thing.ground.A_SupportedContainer.getCoordinate_Ucs(A_SupportedContainer.java:46) ~[?:?]
	at thing.ground.landscape.C_Landscape.getThingCoord_Ucs(C_Landscape.java:571) ~[?:?]
	at thing.ground.A_SupportedContainer.getCoordinate_Ucs(A_SupportedContainer.java:46) ~[?:?]
	at thing.ground.landscape.C_Landscape.getThingCoord_Ucs(C_Landscape.java:571) ~[?:?]
	at thing.ground.A_SupportedContainer.getCoordinate_Ucs(A_SupportedContainer.java:46) ~[?:?]
	at thing.ground.landscape.C_Landscape.getThingCoord_Ucs(C_Landscape.java:571) ~[?:?]
	at thing.ground.A_SupportedContainer.getCoordinate_Ucs(A_SupportedContainer.java:46) ~[?:?]
	at thing.ground.landscape.C_Landscape.getThingCoord_Ucs(C_Landscape.java:571) ~[?:?]
	at thing.ground.A_SupportedContainer.getCoordinate_Ucs(A_SupportedContainer.java:46) ~[?:?]
	at thing.ground.landscape.C_Landscape.getThingCoord_Ucs(C_Landscape.java:571) ~[?:?]
	at thing.ground.A_SupportedContainer.getCoordinate_Ucs(A_SupportedContainer.java:46) ~[?:?]
	at thing.ground.landscape.C_Landscape.getThingCoord_Ucs(C_Landscape.java:571) ~[?:?]
	at thing.ground.A_SupportedContainer.getCoordinate_Ucs(A_SupportedContainer.java:46) ~[?:?]
	at thing.ground.landscape.C_Landscape.getThingCoord_Ucs(C_Landscape.java:571) ~[?:?]
	at thing.ground.A_SupportedContainer.getCoordinate_Ucs(A_SupportedContainer.java:46) ~[?:?]
	at thing.ground.landscape.C_Landscape.getThingCoord_Ucs(C_Landscape.java:571) ~[?:?]
	at thing.ground.A_SupportedContainer.getCoordinate_Ucs(A_SupportedContainer.java:46) ~[?:?]
	at thing.ground.landscape.C_Landscape.getThingCoord_Ucs(C_Landscape.java:571) ~[?:?]
	at thing.ground.A_SupportedContainer.getCoordinate_Ucs(A_SupportedContainer.java:46) ~[?:?]
	at thing.ground.landscape.C_Landscape.getThingCoord_Ucs(C_Landscape.java:571) ~[?:?]
	at thing.ground.A_SupportedContainer.getCoordinate_Ucs(A_SupportedContainer.java:46) ~[?:?]
	at thing.ground.landscape.C_Landscape.getThingCoord_Ucs(C_Landscape.java:571) ~[?:?]
	at thing.ground.A_SupportedContainer.getCoordinate_Ucs(A_SupportedContainer.java:46) ~[?:?]
	at thing.ground.landscape.C_Landscape.getThingCoord_Ucs(C_Landscape.java:571) ~[?:?]
	at thing.ground.A_SupportedContainer.getCoordinate_Ucs(A_SupportedContainer.java:46) ~[?:?]
	at thing.ground.landscape.C_Landscape.getThingCoord_Ucs(C_Landscape.java:571) ~[?:?]
	at thing.ground.A_SupportedContainer.getCoordinate_Ucs(A_SupportedContainer.java:46) ~[?:?]
	at thing.ground.landscape.C_Landscape.getThingCoord_Ucs(C_Landscape.java:571) ~[?:?]
	at thing.ground.A_SupportedContainer.getCoordinate_Ucs(A_SupportedContainer.java:46) ~[?:?]
	at thing.ground.landscape.C_Landscape.getThingCoord_Ucs(C_Landscape.java:571) ~[?:?]
	at thing.ground.A_SupportedContainer.getCoordinate_Ucs(A_SupportedContainer.java:46) ~[?:?]
	at thing.ground.landscape.C_Landscape.getThingCoord_Ucs(C_Landscape.java:571) ~[?:?]
	at thing.ground.A_SupportedContainer.getCoordinate_Ucs(A_SupportedContainer.java:46) ~[?:?]
	at thing.ground.landscape.C_Landscape.getThingCoord_Ucs(C_Landscape.java:571) ~[?:?]
	at thing.ground.A_SupportedContainer.getCoordinate_Ucs(A_SupportedContainer.java:46) ~[?:?]
	at thing.ground.landscape.C_Landscape.getThingCoord_Ucs(C_Landscape.java:571) ~[?:?]
	at thing.ground.A_SupportedContainer.getCoordinate_Ucs(A_SupportedContainer.java:46) ~[?:?]
	at thing.ground.landscape.C_Landscape.getThingCoord_Ucs(C_Landscape.java:571) ~[?:?]
	at thing.ground.A_SupportedContainer.getCoordinate_Ucs(A_SupportedContainer.java:46) ~[?:?]
	at thing.ground.landscape.C_Landscape.getThingCoord_Ucs(C_Landscape.java:571) ~[?:?]
	at thing.ground.A_SupportedContainer.getCoordinate_Ucs(A_SupportedContainer.java:46) ~[?:?]
	at thing.ground.landscape.C_Landscape.getThingCoord_Ucs(C_Landscape.java:571) ~[?:?]
	at thing.ground.A_SupportedContainer.getCoordinate_Ucs(A_SupportedContainer.java:46) ~[?:?]
	at thing.ground.landscape.C_Landscape.getThingCoord_Ucs(C_Landscape.java:571) ~[?:?]
	at thing.ground.A_SupportedContainer.getCoordinate_Ucs(A_SupportedContainer.java:46) ~[?:?]
	at thing.ground.landscape.C_Landscape.getThingCoord_Ucs(C_Landscape.java:571) ~[?:?]
	at thing.ground.A_SupportedContainer.getCoordinate_Ucs(A_SupportedContainer.java:46) ~[?:?]
	at thing.ground.landscape.C_Landscape.getThingCoord_Ucs(C_Landscape.java:571) ~[?:?]
	at thing.ground.A_SupportedContainer.getCoordinate_Ucs(A_SupportedContainer.java:46) ~[?:?]
	at thing.ground.landscape.C_Landscape.getThingCoord_Ucs(C_Landscape.java:571) ~[?:?]
	at thing.ground.A_SupportedContainer.getCoordinate_Ucs(A_SupportedContainer.java:46) ~[?:?]
	at thing.ground.landscape.C_Landscape.getThingCoord_Ucs(C_Landscape.java:571) ~[?:?]
	at thing.ground.A_SupportedContainer.getCoordinate_Ucs(A_SupportedContainer.java:46) ~[?:?]
	at thing.ground.landscape.C_Landscape.getThingCoord_Ucs(C_Landscape.java:571) ~[?:?]
	at thing.ground.A_SupportedContainer.getCoordinate_Ucs(A_SupportedContainer.java:46) ~[?:?]
	at thing.ground.landscape.C_Landscape.getThingCoord_Ucs(C_Landscape.java:571) ~[?:?]
	at thing.ground.A_SupportedContainer.getCoordinate_Ucs(A_SupportedContainer.java:46) ~[?:?]
	at thing.ground.landscape.C_Landscape.getThingCoord_Ucs(C_Landscape.java:571) ~[?:?]
	at thing.ground.A_SupportedContainer.getCoordinate_Ucs(A_SupportedContainer.java:46) ~[?:?]
	at thing.ground.landscape.C_Landscape.getThingCoord_Ucs(C_Landscape.java:571) ~[?:?]
	at thing.ground.A_SupportedContainer.getCoordinate_Ucs(A_SupportedContainer.java:46) ~[?:?]
	at thing.ground.landscape.C_Landscape.getThingCoord_Ucs(C_Landscape.java:571) ~[?:?]
	at thing.ground.A_SupportedContainer.getCoordinate_Ucs(A_SupportedContainer.java:46) ~[?:?]
	at thing.ground.landscape.C_Landscape.getThingCoord_Ucs(C_Landscape.java:571) ~[?:?]
	at thing.ground.A_SupportedContainer.getCoordinate_Ucs(A_SupportedContainer.java:46) ~[?:?]
	at thing.ground.landscape.C_Landscape.getThingCoord_Ucs(C_Landscape.java:571) ~[?:?]
	at thing.ground.A_SupportedContainer.getCoordinate_Ucs(A_SupportedContainer.java:46) ~[?:?]
	at thing.ground.landscape.C_Landscape.getThingCoord_Ucs(C_Landscape.java:571) ~[?:?]
	at thing.ground.A_SupportedContainer.getCoordinate_Ucs(A_SupportedContainer.java:46) ~[?:?]
	at thing.ground.landscape.C_Landscape.getThingCoord_Ucs(C_Landscape.java:571) ~[?:?]
	at thing.ground.A_SupportedContainer.getCoordinate_Ucs(A_SupportedContainer.java:46) ~[?:?]
	at thing.ground.landscape.C_Landscape.getThingCoord_Ucs(C_Landscape.java:571) ~[?:?]
	at thing.ground.A_SupportedContainer.getCoordinate_Ucs(A_SupportedContainer.java:46) ~[?:?]
	at thing.ground.landscape.C_Landscape.getThingCoord_Ucs(C_Landscape.java:571) ~[?:?]
	at thing.ground.A_SupportedContainer.getCoordinate_Ucs(A_SupportedContainer.java:46) ~[?:?]
	at thing.ground.landscape.C_Landscape.getThingCoord_Ucs(C_Landscape.java:571) ~[?:?]
	at thing.ground.A_SupportedContainer.getCoordinate_Ucs(A_SupportedContainer.java:46) ~[?:?]
	at thing.ground.landscape.C_Landscape.getThingCoord_Ucs(C_Landscape.java:571) ~[?:?]
	at thing.ground.A_SupportedContainer.getCoordinate_Ucs(A_SupportedContainer.java:46) ~[?:?]
	at thing.ground.landscape.C_Landscape.getThingCoord_Ucs(C_Landscape.java:571) ~[?:?]
	at thing.ground.A_SupportedContainer.getCoordinate_Ucs(A_SupportedContainer.java:46) ~[?:?]
	at thing.ground.landscape.C_Landscape.getThingCoord_Ucs(C_Landscape.java:571) ~[?:?]
	at thing.ground.A_SupportedContainer.getCoordinate_Ucs(A_SupportedContainer.java:46) ~[?:?]
	at thing.ground.landscape.C_Landscape.getThingCoord_Ucs(C_Landscape.java:571) ~[?:?]
	at thing.ground.A_SupportedContainer.getCoordinate_Ucs(A_SupportedContainer.java:46) ~[?:?]
	at thing.ground.landscape.C_Landscape.getThingCoord_Ucs(C_Landscape.java:571) ~[?:?]
	at thing.ground.A_SupportedContainer.getCoordinate_Ucs(A_SupportedContainer.java:46) ~[?:?]
	at thing.ground.landscape.C_Landscape.getThingCoord_Ucs(C_Landscape.java:571) ~[?:?]
	at thing.ground.A_SupportedContainer.getCoordinate_Ucs(A_SupportedContainer.java:46) ~[?:?]
	at thing.ground.landscape.C_Landscape.getThingCoord_Ucs(C_Landscape.java:571) ~[?:?]
	at thing.ground.A_SupportedContainer.getCoordinate_Ucs(A_SupportedContainer.java:46) ~[?:?]
	at thing.ground.landscape.C_Landscape.getThingCoord_Ucs(C_Landscape.java:571) ~[?:?]
	at thing.ground.A_SupportedContainer.getCoordinate_Ucs(A_SupportedContainer.java:46) ~[?:?]
	at thing.ground.landscape.C_Landscape.getThingCoord_Ucs(C_Landscape.java:571) ~[?:?]
	at thing.ground.A_SupportedContainer.getCoordinate_Ucs(A_SupportedContainer.java:46) ~[?:?]
	at thing.ground.landscape.C_Landscape.getThingCoord_Ucs(C_Landscape.java:571) ~[?:?]
	at thing.ground.A_SupportedContainer.getCoordinate_Ucs(A_SupportedContainer.java:46) ~[?:?]
	at thing.ground.landscape.C_Landscape.getThingCoord_Ucs(C_Landscape.java:571) ~[?:?]
	at thing.ground.A_SupportedContainer.getCoordinate_Ucs(A_SupportedContainer.java:46) ~[?:?]
	at thing.ground.landscape.C_Landscape.getThingCoord_Ucs(C_Landscape.java:571) ~[?:?]
	at thing.ground.A_SupportedContainer.getCoordinate_Ucs(A_SupportedContainer.java:46) ~[?:?]
	at thing.ground.landscape.C_Landscape.getThingCoord_Ucs(C_Landscape.java:571) ~[?:?]
	at thing.ground.A_SupportedContainer.getCoordinate_Ucs(A_SupportedContainer.java:46) ~[?:?]
	at thing.ground.landscape.C_Landscape.getThingCoord_Ucs(C_Landscape.java:571) ~[?:?]
	at thing.ground.A_SupportedContainer.getCoordinate_Ucs(A_SupportedContainer.java:46) ~[?:?]
	at thing.ground.landscape.C_Landscape.getThingCoord_Ucs(C_Landscape.java:571) ~[?:?]
	at thing.ground.A_SupportedContainer.getCoordinate_Ucs(A_SupportedContainer.java:46) ~[?:?]
	at thing.ground.landscape.C_Landscape.getThingCoord_Ucs(C_Landscape.java:571) ~[?:?]
	at thing.ground.A_SupportedContainer.getCoordinate_Ucs(A_SupportedContainer.java:46) ~[?:?]
	at thing.ground.landscape.C_Landscape.getThingCoord_Ucs(C_Landscape.java:571) ~[?:?]
	at thing.ground.A_SupportedContainer.getCoordinate_Ucs(A_SupportedContainer.java:46) ~[?:?]
	at thing.ground.landscape.C_Landscape.getThingCoord_Ucs(C_Landscape.java:571) ~[?:?]
	at thing.ground.A_SupportedContainer.getCoordinate_Ucs(A_SupportedContainer.java:46) ~[?:?]
	at thing.ground.landscape.C_Landscape.getThingCoord_Ucs(C_Landscape.java:571) ~[?:?]
	at thing.ground.A_SupportedContainer.getCoordinate_Ucs(A_SupportedContainer.java:46) ~[?:?]
	at thing.ground.landscape.C_Landscape.getThingCoord_Ucs(C_Landscape.java:571) ~[?:?]
	at thing.ground.A_SupportedContainer.getCoordinate_Ucs(A_SupportedContainer.java:46) ~[?:?]
	at thing.ground.landscape.C_Landscape.getThingCoord_Ucs(C_Landscape.java:571) ~[?:?]
	at thing.ground.A_SupportedContainer.getCoordinate_Ucs(A_SupportedContainer.java:46) ~[?:?]
	at thing.ground.landscape.C_Landscape.getThingCoord_Ucs(C_Landscape.java:571) ~[?:?]
	at thing.ground.A_SupportedContainer.getCoordinate_Ucs(A_SupportedContainer.java:46) ~[?:?]
	at thing.ground.landscape.C_Landscape.getThingCoord_Ucs(C_Landscape.java:571) ~[?:?]
	at thing.ground.A_SupportedContainer.getCoordinate_Ucs(A_SupportedContainer.java:46) ~[?:?]
	at thing.ground.landscape.C_Landscape.getThingCoord_Ucs(C_Landscape.java:571) ~[?:?]
	at thing.ground.A_SupportedContainer.getCoordinate_Ucs(A_SupportedContainer.java:46) ~[?:?]
	at thing.ground.landscape.C_Landscape.getThingCoord_Ucs(C_Landscape.java:571) ~[?:?]
	at thing.ground.A_SupportedContainer.getCoordinate_Ucs(A_SupportedContainer.java:46) ~[?:?]
	at thing.ground.landscape.C_Landscape.getThingCoord_Ucs(C_Landscape.java:571) ~[?:?]
	at thing.ground.A_SupportedContainer.getCoordinate_Ucs(A_SupportedContainer.java:46) ~[?:?]
	at thing.ground.landscape.C_Landscape.getThingCoord_Ucs(C_Landscape.java:571) ~[?:?]
	at thing.ground.A_SupportedContainer.getCoordinate_Ucs(A_SupportedContainer.java:46) ~[?:?]
	at thing.ground.landscape.C_Landscape.getThingCoord_Ucs(C_Landscape.java:571) ~[?:?]
	at thing.ground.A_SupportedContainer.getCoordinate_Ucs(A_SupportedContainer.java:46) ~[?:?]
	at thing.ground.landscape.C_Landscape.getThingCoord_Ucs(C_Landscape.java:571) ~[?:?]
	at thing.ground.A_SupportedContainer.getCoordinate_Ucs(A_SupportedContainer.java:46) ~[?:?]
	at thing.ground.landscape.C_Landscape.getThingCoord_Ucs(C_Landscape.java:571) ~[?:?]
	at thing.ground.A_SupportedContainer.getCoordinate_Ucs(A_SupportedContainer.java:46) ~[?:?]
	at thing.ground.landscape.C_Landscape.getThingCoord_Ucs(C_Landscape.java:571) ~[?:?]
	at thing.ground.A_SupportedContainer.getCoordinate_Ucs(A_SupportedContainer.java:46) ~[?:?]
	at thing.ground.landscape.C_Landscape.getThingCoord_Ucs(C_Landscape.java:571) ~[?:?]
	at thing.ground.A_SupportedContainer.getCoordinate_Ucs(A_SupportedContainer.java:46) ~[?:?]
	at thing.ground.landscape.C_Landscape.getThingCoord_Ucs(C_Landscape.java:571) ~[?:?]
	at thing.ground.A_SupportedContainer.getCoordinate_Ucs(A_SupportedContainer.java:46) ~[?:?]
	at thing.ground.landscape.C_Landscape.getThingCoord_Ucs(C_Landscape.java:571) ~[?:?]
	at thing.ground.A_SupportedContainer.getCoordinate_Ucs(A_SupportedContainer.java:46) ~[?:?]
	at thing.ground.landscape.C_Landscape.getThingCoord_Ucs(C_Landscape.java:571) ~[?:?]
	at thing.ground.A_SupportedContainer.getCoordinate_Ucs(A_SupportedContainer.java:46) ~[?:?]
	at thing.ground.landscape.C_Landscape.getThingCoord_Ucs(C_Landscape.java:571) ~[?:?]
	at thing.ground.A_SupportedContainer.getCoordinate_Ucs(A_SupportedContainer.java:46) ~[?:?]
	at thing.ground.landscape.C_Landscape.getThingCoord_Ucs(C_Landscape.java:571) ~[?:?]
	at thing.ground.A_SupportedContainer.getCoordinate_Ucs(A_SupportedContainer.java:46) ~[?:?]
	at thing.ground.landscape.C_Landscape.getThingCoord_Ucs(C_Landscape.java:571) ~[?:?]
	at thing.ground.A_SupportedContainer.getCoordinate_Ucs(A_SupportedContainer.java:46) ~[?:?]
	at thing.ground.landscape.C_Landscape.getThingCoord_Ucs(C_Landscape.java:571) ~[?:?]
	at thing.ground.A_SupportedContainer.getCoordinate_Ucs(A_SupportedContainer.java:46) ~[?:?]
	at thing.ground.landscape.C_Landscape.getThingCoord_Ucs(C_Landscape.java:571) ~[?:?]
	at thing.ground.A_SupportedContainer.getCoordinate_Ucs(A_SupportedContainer.java:46) ~[?:?]
	at thing.ground.landscape.C_Landscape.getThingCoord_Ucs(C_Landscape.java:571) ~[?:?]
	at thing.ground.A_SupportedContainer.getCoordinate_Ucs(A_SupportedContainer.java:46) ~[?:?]
	at thing.ground.landscape.C_Landscape.getThingCoord_Ucs(C_Landscape.java:571) ~[?:?]
	at thing.ground.A_SupportedContainer.getCoordinate_Ucs(A_SupportedContainer.java:46) ~[?:?]
	at thing.ground.landscape.C_Landscape.getThingCoord_Ucs(C_Landscape.java:571) ~[?:?]
	at thing.ground.A_SupportedContainer.getCoordinate_Ucs(A_SupportedContainer.java:46) ~[?:?]
	at thing.ground.landscape.C_Landscape.getThingCoord_Ucs(C_Landscape.java:571) ~[?:?]
	at thing.ground.A_SupportedContainer.getCoordinate_Ucs(A_SupportedContainer.java:46) ~[?:?]
	at thing.ground.landscape.C_Landscape.getThingCoord_Ucs(C_Landscape.java:571) ~[?:?]
	at thing.ground.A_SupportedContainer.getCoordinate_Ucs(A_SupportedContainer.java:46) ~[?:?]
	at thing.ground.landscape.C_Landscape.getThingCoord_Ucs(C_Landscape.java:571) ~[?:?]
	at thing.ground.A_SupportedContainer.getCoordinate_Ucs(A_SupportedContainer.java:46) ~[?:?]
	at thing.ground.landscape.C_Landscape.getThingCoord_Ucs(C_Landscape.java:571) ~[?:?]
	at thing.ground.A_SupportedContainer.getCoordinate_Ucs(A_SupportedContainer.java:46) ~[?:?]
	at thing.ground.landscape.C_Landscape.getThingCoord_Ucs(C_Landscape.java:571) ~[?:?]
	at thing.ground.A_SupportedContainer.getCoordinate_Ucs(A_SupportedContainer.java:46) ~[?:?]
	at thing.ground.landscape.C_Landscape.getThingCoord_Ucs(C_Landscape.java:571) ~[?:?]
	at thing.ground.A_SupportedContainer.getCoordinate_Ucs(A_SupportedContainer.java:46) ~[?:?]
	at thing.ground.landscape.C_Landscape.getThingCoord_Ucs(C_Landscape.java:571) ~[?:?]
	at thing.ground.A_SupportedContainer.getCoordinate_Ucs(A_SupportedContainer.java:46) ~[?:?]
	at thing.ground.landscape.C_Landscape.getThingCoord_Ucs(C_Landscape.java:571) ~[?:?]
	at thing.ground.A_SupportedContainer.getCoordinate_Ucs(A_SupportedContainer.java:46) ~[?:?]
	at thing.ground.landscape.C_Landscape.getThingCoord_Ucs(C_Landscape.java:571) ~[?:?]
	at thing.ground.A_SupportedContainer.getCoordinate_Ucs(A_SupportedContainer.java:46) ~[?:?]
	at thing.ground.landscape.C_Landscape.getThingCoord_Ucs(C_Landscape.java:571) ~[?:?]
	at thing.ground.A_SupportedContainer.getCoordinate_Ucs(A_SupportedContainer.java:46) ~[?:?]
	at thing.ground.landscape.C_Landscape.getThingCoord_Ucs(C_Landscape.java:571) ~[?:?]
	at thing.ground.A_SupportedContainer.getCoordinate_Ucs(A_SupportedContainer.java:46) ~[?:?]
	at thing.ground.landscape.C_Landscape.getThingCoord_Ucs(C_Landscape.java:571) ~[?:?]
	at thing.ground.A_SupportedContainer.getCoordinate_Ucs(A_SupportedContainer.java:46) ~[?:?]
	at thing.ground.landscape.C_Landscape.getThingCoord_Ucs(C_Landscape.java:571) ~[?:?]
	at thing.ground.A_SupportedContainer.getCoordinate_Ucs(A_SupportedContainer.java:46) ~[?:?]
	at thing.ground.landscape.C_Landscape.getThingCoord_Ucs(C_Landscape.java:571) ~[?:?]
	at thing.ground.A_SupportedContainer.getCoordinate_Ucs(A_SupportedContainer.java:46) ~[?:?]
	at thing.ground.landscape.C_Landscape.getThingCoord_Ucs(C_Landscape.java:571) ~[?:?]
	at thing.ground.A_SupportedContainer.getCoordinate_Ucs(A_SupportedContainer.java:46) ~[?:?]
	at thing.ground.landscape.C_Landscape.getThingCoord_Ucs(C_Landscape.java:571) ~[?:?]
	at thing.ground.A_SupportedContainer.getCoordinate_Ucs(A_SupportedContainer.java:46) ~[?:?]
	at thing.ground.landscape.C_Landscape.getThingCoord_Ucs(C_Landscape.java:571) ~[?:?]
	at thing.ground.A_SupportedContainer.getCoordinate_Ucs(A_SupportedContainer.java:46) ~[?:?]
	at thing.ground.landscape.C_Landscape.getThingCoord_Ucs(C_Landscape.java:571) ~[?:?]
	at thing.ground.A_SupportedContainer.getCoordinate_Ucs(A_SupportedContainer.java:46) ~[?:?]
	at thing.ground.landscape.C_Landscape.getThingCoord_Ucs(C_Landscape.java:571) ~[?:?]
	at thing.ground.A_SupportedContainer.getCoordinate_Ucs(A_SupportedContainer.java:46) ~[?:?]
	at thing.ground.landscape.C_Landscape.getThingCoord_Ucs(C_Landscape.java:571) ~[?:?]
	at thing.ground.A_SupportedContainer.getCoordinate_Ucs(A_SupportedContainer.java:46) ~[?:?]
	at thing.ground.landscape.C_Landscape.getThingCoord_Ucs(C_Landscape.java:571) ~[?:?]
	at thing.ground.A_SupportedContainer.getCoordinate_Ucs(A_SupportedContainer.java:46) ~[?:?]
	at thing.ground.landscape.C_Landscape.getThingCoord_Ucs(C_Landscape.java:571) ~[?:?]
	at thing.ground.A_SupportedContainer.getCoordinate_Ucs(A_SupportedContainer.java:46) ~[?:?]
	at thing.ground.landscape.C_Landscape.getThingCoord_Ucs(C_Landscape.java:571) ~[?:?]
	at thing.ground.A_SupportedContainer.getCoordinate_Ucs(A_SupportedContainer.java:46) ~[?:?]
	at thing.ground.landscape.C_Landscape.getThingCoord_Ucs(C_Landscape.java:571) ~[?:?]
	at thing.ground.A_SupportedContainer.getCoordinate_Ucs(A_SupportedContainer.java:46) ~[?:?]
	at thing.ground.landscape.C_Landscape.getThingCoord_Ucs(C_Landscape.java:571) ~[?:?]
	at thing.ground.A_SupportedContainer.getCoordinate_Ucs(A_SupportedContainer.java:46) ~[?:?]
	at thing.ground.landscape.C_Landscape.getThingCoord_Ucs(C_Landscape.java:571) ~[?:?]
	at thing.ground.A_SupportedContainer.getCoordinate_Ucs(A_SupportedContainer.java:46) ~[?:?]
	at thing.ground.landscape.C_Landscape.getThingCoord_Ucs(C_Landscape.java:571) ~[?:?]
	at thing.ground.A_SupportedContainer.getCoordinate_Ucs(A_SupportedContainer.java:46) ~[?:?]
	at thing.ground.landscape.C_Landscape.getThingCoord_Ucs(C_Landscape.java:571) ~[?:?]
	at thing.ground.A_SupportedContainer.getCoordinate_Ucs(A_SupportedContainer.java:46) ~[?:?]
	at thing.ground.landscape.C_Landscape.getThingCoord_Ucs(C_Landscape.java:571) ~[?:?]
	at thing.ground.A_SupportedContainer.getCoordinate_Ucs(A_SupportedContainer.java:46) ~[?:?]
	at thing.ground.landscape.C_Landscape.getThingCoord_Ucs(C_Landscape.java:571) ~[?:?]
	at thing.ground.A_SupportedContainer.getCoordinate_Ucs(A_SupportedContainer.java:46) ~[?:?]
	at thing.ground.landscape.C_Landscape.getThingCoord_Ucs(C_Landscape.java:571) ~[?:?]
	at thing.ground.A_SupportedContainer.getCoordinate_Ucs(A_SupportedContainer.java:46) ~[?:?]
	at thing.ground.landscape.C_Landscape.getThingCoord_Ucs(C_Landscape.java:571) ~[?:?]
	at thing.ground.A_SupportedContainer.getCoordinate_Ucs(A_SupportedContainer.java:46) ~[?:?]
	at thing.ground.landscape.C_Landscape.getThingCoord_Ucs(C_Landscape.java:571) ~[?:?]
	at thing.ground.A_SupportedContainer.getCoordinate_Ucs(A_SupportedContainer.java:46) ~[?:?]
	at thing.ground.landscape.C_Landscape.getThingCoord_Ucs(C_Landscape.java:571) ~[?:?]
	at thing.ground.A_SupportedContainer.getCoordinate_Ucs(A_SupportedContainer.java:46) ~[?:?]
	at thing.ground.landscape.C_Landscape.getThingCoord_Ucs(C_Landscape.java:571) ~[?:?]
	at thing.ground.A_SupportedContainer.getCoordinate_Ucs(A_SupportedContainer.java:46) ~[?:?]
	at thing.ground.landscape.C_Landscape.getThingCoord_Ucs(C_Landscape.java:571) ~[?:?]
	at thing.ground.A_SupportedContainer.getCoordinate_Ucs(A_SupportedContainer.java:46) ~[?:?]
	at thing.ground.landscape.C_Landscape.getThingCoord_Ucs(C_Landscape.java:571) ~[?:?]
	at thing.ground.A_SupportedContainer.getCoordinate_Ucs(A_SupportedContainer.java:46) ~[?:?]
	at thing.ground.landscape.C_Landscape.getThingCoord_Ucs(C_Landscape.java:571) ~[?:?]
	at thing.ground.A_SupportedContainer.getCoordinate_Ucs(A_SupportedContainer.java:46) ~[?:?]
	at thing.ground.landscape.C_Landscape.getThingCoord_Ucs(C_Landscape.java:571) ~[?:?]
	at thing.ground.A_SupportedContainer.getCoordinate_Ucs(A_SupportedContainer.java:46) ~[?:?]
	at thing.ground.landscape.C_Landscape.getThingCoord_Ucs(C_Landscape.java:571) ~[?:?]
	at thing.ground.A_SupportedContainer.getCoordinate_Ucs(A_SupportedContainer.java:46) ~[?:?]
	at thing.ground.landscape.C_Landscape.getThingCoord_Ucs(C_Landscape.java:571) ~[?:?]
	at thing.ground.A_SupportedContainer.getCoordinate_Ucs(A_SupportedContainer.java:46) ~[?:?]
	at thing.ground.landscape.C_Landscape.getThingCoord_Ucs(C_Landscape.java:571) ~[?:?]
	at thing.ground.A_SupportedContainer.getCoordinate_Ucs(A_SupportedContainer.java:46) ~[?:?]
	at thing.ground.landscape.C_Landscape.getThingCoord_Ucs(C_Landscape.java:571) ~[?:?]
	at thing.ground.A_SupportedContainer.getCoordinate_Ucs(A_SupportedContainer.java:46) ~[?:?]
	at thing.ground.landscape.C_Landscape.getThingCoord_Ucs(C_Landscape.java:571) ~[?:?]
	at thing.ground.A_SupportedContainer.getCoordinate_Ucs(A_SupportedContainer.java:46) ~[?:?]
	at thing.ground.landscape.C_Landscape.getThingCoord_Ucs(C_Landscape.java:571) ~[?:?]
	at thing.ground.A_SupportedContainer.getCoordinate_Ucs(A_SupportedContainer.java:46) ~[?:?]
	at thing.ground.landscape.C_Landscape.getThingCoord_Ucs(C_Landscape.java:571) ~[?:?]
	at thing.ground.A_SupportedContainer.getCoordinate_Ucs(A_SupportedContainer.java:46) ~[?:?]
	at thing.ground.landscape.C_Landscape.getThingCoord_Ucs(C_Landscape.java:571) ~[?:?]
	at thing.ground.A_SupportedContainer.getCoordinate_Ucs(A_SupportedContainer.java:46) ~[?:?]
	at thing.ground.landscape.C_Landscape.getThingCoord_Ucs(C_Landscape.java:571) ~[?:?]
	at thing.ground.A_SupportedContainer.getCoordinate_Ucs(A_SupportedContainer.java:46) ~[?:?]
	at thing.ground.landscape.C_Landscape.getThingCoord_Ucs(C_Landscape.java:571) ~[?:?]
	at thing.ground.A_SupportedContainer.getCoordinate_Ucs(A_SupportedContainer.java:46) ~[?:?]
	at thing.ground.landscape.C_Landscape.getThingCoord_Ucs(C_Landscape.java:571) ~[?:?]
	at thing.ground.A_SupportedContainer.getCoordinate_Ucs(A_SupportedContainer.java:46) ~[?:?]
	at thing.ground.landscape.C_Landscape.getThingCoord_Ucs(C_Landscape.java:571) ~[?:?]
	at thing.ground.A_SupportedContainer.getCoordinate_Ucs(A_SupportedContainer.java:46) ~[?:?]
	at thing.ground.landscape.C_Landscape.getThingCoord_Ucs(C_Landscape.java:571) ~[?:?]
	at thing.ground.A_SupportedContainer.getCoordinate_Ucs(A_SupportedContainer.java:46) ~[?:?]
	at thing.ground.landscape.C_Landscape.getThingCoord_Ucs(C_Landscape.java:571) ~[?:?]
	at thing.ground.A_SupportedContainer.getCoordinate_Ucs(A_SupportedContainer.java:46) ~[?:?]
	at thing.ground.landscape.C_Landscape.getThingCoord_Ucs(C_Landscape.java:571) ~[?:?]
	at thing.ground.A_SupportedContainer.getCoordinate_Ucs(A_SupportedContainer.java:46) ~[?:?]
	at thing.ground.landscape.C_Landscape.getThingCoord_Ucs(C_Landscape.java:571) ~[?:?]
	at thing.ground.A_SupportedContainer.getCoordinate_Ucs(A_SupportedContainer.java:46) ~[?:?]
	at thing.ground.landscape.C_Landscape.getThingCoord_Ucs(C_Landscape.java:571) ~[?:?]
	at thing.ground.A_SupportedContainer.getCoordinate_Ucs(A_SupportedContainer.java:46) ~[?:?]
	at thing.ground.landscape.C_Landscape.getThingCoord_Ucs(C_Landscape.java:571) ~[?:?]
	at thing.ground.A_SupportedContainer.getCoordinate_Ucs(A_SupportedContainer.java:46) ~[?:?]
	at thing.ground.landscape.C_Landscape.getThingCoord_Ucs(C_Landscape.java:571) ~[?:?]
	at thing.ground.A_SupportedContainer.getCoordinate_Ucs(A_SupportedContainer.java:46) ~[?:?]
	at thing.ground.landscape.C_Landscape.getThingCoord_Ucs(C_Landscape.java:571) ~[?:?]
	at thing.ground.A_SupportedContainer.getCoordinate_Ucs(A_SupportedContainer.java:46) ~[?:?]
	at thing.ground.landscape.C_Landscape.getThingCoord_Ucs(C_Landscape.java:571) ~[?:?]
	at thing.ground.A_SupportedContainer.getCoordinate_Ucs(A_SupportedContainer.java:46) ~[?:?]
	at thing.ground.landscape.C_Landscape.getThingCoord_Ucs(C_Landscape.java:571) ~[?:?]
	at thing.ground.A_SupportedContainer.getCoordinate_Ucs(A_SupportedContainer.java:46) ~[?:?]
	at thing.ground.landscape.C_Landscape.getThingCoord_Ucs(C_Landscape.java:571) ~[?:?]
	at thing.ground.A_SupportedContainer.getCoordinate_Ucs(A_SupportedContainer.java:46) ~[?:?]
	at thing.ground.landscape.C_Landscape.getThingCoord_Ucs(C_Landscape.java:571) ~[?:?]
	at thing.ground.A_SupportedContainer.getCoordinate_Ucs(A_SupportedContainer.java:46) ~[?:?]
	at thing.ground.landscape.C_Landscape.getThingCoord_Ucs(C_Landscape.java:571) ~[?:?]
	at thing.ground.A_SupportedContainer.getCoordinate_Ucs(A_SupportedContainer.java:46) ~[?:?]
	at thing.ground.landscape.C_Landscape.getThingCoord_Ucs(C_Landscape.java:571) ~[?:?]
	at thing.ground.A_SupportedContainer.getCoordinate_Ucs(A_SupportedContainer.java:46) ~[?:?]
	at thing.ground.landscape.C_Landscape.getThingCoord_Ucs(C_Landscape.java:571) ~[?:?]
	at thing.ground.A_SupportedContainer.getCoordinate_Ucs(A_SupportedContainer.java:46) ~[?:?]
	at thing.ground.landscape.C_Landscape.getThingCoord_Ucs(C_Landscape.java:571) ~[?:?]
	at thing.ground.A_SupportedContainer.getCoordinate_Ucs(A_SupportedContainer.java:46) ~[?:?]
	at thing.ground.landscape.C_Landscape.getThingCoord_Ucs(C_Landscape.java:571) ~[?:?]
	at thing.ground.A_SupportedContainer.getCoordinate_Ucs(A_SupportedContainer.java:46) ~[?:?]
	at thing.ground.landscape.C_Landscape.getThingCoord_Ucs(C_Landscape.java:571) ~[?:?]
	at thing.ground.A_SupportedContainer.getCoordinate_Ucs(A_SupportedContainer.java:46) ~[?:?]
	at thing.ground.landscape.C_Landscape.getThingCoord_Ucs(C_Landscape.java:571) ~[?:?]
	at thing.ground.A_SupportedContainer.getCoordinate_Ucs(A_SupportedContainer.java:46) ~[?:?]
	at thing.ground.landscape.C_Landscape.getThingCoord_Ucs(C_Landscape.java:571) ~[?:?]
	at thing.ground.A_SupportedContainer.getCoordinate_Ucs(A_SupportedContainer.java:46) ~[?:?]
	at thing.ground.landscape.C_Landscape.getThingCoord_Ucs(C_Landscape.java:571) ~[?:?]
	at thing.ground.A_SupportedContainer.getCoordinate_Ucs(A_SupportedContainer.java:46) ~[?:?]
	at thing.ground.landscape.C_Landscape.getThingCoord_Ucs(C_Landscape.java:571) ~[?:?]
	at thing.ground.A_SupportedContainer.getCoordinate_Ucs(A_SupportedContainer.java:46) ~[?:?]
	at thing.ground.landscape.C_Landscape.getThingCoord_Ucs(C_Landscape.java:571) ~[?:?]
	at thing.ground.A_SupportedContainer.getCoordinate_Ucs(A_SupportedContainer.java:46) ~[?:?]
	at thing.ground.landscape.C_Landscape.getThingCoord_Ucs(C_Landscape.java:571) ~[?:?]
	at thing.ground.A_SupportedContainer.getCoordinate_Ucs(A_SupportedContainer.java:46) ~[?:?]
	at thing.ground.landscape.C_Landscape.getThingCoord_Ucs(C_Landscape.java:571) ~[?:?]
	at thing.ground.A_SupportedContainer.getCoordinate_Ucs(A_SupportedContainer.java:46) ~[?:?]
	at thing.ground.landscape.C_Landscape.getThingCoord_Ucs(C_Landscape.java:571) ~[?:?]
	at thing.ground.A_SupportedContainer.getCoordinate_Ucs(A_SupportedContainer.java:46) ~[?:?]
	at thing.ground.landscape.C_Landscape.getThingCoord_Ucs(C_Landscape.java:571) ~[?:?]
	at thing.ground.A_SupportedContainer.getCoordinate_Ucs(A_SupportedContainer.java:46) ~[?:?]
	at thing.ground.landscape.C_Landscape.getThingCoord_Ucs(C_Landscape.java:571) ~[?:?]
	at thing.ground.A_SupportedContainer.getCoordinate_Ucs(A_SupportedContainer.java:46) ~[?:?]
	at thing.ground.landscape.C_Landscape.getThingCoord_Ucs(C_Landscape.java:571) ~[?:?]
	at thing.ground.A_SupportedContainer.getCoordinate_Ucs(A_SupportedContainer.java:46) ~[?:?]
	at thing.ground.landscape.C_Landscape.getThingCoord_Ucs(C_Landscape.java:571) ~[?:?]
	at thing.ground.A_SupportedContainer.getCoordinate_Ucs(A_SupportedContainer.java:46) ~[?:?]
	at thing.ground.landscape.C_Landscape.getThingCoord_Ucs(C_Landscape.java:571) ~[?:?]
	at thing.ground.A_SupportedContainer.getCoordinate_Ucs(A_SupportedContainer.java:46) ~[?:?]
	at thing.ground.landscape.C_Landscape.getThingCoord_Ucs(C_Landscape.java:571) ~[?:?]
	at thing.ground.A_SupportedContainer.getCoordinate_Ucs(A_SupportedContainer.java:46) ~[?:?]
	at thing.ground.landscape.C_Landscape.getThingCoord_Ucs(C_Landscape.java:571) ~[?:?]
	at thing.ground.A_SupportedContainer.getCoordinate_Ucs(A_SupportedContainer.java:46) ~[?:?]
	at thing.ground.landscape.C_Landscape.getThingCoord_Ucs(C_Landscape.java:571) ~[?:?]
	at thing.ground.A_SupportedContainer.getCoordinate_Ucs(A_SupportedContainer.java:46) ~[?:?]
	at thing.ground.landscape.C_Landscape.getThingCoord_Ucs(C_Landscape.java:571) ~[?:?]
	at thing.ground.A_SupportedContainer.getCoordinate_Ucs(A_SupportedContainer.java:46) ~[?:?]
	at thing.ground.landscape.C_Landscape.getThingCoord_Ucs(C_Landscape.java:571) ~[?:?]
	at thing.ground.A_SupportedContainer.getCoordinate_Ucs(A_SupportedContainer.java:46) ~[?:?]
	at thing.ground.landscape.C_Landscape.getThingCoord_Ucs(C_Landscape.java:571) ~[?:?]
	at thing.ground.A_SupportedContainer.getCoordinate_Ucs(A_SupportedContainer.java:46) ~[?:?]
	at thing.ground.landscape.C_Landscape.getThingCoord_Ucs(C_Landscape.java:571) ~[?:?]
	at thing.ground.A_SupportedContainer.getCoordinate_Ucs(A_SupportedContainer.java:46) ~[?:?]
	at thing.ground.landscape.C_Landscape.getThingCoord_Ucs(C_Landscape.java:571) ~[?:?]
	at thing.ground.A_SupportedContainer.getCoordinate_Ucs(A_SupportedContainer.java:46) ~[?:?]
	at thing.ground.landscape.C_Landscape.getThingCoord_Ucs(C_Landscape.java:571) ~[?:?]
	at thing.ground.A_SupportedContainer.getCoordinate_Ucs(A_SupportedContainer.java:46) ~[?:?]
	at thing.ground.landscape.C_Landscape.getThingCoord_Ucs(C_Landscape.java:571) ~[?:?]
	at thing.ground.A_SupportedContainer.getCoordinate_Ucs(A_SupportedContainer.java:46) ~[?:?]
	at thing.ground.landscape.C_Landscape.getThingCoord_Ucs(C_Landscape.java:571) ~[?:?]
	at thing.ground.A_SupportedContainer.getCoordinate_Ucs(A_SupportedContainer.java:46) ~[?:?]
	at thing.ground.landscape.C_Landscape.getThingCoord_Ucs(C_Landscape.java:571) ~[?:?]
	at thing.ground.A_SupportedContainer.getCoordinate_Ucs(A_SupportedContainer.java:46) ~[?:?]
	at thing.ground.landscape.C_Landscape.getThingCoord_Ucs(C_Landscape.java:571) ~[?:?]
	at thing.ground.A_SupportedContainer.getCoordinate_Ucs(A_SupportedContainer.java:46) ~[?:?]
	at thing.ground.landscape.C_Landscape.getThingCoord_Ucs(C_Landscape.java:571) ~[?:?]
	at thing.ground.A_SupportedContainer.getCoordinate_Ucs(A_SupportedContainer.java:46) ~[?:?]
	at thing.ground.landscape.C_Landscape.getThingCoord_Ucs(C_Landscape.java:571) ~[?:?]
	at thing.ground.A_SupportedContainer.getCoordinate_Ucs(A_SupportedContainer.java:46) ~[?:?]
	at thing.ground.landscape.C_Landscape.getThingCoord_Ucs(C_Landscape.java:571) ~[?:?]
	at thing.ground.A_SupportedContainer.getCoordinate_Ucs(A_SupportedContainer.java:46) ~[?:?]
	at thing.ground.landscape.C_Landscape.getThingCoord_Ucs(C_Landscape.java:571) ~[?:?]
	at thing.ground.A_SupportedContainer.getCoordinate_Ucs(A_SupportedContainer.java:46) ~[?:?]
	at thing.ground.landscape.C_Landscape.getThingCoord_Ucs(C_Landscape.java:571) ~[?:?]
	at thing.ground.A_SupportedContainer.getCoordinate_Ucs(A_SupportedContainer.java:46) ~[?:?]
	at thing.ground.landscape.C_Landscape.getThingCoord_Ucs(C_Landscape.java:571) ~[?:?]
	at thing.ground.A_SupportedContainer.getCoordinate_Ucs(A_SupportedContainer.java:46) ~[?:?]
	at thing.ground.landscape.C_Landscape.getThingCoord_Ucs(C_Landscape.java:571) ~[?:?]
	at thing.ground.A_SupportedContainer.getCoordinate_Ucs(A_SupportedContainer.java:46) ~[?:?]
	at thing.ground.landscape.C_Landscape.getThingCoord_Ucs(C_Landscape.java:571) ~[?:?]
	at thing.ground.A_SupportedContainer.getCoordinate_Ucs(A_SupportedContainer.java:46) ~[?:?]
	at thing.ground.landscape.C_Landscape.getThingCoord_Ucs(C_Landscape.java:571) ~[?:?]
	at thing.ground.A_SupportedContainer.getCoordinate_Ucs(A_SupportedContainer.java:46) ~[?:?]
	at thing.ground.landscape.C_Landscape.getThingCoord_Ucs(C_Landscape.java:571) ~[?:?]
	at thing.ground.A_SupportedContainer.getCoordinate_Ucs(A_SupportedContainer.java:46) ~[?:?]
	at thing.ground.landscape.C_Landscape.getThingCoord_Ucs(C_Landscape.java:571) ~[?:?]
	at thing.ground.A_SupportedContainer.getCoordinate_Ucs(A_SupportedContainer.java:46) ~[?:?]
	at thing.ground.landscape.C_Landscape.getThingCoord_Ucs(C_Landscape.java:571) ~[?:?]
	at thing.ground.A_SupportedContainer.getCoordinate_Ucs(A_SupportedContainer.java:46) ~[?:?]
	at thing.ground.landscape.C_Landscape.getThingCoord_Ucs(C_Landscape.java:571) ~[?:?]
	at thing.ground.A_SupportedContainer.getCoordinate_Ucs(A_SupportedContainer.java:46) ~[?:?]
	at thing.ground.landscape.C_Landscape.getThingCoord_Ucs(C_Landscape.java:571) ~[?:?]
	at thing.ground.A_SupportedContainer.getCoordinate_Ucs(A_SupportedContainer.java:46) ~[?:?]
	at thing.ground.landscape.C_Landscape.getThingCoord_Ucs(C_Landscape.java:571) ~[?:?]
	at thing.ground.A_SupportedContainer.getCoordinate_Ucs(A_SupportedContainer.java:46) ~[?:?]
	at thing.ground.landscape.C_Landscape.getThingCoord_Ucs(C_Landscape.java:571) ~[?:?]
	at thing.ground.A_SupportedContainer.getCoordinate_Ucs(A_SupportedContainer.java:46) ~[?:?]
	at thing.ground.landscape.C_Landscape.getThingCoord_Ucs(C_Landscape.java:571) ~[?:?]
	at thing.ground.A_SupportedContainer.getCoordinate_Ucs(A_SupportedContainer.java:46) ~[?:?]
	at thing.ground.landscape.C_Landscape.getThingCoord_Ucs(C_Landscape.java:571) ~[?:?]
	at thing.ground.A_SupportedContainer.getCoordinate_Ucs(A_SupportedContainer.java:46) ~[?:?]
	at thing.ground.landscape.C_Landscape.getThingCoord_Ucs(C_Landscape.java:571) ~[?:?]
	at thing.ground.A_SupportedContainer.getCoordinate_Ucs(A_SupportedContainer.java:46) ~[?:?]
	at thing.ground.landscape.C_Landscape.getThingCoord_Ucs(C_Landscape.java:571) ~[?:?]
	at thing.ground.A_SupportedContainer.getCoordinate_Ucs(A_SupportedContainer.java:46) ~[?:?]
	at thing.ground.landscape.C_Landscape.getThingCoord_Ucs(C_Landscape.java:571) ~[?:?]
	at thing.ground.A_SupportedContainer.getCoordinate_Ucs(A_SupportedContainer.java:46) ~[?:?]
	at thing.ground.landscape.C_Landscape.getThingCoord_Ucs(C_Landscape.java:571) ~[?:?]
	at thing.ground.A_SupportedContainer.getCoordinate_Ucs(A_SupportedContainer.java:46) ~[?:?]
	at thing.ground.landscape.C_Landscape.getThingCoord_Ucs(C_Landscape.java:571) ~[?:?]
	at thing.ground.A_SupportedContainer.getCoordinate_Ucs(A_SupportedContainer.java:46) ~[?:?]
	at thing.ground.landscape.C_Landscape.getThingCoord_Ucs(C_Landscape.java:571) ~[?:?]
	at thing.ground.A_SupportedContainer.getCoordinate_Ucs(A_SupportedContainer.java:46) ~[?:?]
	at thing.ground.landscape.C_Landscape.getThingCoord_Ucs(C_Landscape.java:571) ~[?:?]
	at thing.ground.A_SupportedContainer.getCoordinate_Ucs(A_SupportedContainer.java:46) ~[?:?]
	at thing.ground.landscape.C_Landscape.getThingCoord_Ucs(C_Landscape.java:571) ~[?:?]
	at thing.ground.A_SupportedContainer.getCoordinate_Ucs(A_SupportedContainer.java:46) ~[?:?]
	at thing.ground.landscape.C_Landscape.getThingCoord_Ucs(C_Landscape.java:571) ~[?:?]
	at thing.ground.A_SupportedContainer.getCoordinate_Ucs(A_SupportedContainer.java:46) ~[?:?]
	at thing.ground.landscape.C_Landscape.getThingCoord_Ucs(C_Landscape.java:571) ~[?:?]
	at thing.ground.A_SupportedContainer.getCoordinate_Ucs(A_SupportedContainer.java:46) ~[?:?]
	at thing.ground.landscape.C_Landscape.getThingCoord_Ucs(C_Landscape.java:571) ~[?:?]
	at thing.ground.A_SupportedContainer.getCoordinate_Ucs(A_SupportedContainer.java:46) ~[?:?]
	at thing.ground.landscape.C_Landscape.getThingCoord_Ucs(C_Landscape.java:571) ~[?:?]
	at thing.ground.A_SupportedContainer.getCoordinate_Ucs(A_SupportedContainer.java:46) ~[?:?]
	at thing.ground.landscape.C_Landscape.getThingCoord_Ucs(C_Landscape.java:571) ~[?:?]
	at thing.ground.A_SupportedContainer.getCoordinate_Ucs(A_SupportedContainer.java:46) ~[?:?]
	at thing.ground.landscape.C_Landscape.getThingCoord_Ucs(C_Landscape.java:571) ~[?:?]
	at thing.ground.A_SupportedContainer.getCoordinate_Ucs(A_SupportedContainer.java:46) ~[?:?]
	at thing.ground.landscape.C_Landscape.getThingCoord_Ucs(C_Landscape.java:571) ~[?:?]
	at thing.ground.A_SupportedContainer.getCoordinate_Ucs(A_SupportedContainer.java:46) ~[?:?]
	at thing.ground.landscape.C_Landscape.getThingCoord_Ucs(C_Landscape.java:571) ~[?:?]
	at thing.ground.A_SupportedContainer.getCoordinate_Ucs(A_SupportedContainer.java:46) ~[?:?]
	at thing.ground.landscape.C_Landscape.getThingCoord_Ucs(C_Landscape.java:571) ~[?:?]
	at thing.ground.A_SupportedContainer.getCoordinate_Ucs(A_SupportedContainer.java:46) ~[?:?]
	at thing.ground.landscape.C_Landscape.getThingCoord_Ucs(C_Landscape.java:571) ~[?:?]
	at thing.ground.A_SupportedContainer.getCoordinate_Ucs(A_SupportedContainer.java:46) ~[?:?]
	at thing.ground.landscape.C_Landscape.getThingCoord_Ucs(C_Landscape.java:571) ~[?:?]
	at thing.ground.A_SupportedContainer.getCoordinate_Ucs(A_SupportedContainer.java:46) ~[?:?]
	at thing.ground.landscape.C_Landscape.getThingCoord_Ucs(C_Landscape.java:571) ~[?:?]
	at thing.ground.A_SupportedContainer.getCoordinate_Ucs(A_SupportedContainer.java:46) ~[?:?]
	at thing.ground.landscape.C_Landscape.getThingCoord_Ucs(C_Landscape.java:571) ~[?:?]
	at thing.ground.A_SupportedContainer.getCoordinate_Ucs(A_SupportedContainer.java:46) ~[?:?]
	at thing.ground.landscape.C_Landscape.getThingCoord_Ucs(C_Landscape.java:571) ~[?:?]
	at thing.ground.A_SupportedContainer.getCoordinate_Ucs(A_SupportedContainer.java:46) ~[?:?]
	at thing.ground.landscape.C_Landscape.getThingCoord_Ucs(C_Landscape.java:571) ~[?:?]
	at thing.ground.A_SupportedContainer.getCoordinate_Ucs(A_SupportedContainer.java:46) ~[?:?]
	at thing.ground.landscape.C_Landscape.getThingCoord_Ucs(C_Landscape.java:571) ~[?:?]
	at thing.ground.A_SupportedContainer.getCoordinate_Ucs(A_SupportedContainer.java:46) ~[?:?]
	at thing.ground.landscape.C_Landscape.getThingCoord_Ucs(C_Landscape.java:571) ~[?:?]
	at thing.ground.A_SupportedContainer.getCoordinate_Ucs(A_SupportedContainer.java:46) ~[?:?]
	at thing.ground.landscape.C_Landscape.getThingCoord_Ucs(C_Landscape.java:571) ~[?:?]
	at thing.ground.A_SupportedContainer.getCoordinate_Ucs(A_SupportedContainer.java:46) ~[?:?]
	at thing.ground.landscape.C_Landscape.getThingCoord_Ucs(C_Landscape.java:571) ~[?:?]
	at thing.ground.A_SupportedContainer.getCoordinate_Ucs(A_SupportedContainer.java:46) ~[?:?]
	at thing.ground.landscape.C_Landscape.getThingCoord_Ucs(C_Landscape.java:571) ~[?:?]
	at thing.ground.A_SupportedContainer.getCoordinate_Ucs(A_SupportedContainer.java:46) ~[?:?]
	at thing.ground.landscape.C_Landscape.getThingCoord_Ucs(C_Landscape.java:571) ~[?:?]
	at thing.ground.A_SupportedContainer.getCoordinate_Ucs(A_SupportedContainer.java:46) ~[?:?]
	at thing.ground.landscape.C_Landscape.getThingCoord_Ucs(C_Landscape.java:571) ~[?:?]
	at thing.ground.A_SupportedContainer.getCoordinate_Ucs(A_SupportedContainer.java:46) ~[?:?]
	at thing.ground.landscape.C_Landscape.getThingCoord_Ucs(C_Landscape.java:571) ~[?:?]
	at thing.ground.A_SupportedContainer.getCoordinate_Ucs(A_SupportedContainer.java:46) ~[?:?]
	at thing.ground.landscape.C_Landscape.getThingCoord_Ucs(C_Landscape.java:571) ~[?:?]
	at thing.ground.A_SupportedContainer.getCoordinate_Ucs(A_SupportedContainer.java:46) ~[?:?]
	at thing.ground.landscape.C_Landscape.getThingCoord_Ucs(C_Landscape.java:571) ~[?:?]
	at thing.ground.A_SupportedContainer.getCoordinate_Ucs(A_SupportedContainer.java:46) ~[?:?]
	at thing.ground.landscape.C_Landscape.getThingCoord_Ucs(C_Landscape.java:571) ~[?:?]
	at thing.ground.A_SupportedContainer.getCoordinate_Ucs(A_SupportedContainer.java:46) ~[?:?]
	at thing.ground.landscape.C_Landscape.getThingCoord_Ucs(C_Landscape.java:571) ~[?:?]
	at thing.ground.A_SupportedContainer.getCoordinate_Ucs(A_SupportedContainer.java:46) ~[?:?]
	at thing.ground.landscape.C_Landscape.getThingCoord_Ucs(C_Landscape.java:571) ~[?:?]
	at thing.ground.A_SupportedContainer.getCoordinate_Ucs(A_SupportedContainer.java:46) ~[?:?]
	at thing.ground.landscape.C_Landscape.getThingCoord_Ucs(C_Landscape.java:571) ~[?:?]
	at thing.ground.A_SupportedContainer.getCoordinate_Ucs(A_SupportedContainer.java:46) ~[?:?]
	at thing.ground.landscape.C_Landscape.getThingCoord_Ucs(C_Landscape.java:571) ~[?:?]
	at thing.ground.A_SupportedContainer.getCoordinate_Ucs(A_SupportedContainer.java:46) ~[?:?]
	at thing.ground.landscape.C_Landscape.getThingCoord_Ucs(C_Landscape.java:571) ~[?:?]
	at thing.ground.A_SupportedContainer.getCoordinate_Ucs(A_SupportedContainer.java:46) ~[?:?]
	at thing.ground.landscape.C_Landscape.getThingCoord_Ucs(C_Landscape.java:571) ~[?:?]
	at thing.ground.A_SupportedContainer.getCoordinate_Ucs(A_SupportedContainer.java:46) ~[?:?]
	at thing.ground.landscape.C_Landscape.getThingCoord_Ucs(C_Landscape.java:571) ~[?:?]
	at thing.ground.A_SupportedContainer.getCoordinate_Ucs(A_SupportedContainer.java:46) ~[?:?]
	at thing.ground.landscape.C_Landscape.getThingCoord_Ucs(C_Landscape.java:571) ~[?:?]
	at thing.ground.A_SupportedContainer.getCoordinate_Ucs(A_SupportedContainer.java:46) ~[?:?]
	at thing.ground.landscape.C_Landscape.getThingCoord_Ucs(C_Landscape.java:571) ~[?:?]
	at thing.ground.A_SupportedContainer.getCoordinate_Ucs(A_SupportedContainer.java:46) ~[?:?]
	at thing.ground.landscape.C_Landscape.getThingCoord_Ucs(C_Landscape.java:571) ~[?:?]
	at thing.ground.A_SupportedContainer.getCoordinate_Ucs(A_SupportedContainer.java:46) ~[?:?]
	at thing.ground.landscape.C_Landscape.getThingCoord_Ucs(C_Landscape.java:571) ~[?:?]
	at thing.ground.A_SupportedContainer.getCoordinate_Ucs(A_SupportedContainer.java:46) ~[?:?]
	at thing.ground.landscape.C_Landscape.getThingCoord_Ucs(C_Landscape.java:571) ~[?:?]
	at thing.ground.A_SupportedContainer.getCoordinate_Ucs(A_SupportedContainer.java:46) ~[?:?]
	at thing.ground.landscape.C_Landscape.getThingCoord_Ucs(C_Landscape.java:571) ~[?:?]
	at thing.ground.A_SupportedContainer.getCoordinate_Ucs(A_SupportedContainer.java:46) ~[?:?]
	at thing.ground.landscape.C_Landscape.getThingCoord_Ucs(C_Landscape.java:571) ~[?:?]
	at thing.ground.A_SupportedContainer.getCoordinate_Ucs(A_SupportedContainer.java:46) ~[?:?]
	at thing.ground.landscape.C_Landscape.getThingCoord_Ucs(C_Landscape.java:571) ~[?:?]
	at thing.ground.A_SupportedContainer.getCoordinate_Ucs(A_SupportedContainer.java:46) ~[?:?]
	at thing.ground.landscape.C_Landscape.getThingCoord_Ucs(C_Landscape.java:571) ~[?:?]
	at thing.ground.A_SupportedContainer.getCoordinate_Ucs(A_SupportedContainer.java:46) ~[?:?]
	at thing.ground.landscape.C_Landscape.getThingCoord_Ucs(C_Landscape.java:571) ~[?:?]
	at thing.ground.A_SupportedContainer.getCoordinate_Ucs(A_SupportedContainer.java:46) ~[?:?]
	at thing.ground.landscape.C_Landscape.getThingCoord_Ucs(C_Landscape.java:571) ~[?:?]
	at thing.ground.A_SupportedContainer.getCoordinate_Ucs(A_SupportedContainer.java:46) ~[?:?]
	at thing.ground.landscape.C_Landscape.getThingCoord_Ucs(C_Landscape.java:571) ~[?:?]
	at thing.ground.A_SupportedContainer.getCoordinate_Ucs(A_SupportedContainer.java:46) ~[?:?]
	at thing.ground.landscape.C_Landscape.getThingCoord_Ucs(C_Landscape.java:571) ~[?:?]
	at thing.ground.A_SupportedContainer.getCoordinate_Ucs(A_SupportedContainer.java:46) ~[?:?]
	at thing.ground.landscape.C_Landscape.getThingCoord_Ucs(C_Landscape.java:571) ~[?:?]
	at thing.ground.A_SupportedContainer.getCoordinate_Ucs(A_SupportedContainer.java:46) ~[?:?]
	at thing.ground.landscape.C_Landscape.getThingCoord_Ucs(C_Landscape.java:571) ~[?:?]
	at thing.ground.A_SupportedContainer.getCoordinate_Ucs(A_SupportedContainer.java:46) ~[?:?]
	at thing.ground.landscape.C_Landscape.getThingCoord_Ucs(C_Landscape.java:571) ~[?:?]
	at thing.ground.A_SupportedContainer.getCoordinate_Ucs(A_SupportedContainer.java:46) ~[?:?]
	at thing.ground.landscape.C_Landscape.getThingCoord_Ucs(C_Landscape.java:571) ~[?:?]
	at thing.ground.A_SupportedContainer.getCoordinate_Ucs(A_SupportedContainer.java:46) ~[?:?]
	at thing.ground.landscape.C_Landscape.getThingCoord_Ucs(C_Landscape.java:571) ~[?:?]
	at thing.ground.A_SupportedContainer.getCoordinate_Ucs(A_SupportedContainer.java:46) ~[?:?]
	at thing.ground.landscape.C_Landscape.getThingCoord_Ucs(C_Landscape.java:571) ~[?:?]
	at thing.ground.A_SupportedContainer.getCoordinate_Ucs(A_SupportedContainer.java:46) ~[?:?]
	at thing.ground.landscape.C_Landscape.getThingCoord_Ucs(C_Landscape.java:571) ~[?:?]
	at thing.ground.A_SupportedContainer.getCoordinate_Ucs(A_SupportedContainer.java:46) ~[?:?]
	at thing.ground.landscape.C_Landscape.getThingCoord_Ucs(C_Landscape.java:571) ~[?:?]
	at thing.ground.A_SupportedContainer.getCoordinate_Ucs(A_SupportedContainer.java:46) ~[?:?]
	at thing.ground.landscape.C_Landscape.getThingCoord_Ucs(C_Landscape.java:571) ~[?:?]
	at thing.ground.A_SupportedContainer.getCoordinate_Ucs(A_SupportedContainer.java:46) ~[?:?]
	at thing.ground.landscape.C_Landscape.getThingCoord_Ucs(C_Landscape.java:571) ~[?:?]
	at thing.ground.A_SupportedContainer.getCoordinate_Ucs(A_SupportedContainer.java:46) ~[?:?]
	at thing.ground.landscape.C_Landscape.getThingCoord_Ucs(C_Landscape.java:571) ~[?:?]
	at thing.ground.A_SupportedContainer.getCoordinate_Ucs(A_SupportedContainer.java:46) ~[?:?]
	at thing.ground.landscape.C_Landscape.getThingCoord_Ucs(C_Landscape.java:571) ~[?:?]
	at thing.ground.A_SupportedContainer.getCoordinate_Ucs(A_SupportedContainer.java:46) ~[?:?]
	at thing.ground.landscape.C_Landscape.getThingCoord_Ucs(C_Landscape.java:571) ~[?:?]
	at thing.ground.A_SupportedContainer.getCoordinate_Ucs(A_SupportedContainer.java:46) ~[?:?]
	at thing.ground.landscape.C_Landscape.getThingCoord_Ucs(C_Landscape.java:571) ~[?:?]
	at thing.ground.A_SupportedContainer.getCoordinate_Ucs(A_SupportedContainer.java:46) ~[?:?]
	at thing.ground.landscape.C_Landscape.getThingCoord_Ucs(C_Landscape.java:571) ~[?:?]
	at thing.ground.A_SupportedContainer.getCoordinate_Ucs(A_SupportedContainer.java:46) ~[?:?]
	at thing.ground.landscape.C_Landscape.getThingCoord_Ucs(C_Landscape.java:571) ~[?:?]
	at thing.ground.A_SupportedContainer.getCoordinate_Ucs(A_SupportedContainer.java:46) ~[?:?]
	at thing.ground.landscape.C_Landscape.getThingCoord_Ucs(C_Landscape.java:571) ~[?:?]
	at thing.ground.A_SupportedContainer.getCoordinate_Ucs(A_SupportedContainer.java:46) ~[?:?]
	at thing.ground.landscape.C_Landscape.getThingCoord_Ucs(C_Landscape.java:571) ~[?:?]
	at thing.ground.A_SupportedContainer.getCoordinate_Ucs(A_SupportedContainer.java:46) ~[?:?]
	at thing.ground.landscape.C_Landscape.getThingCoord_Ucs(C_Landscape.java:571) ~[?:?]
	at thing.ground.A_SupportedContainer.getCoordinate_Ucs(A_SupportedContainer.java:46) ~[?:?]
	at thing.ground.landscape.C_Landscape.getThingCoord_Ucs(C_Landscape.java:571) ~[?:?]
	at thing.ground.A_SupportedContainer.getCoordinate_Ucs(A_SupportedContainer.java:46) ~[?:?]
	at thing.ground.landscape.C_Landscape.getThingCoord_Ucs(C_Landscape.java:571) ~[?:?]
	at thing.ground.A_SupportedContainer.getCoordinate_Ucs(A_SupportedContainer.java:46) ~[?:?]
	at thing.ground.landscape.C_Landscape.getThingCoord_Ucs(C_Landscape.java:571) ~[?:?]
	at thing.ground.A_SupportedContainer.getCoordinate_Ucs(A_SupportedContainer.java:46) ~[?:?]
	at thing.ground.landscape.C_Landscape.getThingCoord_Ucs(C_Landscape.java:571) ~[?:?]
	at thing.ground.A_SupportedContainer.getCoordinate_Ucs(A_SupportedContainer.java:46) ~[?:?]
	at thing.ground.landscape.C_Landscape.getThingCoord_Ucs(C_Landscape.java:571) ~[?:?]
	at thing.ground.A_SupportedContainer.getCoordinate_Ucs(A_SupportedContainer.java:46) ~[?:?]
	at thing.ground.landscape.C_Landscape.getThingCoord_Ucs(C_Landscape.java:571) ~[?:?]
	at thing.ground.A_SupportedContainer.getCoordinate_Ucs(A_SupportedContainer.java:46) ~[?:?]
	at thing.ground.landscape.C_Landscape.getThingCoord_Ucs(C_Landscape.java:571) ~[?:?]
	at thing.ground.A_SupportedContainer.getCoordinate_Ucs(A_SupportedContainer.java:46) ~[?:?]
	at thing.ground.landscape.C_Landscape.getThingCoord_Ucs(C_Landscape.java:571) ~[?:?]
	at thing.ground.A_SupportedContainer.getCoordinate_Ucs(A_SupportedContainer.java:46) ~[?:?]
	at thing.ground.landscape.C_Landscape.getThingCoord_Ucs(C_Landscape.java:571) ~[?:?]
	at thing.ground.A_SupportedContainer.getCoordinate_Ucs(A_SupportedContainer.java:46) ~[?:?]
	at thing.ground.landscape.C_Landscape.getThingCoord_Ucs(C_Landscape.java:571) ~[?:?]
	at thing.ground.A_SupportedContainer.getCoordinate_Ucs(A_SupportedContainer.java:46) ~[?:?]
	at thing.ground.landscape.C_Landscape.getThingCoord_Ucs(C_Landscape.java:571) ~[?:?]
	at thing.ground.A_SupportedContainer.getCoordinate_Ucs(A_SupportedContainer.java:46) ~[?:?]
	at thing.ground.landscape.C_Landscape.getThingCoord_Ucs(C_Landscape.java:571) ~[?:?]
	at thing.ground.A_SupportedContainer.getCoordinate_Ucs(A_SupportedContainer.java:46) ~[?:?]
	at thing.ground.landscape.C_Landscape.getThingCoord_Ucs(C_Landscape.java:571) ~[?:?]
	at thing.ground.A_SupportedContainer.getCoordinate_Ucs(A_SupportedContainer.java:46) ~[?:?]
	at thing.ground.landscape.C_Landscape.getThingCoord_Ucs(C_Landscape.java:571) ~[?:?]
	at thing.ground.A_SupportedContainer.getCoordinate_Ucs(A_SupportedContainer.java:46) ~[?:?]
	at thing.ground.landscape.C_Landscape.getThingCoord_Ucs(C_Landscape.java:571) ~[?:?]
	at thing.ground.A_SupportedContainer.getCoordinate_Ucs(A_SupportedContainer.java:46) ~[?:?]
	at thing.ground.landscape.C_Landscape.getThingCoord_Ucs(C_Landscape.java:571) ~[?:?]
	at thing.ground.A_SupportedContainer.getCoordinate_Ucs(A_SupportedContainer.java:46) ~[?:?]
	at thing.ground.landscape.C_Landscape.getThingCoord_Ucs(C_Landscape.java:571) ~[?:?]
	at thing.ground.A_SupportedContainer.getCoordinate_Ucs(A_SupportedContainer.java:46) ~[?:?]
	at thing.ground.landscape.C_Landscape.getThingCoord_Ucs(C_Landscape.java:571) ~[?:?]
	at thing.ground.A_SupportedContainer.getCoordinate_Ucs(A_SupportedContainer.java:46) ~[?:?]
	at thing.ground.landscape.C_Landscape.getThingCoord_Ucs(C_Landscape.java:571) ~[?:?]
	at thing.ground.A_SupportedContainer.getCoordinate_Ucs(A_SupportedContainer.java:46) ~[?:?]
	at thing.ground.landscape.C_Landscape.getThingCoord_Ucs(C_Landscape.java:571) ~[?:?]
	at thing.ground.A_SupportedContainer.getCoordinate_Ucs(A_SupportedContainer.java:46) ~[?:?]
	at thing.ground.landscape.C_Landscape.getThingCoord_Ucs(C_Landscape.java:571) ~[?:?]
	at thing.ground.A_SupportedContainer.getCoordinate_Ucs(A_SupportedContainer.java:46) ~[?:?]
	at thing.ground.landscape.C_Landscape.getThingCoord_Ucs(C_Landscape.java:571) ~[?:?]
	at thing.ground.A_SupportedContainer.getCoordinate_Ucs(A_SupportedContainer.java:46) ~[?:?]
	at thing.ground.landscape.C_Landscape.getThingCoord_Ucs(C_Landscape.java:571) ~[?:?]
	at thing.ground.A_SupportedContainer.getCoordinate_Ucs(A_SupportedContainer.java:46) ~[?:?]
	at thing.ground.landscape.C_Landscape.getThingCoord_Ucs(C_Landscape.java:571) ~[?:?]
	at thing.ground.A_SupportedContainer.getCoordinate_Ucs(A_SupportedContainer.java:46) ~[?:?]
	at thing.ground.landscape.C_Landscape.getThingCoord_Ucs(C_Landscape.java:571) ~[?:?]
	at thing.ground.A_SupportedContainer.getCoordinate_Ucs(A_SupportedContainer.java:46) ~[?:?]
	at thing.ground.landscape.C_Landscape.getThingCoord_Ucs(C_Landscape.java:571) ~[?:?]
	at thing.ground.A_SupportedContainer.getCoordinate_Ucs(A_SupportedContainer.java:46) ~[?:?]
	at thing.ground.landscape.C_Landscape.getThingCoord_Ucs(C_Landscape.java:571) ~[?:?]
	at thing.ground.A_SupportedContainer.getCoordinate_Ucs(A_SupportedContainer.java:46) ~[?:?]
	at thing.ground.landscape.C_Landscape.getThingCoord_Ucs(C_Landscape.java:571) ~[?:?]
	at thing.ground.A_SupportedContainer.getCoordinate_Ucs(A_SupportedContainer.java:46) ~[?:?]
	at thing.ground.landscape.C_Landscape.getThingCoord_Ucs(C_Landscape.java:571) ~[?:?]
	at thing.ground.A_SupportedContainer.getCoordinate_Ucs(A_SupportedContainer.java:46) ~[?:?]
	at thing.ground.landscape.C_Landscape.getThingCoord_Ucs(C_Landscape.java:571) ~[?:?]
	at thing.ground.A_SupportedContainer.getCoordinate_Ucs(A_SupportedContainer.java:46) ~[?:?]
	at thing.ground.landscape.C_Landscape.getThingCoord_Ucs(C_Landscape.java:571) ~[?:?]
	at thing.ground.A_SupportedContainer.getCoordinate_Ucs(A_SupportedContainer.java:46) ~[?:?]
	at thing.ground.landscape.C_Landscape.getThingCoord_Ucs(C_Landscape.java:571) ~[?:?]
	at thing.ground.A_SupportedContainer.getCoordinate_Ucs(A_SupportedContainer.java:46) ~[?:?]
	at thing.ground.landscape.C_Landscape.getThingCoord_Ucs(C_Landscape.java:571) ~[?:?]
	at thing.ground.A_SupportedContainer.getCoordinate_Ucs(A_SupportedContainer.java:46) ~[?:?]
	at thing.ground.landscape.C_Landscape.getThingCoord_Ucs(C_Landscape.java:571) ~[?:?]
	at thing.ground.A_SupportedContainer.getCoordinate_Ucs(A_SupportedContainer.java:46) ~[?:?]
	at thing.ground.landscape.C_Landscape.getThingCoord_Ucs(C_Landscape.java:571) ~[?:?]
	at thing.ground.A_SupportedContainer.getCoordinate_Ucs(A_SupportedContainer.java:46) ~[?:?]
	at thing.ground.landscape.C_Landscape.getThingCoord_Ucs(C_Landscape.java:571) ~[?:?]
	at thing.ground.A_SupportedContainer.getCoordinate_Ucs(A_SupportedContainer.java:46) ~[?:?]
	at thing.ground.landscape.C_Landscape.getThingCoord_Ucs(C_Landscape.java:571) ~[?:?]
	at thing.ground.A_SupportedContainer.getCoordinate_Ucs(A_SupportedContainer.java:46) ~[?:?]
	at thing.ground.landscape.C_Landscape.getThingCoord_Ucs(C_Landscape.java:571) ~[?:?]
	at thing.ground.A_SupportedContainer.getCoordinate_Ucs(A_SupportedContainer.java:46) ~[?:?]
	at thing.ground.landscape.C_Landscape.getThingCoord_Ucs(C_Landscape.java:571) ~[?:?]
	at thing.ground.A_SupportedContainer.getCoordinate_Ucs(A_SupportedContainer.java:46) ~[?:?]
	at thing.ground.landscape.C_Landscape.getThingCoord_Ucs(C_Landscape.java:571) ~[?:?]
	at thing.ground.A_SupportedContainer.getCoordinate_Ucs(A_SupportedContainer.java:46) ~[?:?]
	at thing.ground.landscape.C_Landscape.getThingCoord_Ucs(C_Landscape.java:571) ~[?:?]
	at thing.ground.A_SupportedContainer.getCoordinate_Ucs(A_SupportedContainer.java:46) ~[?:?]
	at thing.ground.landscape.C_Landscape.getThingCoord_Ucs(C_Landscape.java:571) ~[?:?]
	at thing.ground.A_SupportedContainer.getCoordinate_Ucs(A_SupportedContainer.java:46) ~[?:?]
	at thing.ground.landscape.C_Landscape.getThingCoord_Ucs(C_Landscape.java:571) ~[?:?]
	at thing.ground.A_SupportedContainer.getCoordinate_Ucs(A_SupportedContainer.java:46) ~[?:?]
	at thing.ground.landscape.C_Landscape.getThingCoord_Ucs(C_Landscape.java:571) ~[?:?]
	at thing.ground.A_SupportedContainer.getCoordinate_Ucs(A_SupportedContainer.java:46) ~[?:?]
	at thing.ground.landscape.C_Landscape.getThingCoord_Ucs(C_Landscape.java:571) ~[?:?]
	at thing.ground.A_SupportedContainer.getCoordinate_Ucs(A_SupportedContainer.java:46) ~[?:?]
	at thing.ground.landscape.C_Landscape.getThingCoord_Ucs(C_Landscape.java:571) ~[?:?]
	at thing.ground.A_SupportedContainer.getCoordinate_Ucs(A_SupportedContainer.java:46) ~[?:?]
	at thing.ground.landscape.C_Landscape.getThingCoord_Ucs(C_Landscape.java:571) ~[?:?]
	at thing.ground.A_SupportedContainer.getCoordinate_Ucs(A_SupportedContainer.java:46) ~[?:?]
	at thing.ground.landscape.C_Landscape.getThingCoord_Ucs(C_Landscape.java:571) ~[?:?]
	at thing.ground.A_SupportedContainer.getCoordinate_Ucs(A_SupportedContainer.java:46) ~[?:?]
	at thing.ground.landscape.C_Landscape.getThingCoord_Ucs(C_Landscape.java:571) ~[?:?]
	at thing.ground.A_SupportedContainer.getCoordinate_Ucs(A_SupportedContainer.java:46) ~[?:?]
	at thing.ground.landscape.C_Landscape.getThingCoord_Ucs(C_Landscape.java:571) ~[?:?]
	at thing.ground.A_SupportedContainer.getCoordinate_Ucs(A_SupportedContainer.java:46) ~[?:?]
	at thing.ground.landscape.C_Landscape.getThingCoord_Ucs(C_Landscape.java:571) ~[?:?]
	at thing.ground.A_SupportedContainer.getCoordinate_Ucs(A_SupportedContainer.java:46) ~[?:?]
	at thing.ground.landscape.C_Landscape.getThingCoord_Ucs(C_Landscape.java:571) ~[?:?]
	at thing.ground.A_SupportedContainer.getCoordinate_Ucs(A_SupportedContainer.java:46) ~[?:?]
	at thing.ground.landscape.C_Landscape.getThingCoord_Ucs(C_Landscape.java:571) ~[?:?]
	at thing.ground.A_SupportedContainer.getCoordinate_Ucs(A_SupportedContainer.java:46) ~[?:?]
	at thing.ground.landscape.C_Landscape.getThingCoord_Ucs(C_Landscape.java:571) ~[?:?]
	at thing.ground.A_SupportedContainer.getCoordinate_Ucs(A_SupportedContainer.java:46) ~[?:?]
	at thing.ground.landscape.C_Landscape.getThingCoord_Ucs(C_Landscape.java:571) ~[?:?]
	at thing.ground.A_SupportedContainer.getCoordinate_Ucs(A_SupportedContainer.java:46) ~[?:?]
	at thing.ground.landscape.C_Landscape.getThingCoord_Ucs(C_Landscape.java:571) ~[?:?]
	at thing.ground.A_SupportedContainer.getCoordinate_Ucs(A_SupportedContainer.java:46) ~[?:?]
	at thing.ground.landscape.C_Landscape.getThingCoord_Ucs(C_Landscape.java:571) ~[?:?]
	at thing.ground.A_SupportedContainer.getCoordinate_Ucs(A_SupportedContainer.java:46) ~[?:?]
	at thing.ground.landscape.C_Landscape.getThingCoord_Ucs(C_Landscape.java:571) ~[?:?]
	at thing.ground.A_SupportedContainer.getCoordinate_Ucs(A_SupportedContainer.java:46) ~[?:?]
	at thing.ground.landscape.C_Landscape.getThingCoord_Ucs(C_Landscape.java:571) ~[?:?]
	at thing.ground.A_SupportedContainer.getCoordinate_Ucs(A_SupportedContainer.java:46) ~[?:?]
	at thing.ground.landscape.C_Landscape.getThingCoord_Ucs(C_Landscape.java:571) ~[?:?]
	at thing.ground.A_SupportedContainer.getCoordinate_Ucs(A_SupportedContainer.java:46) ~[?:?]
	at thing.ground.landscape.C_Landscape.getThingCoord_Ucs(C_Landscape.java:571) ~[?:?]
	at thing.ground.A_SupportedContainer.getCoordinate_Ucs(A_SupportedContainer.java:46) ~[?:?]
	at thing.ground.landscape.C_Landscape.getThingCoord_Ucs(C_Landscape.java:571) ~[?:?]
	at thing.ground.A_SupportedContainer.getCoordinate_Ucs(A_SupportedContainer.java:46) ~[?:?]
	at thing.ground.landscape.C_Landscape.getThingCoord_Ucs(C_Landscape.java:571) ~[?:?]
	at thing.ground.A_SupportedContainer.getCoordinate_Ucs(A_SupportedContainer.java:46) ~[?:?]
	at thing.ground.landscape.C_Landscape.getThingCoord_Ucs(C_Landscape.java:571) ~[?:?]
	at thing.ground.A_SupportedContainer.getCoordinate_Ucs(A_SupportedContainer.java:46) ~[?:?]
	at thing.ground.landscape.C_Landscape.getThingCoord_Ucs(C_Landscape.java:571) ~[?:?]
	at thing.ground.A_SupportedContainer.getCoordinate_Ucs(A_SupportedContainer.java:46) ~[?:?]
	at thing.ground.landscape.C_Landscape.getThingCoord_Ucs(C_Landscape.java:571) ~[?:?]
	at thing.ground.A_SupportedContainer.getCoordinate_Ucs(A_SupportedContainer.java:46) ~[?:?]
	at thing.ground.landscape.C_Landscape.getThingCoord_Ucs(C_Landscape.java:571) ~[?:?]
	at thing.ground.A_SupportedContainer.getCoordinate_Ucs(A_SupportedContainer.java:46) ~[?:?]
	at thing.ground.landscape.C_Landscape.getThingCoord_Ucs(C_Landscape.java:571) ~[?:?]
	at thing.ground.A_SupportedContainer.getCoordinate_Ucs(A_SupportedContainer.java:46) ~[?:?]
	at thing.ground.landscape.C_Landscape.getThingCoord_Ucs(C_Landscape.java:571) ~[?:?]
	at thing.ground.A_SupportedContainer.getCoordinate_Ucs(A_SupportedContainer.java:46) ~[?:?]
	at thing.ground.landscape.C_Landscape.getThingCoord_Ucs(C_Landscape.java:571) ~[?:?]
	at thing.ground.A_SupportedContainer.getCoordinate_Ucs(A_SupportedContainer.java:46) ~[?:?]
	at thing.ground.landscape.C_Landscape.getThingCoord_Ucs(C_Landscape.java:571) ~[?:?]
	at thing.ground.A_SupportedContainer.getCoordinate_Ucs(A_SupportedContainer.java:46) ~[?:?]
	at thing.ground.landscape.C_Landscape.getThingCoord_Ucs(C_Landscape.java:571) ~[?:?]
	at thing.ground.A_SupportedContainer.getCoordinate_Ucs(A_SupportedContainer.java:46) ~[?:?]
	at thing.ground.landscape.C_Landscape.getThingCoord_Ucs(C_Landscape.java:571) ~[?:?]
	at thing.ground.A_SupportedContainer.getCoordinate_Ucs(A_SupportedContainer.java:46) ~[?:?]
	at thing.ground.landscape.C_Landscape.getThingCoord_Ucs(C_Landscape.java:571) ~[?:?]
	at thing.ground.A_SupportedContainer.getCoordinate_Ucs(A_SupportedContainer.java:46) ~[?:?]
	at thing.ground.landscape.C_Landscape.getThingCoord_Ucs(C_Landscape.java:571) ~[?:?]
	at thing.ground.A_SupportedContainer.getCoordinate_Ucs(A_SupportedContainer.java:46) ~[?:?]
	at thing.ground.landscape.C_Landscape.getThingCoord_Ucs(C_Landscape.java:571) ~[?:?]
	at thing.ground.A_SupportedContainer.getCoordinate_Ucs(A_SupportedContainer.java:46) ~[?:?]
	at thing.ground.landscape.C_Landscape.getThingCoord_Ucs(C_Landscape.java:571) ~[?:?]
	at thing.ground.A_SupportedContainer.getCoordinate_Ucs(A_SupportedContainer.java:46) ~[?:?]
	at thing.ground.landscape.C_Landscape.getThingCoord_Ucs(C_Landscape.java:571) ~[?:?]
	at thing.ground.A_SupportedContainer.getCoordinate_Ucs(A_SupportedContainer.java:46) ~[?:?]
	at thing.ground.landscape.C_Landscape.getThingCoord_Ucs(C_Landscape.java:571) ~[?:?]
	at thing.ground.A_SupportedContainer.getCoordinate_Ucs(A_SupportedContainer.java:46) ~[?:?]
	at thing.ground.landscape.C_Landscape.getThingCoord_Ucs(C_Landscape.java:571) ~[?:?]
	at thing.ground.A_SupportedContainer.getCoordinate_Ucs(A_SupportedContainer.java:46) ~[?:?]
	at thing.ground.landscape.C_Landscape.getThingCoord_Ucs(C_Landscape.java:571) ~[?:?]
	at thing.ground.A_SupportedContainer.getCoordinate_Ucs(A_SupportedContainer.java:46) ~[?:?]
	at thing.ground.landscape.C_Landscape.getThingCoord_Ucs(C_Landscape.java:571) ~[?:?]
	at thing.ground.A_SupportedContainer.getCoordinate_Ucs(A_SupportedContainer.java:46) ~[?:?]
	at thing.ground.landscape.C_Landscape.getThingCoord_Ucs(C_Landscape.java:571) ~[?:?]
	at thing.ground.A_SupportedContainer.getCoordinate_Ucs(A_SupportedContainer.java:46) ~[?:?]
	at thing.ground.landscape.C_Landscape.getThingCoord_Ucs(C_Landscape.java:571) ~[?:?]
	at thing.ground.A_SupportedContainer.getCoordinate_Ucs(A_SupportedContainer.java:46) ~[?:?]
	at thing.ground.landscape.C_Landscape.getThingCoord_Ucs(C_Landscape.java:571) ~[?:?]
	at thing.ground.A_SupportedContainer.getCoordinate_Ucs(A_SupportedContainer.java:46) ~[?:?]
	at thing.ground.landscape.C_Landscape.getThingCoord_Ucs(C_Landscape.java:571) ~[?:?]
	at thing.ground.A_SupportedContainer.getCoordinate_Ucs(A_SupportedContainer.java:46) ~[?:?]
	at thing.ground.landscape.C_Landscape.getThingCoord_Ucs(C_Landscape.java:571) ~[?:?]
	at thing.ground.A_SupportedContainer.getCoordinate_Ucs(A_SupportedContainer.java:46) ~[?:?]
	at thing.ground.landscape.C_Landscape.getThingCoord_Ucs(C_Landscape.java:571) ~[?:?]
	at thing.ground.A_SupportedContainer.getCoordinate_Ucs(A_SupportedContainer.java:46) ~[?:?]
	at thing.ground.landscape.C_Landscape.getThingCoord_Ucs(C_Landscape.java:571) ~[?:?]
	at thing.ground.A_SupportedContainer.getCoordinate_Ucs(A_SupportedContainer.java:46) ~[?:?]
	at thing.ground.landscape.C_Landscape.getThingCoord_Ucs(C_Landscape.java:571) ~[?:?]
	at thing.ground.A_SupportedContainer.getCoordinate_Ucs(A_SupportedContainer.java:46) ~[?:?]
	at thing.ground.landscape.C_Landscape.getThingCoord_Ucs(C_Landscape.java:571) ~[?:?]
	at thing.ground.A_SupportedContainer.getCoordinate_Ucs(A_SupportedContainer.java:46) ~[?:?]
	at thing.ground.landscape.C_Landscape.getThingCoord_Ucs(C_Landscape.java:571) ~[?:?]
	at thing.ground.A_SupportedContainer.getCoordinate_Ucs(A_SupportedContainer.java:46) ~[?:?]
	at thing.ground.landscape.C_Landscape.getThingCoord_Ucs(C_Landscape.java:571) ~[?:?]
	at thing.ground.A_SupportedContainer.getCoordinate_Ucs(A_SupportedContainer.java:46) ~[?:?]
	at thing.ground.landscape.C_Landscape.getThingCoord_Ucs(C_Landscape.java:571) ~[?:?]
	at thing.ground.A_SupportedContainer.getCoordinate_Ucs(A_SupportedContainer.java:46) ~[?:?]
	at thing.ground.landscape.C_Landscape.getThingCoord_Ucs(C_Landscape.java:571) ~[?:?]
	at thing.ground.A_SupportedContainer.getCoordinate_Ucs(A_SupportedContainer.java:46) ~[?:?]
	at thing.ground.landscape.C_Landscape.getThingCoord_Ucs(C_Landscape.java:571) ~[?:?]
	at thing.ground.A_SupportedContainer.getCoordinate_Ucs(A_SupportedContainer.java:46) ~[?:?]
	at thing.ground.landscape.C_Landscape.getThingCoord_Ucs(C_Landscape.java:571) ~[?:?]
	at thing.ground.A_SupportedContainer.getCoordinate_Ucs(A_SupportedContainer.java:46) ~[?:?]
	at thing.ground.landscape.C_Landscape.getThingCoord_Ucs(C_Landscape.java:571) ~[?:?]
	at thing.ground.A_SupportedContainer.getCoordinate_Ucs(A_SupportedContainer.java:46) ~[?:?]
	at thing.ground.landscape.C_Landscape.getThingCoord_Ucs(C_Landscape.java:571) ~[?:?]
	at thing.ground.A_SupportedContainer.getCoordinate_Ucs(A_SupportedContainer.java:46) ~[?:?]
	at thing.ground.landscape.C_Landscape.getThingCoord_Ucs(C_Landscape.java:571) ~[?:?]
	at thing.ground.A_SupportedContainer.getCoordinate_Ucs(A_SupportedContainer.java:46) ~[?:?]
	at thing.ground.landscape.C_Landscape.getThingCoord_Ucs(C_Landscape.java:571) ~[?:?]
	at thing.ground.A_SupportedContainer.getCoordinate_Ucs(A_SupportedContainer.java:46) ~[?:?]
	at thing.ground.landscape.C_Landscape.getThingCoord_Ucs(C_Landscape.java:571) ~[?:?]
	at thing.ground.A_SupportedContainer.getCoordinate_Ucs(A_SupportedContainer.java:46) ~[?:?]
	at thing.ground.landscape.C_Landscape.getThingCoord_Ucs(C_Landscape.java:571) ~[?:?]
	at thing.ground.A_SupportedContainer.getCoordinate_Ucs(A_SupportedContainer.java:46) ~[?:?]
	at thing.ground.landscape.C_Landscape.getThingCoord_Ucs(C_Landscape.java:571) ~[?:?]
	at thing.ground.A_SupportedContainer.getCoordinate_Ucs(A_SupportedContainer.java:46) ~[?:?]
	at thing.ground.landscape.C_Landscape.getThingCoord_Ucs(C_Landscape.java:571) ~[?:?]
	at thing.ground.A_SupportedContainer.getCoordinate_Ucs(A_SupportedContainer.java:46) ~[?:?]
	at thing.ground.landscape.C_Landscape.getThingCoord_Ucs(C_Landscape.java:571) ~[?:?]
	at thing.ground.A_SupportedContainer.getCoordinate_Ucs(A_SupportedContainer.java:46) ~[?:?]
	at thing.ground.landscape.C_Landscape.getThingCoord_Ucs(C_Landscape.java:571) ~[?:?]
	at thing.ground.A_SupportedContainer.getCoordinate_Ucs(A_SupportedContainer.java:46) ~[?:?]
	at thing.ground.landscape.C_Landscape.getThingCoord_Ucs(C_Landscape.java:571) ~[?:?]
	at thing.ground.A_SupportedContainer.getCoordinate_Ucs(A_SupportedContainer.java:46) ~[?:?]
	at thing.ground.landscape.C_Landscape.getThingCoord_Ucs(C_Landscape.java:571) ~[?:?]
	at thing.ground.A_SupportedContainer.getCoordinate_Ucs(A_SupportedContainer.java:46) ~[?:?]
	at thing.ground.landscape.C_Landscape.getThingCoord_Ucs(C_Landscape.java:571) ~[?:?]
	at thing.ground.A_SupportedContainer.getCoordinate_Ucs(A_SupportedContainer.java:46) ~[?:?]
	at thing.ground.landscape.C_Landscape.getThingCoord_Ucs(C_Landscape.java:571) ~[?:?]
	at thing.ground.A_SupportedContainer.getCoordinate_Ucs(A_SupportedContainer.java:46) ~[?:?]
	at thing.ground.landscape.C_Landscape.getThingCoord_Ucs(C_Landscape.java:571) ~[?:?]
	at thing.ground.A_SupportedContainer.getCoordinate_Ucs(A_SupportedContainer.java:46) ~[?:?]
	at thing.ground.landscape.C_Landscape.getThingCoord_Ucs(C_Landscape.java:571) ~[?:?]
	at thing.ground.A_SupportedContainer.getCoordinate_Ucs(A_SupportedContainer.java:46) ~[?:?]
	at thing.ground.landscape.C_Landscape.getThingCoord_Ucs(C_Landscape.java:571) ~[?:?]
	at thing.ground.A_SupportedContainer.getCoordinate_Ucs(A_SupportedContainer.java:46) ~[?:?]
	at thing.ground.landscape.C_Landscape.getThingCoord_Ucs(C_Landscape.java:571) ~[?:?]
	at thing.ground.A_SupportedContainer.getCoordinate_Ucs(A_SupportedContainer.java:46) ~[?:?]
	at thing.ground.landscape.C_Landscape.getThingCoord_Ucs(C_Landscape.java:571) ~[?:?]
	at thing.ground.A_SupportedContainer.getCoordinate_Ucs(A_SupportedContainer.java:46) ~[?:?]
	at thing.ground.landscape.C_Landscape.getThingCoord_Ucs(C_Landscape.java:571) ~[?:?]
	at thing.ground.A_SupportedContainer.getCoordinate_Ucs(A_SupportedContainer.java:46) ~[?:?]
	at thing.ground.landscape.C_Landscape.getThingCoord_Ucs(C_Landscape.java:571) ~[?:?]
	at thing.ground.A_SupportedContainer.getCoordinate_Ucs(A_SupportedContainer.java:46) ~[?:?]
	at thing.ground.landscape.C_Landscape.getThingCoord_Ucs(C_Landscape.java:571) ~[?:?]
	at thing.ground.A_SupportedContainer.getCoordinate_Ucs(A_SupportedContainer.java:46) ~[?:?]
	at thing.ground.landscape.C_Landscape.getThingCoord_Ucs(C_Landscape.java:571) ~[?:?]
	at thing.ground.A_SupportedContainer.getCoordinate_Ucs(A_SupportedContainer.java:46) ~[?:?]
	at thing.ground.landscape.C_Landscape.getThingCoord_Ucs(C_Landscape.java:571) ~[?:?]
	at thing.ground.A_SupportedContainer.getCoordinate_Ucs(A_SupportedContainer.java:46) ~[?:?]
	at thing.ground.landscape.C_Landscape.getThingCoord_Ucs(C_Landscape.java:571) ~[?:?]
	at thing.ground.A_SupportedContainer.getCoordinate_Ucs(A_SupportedContainer.java:46) ~[?:?]
	at thing.ground.landscape.C_Landscape.getThingCoord_Ucs(C_Landscape.java:571) ~[?:?]
	at thing.ground.A_SupportedContainer.getCoordinate_Ucs(A_SupportedContainer.java:46) ~[?:?]
	at thing.ground.landscape.C_Landscape.getThingCoord_Ucs(C_Landscape.java:571) ~[?:?]
	at thing.ground.A_SupportedContainer.getCoordinate_Ucs(A_SupportedContainer.java:46) ~[?:?]
	at thing.ground.landscape.C_Landscape.getThingCoord_Ucs(C_Landscape.java:571) ~[?:?]
	at thing.ground.A_SupportedContainer.getCoordinate_Ucs(A_SupportedContainer.java:46) ~[?:?]
	at thing.ground.landscape.C_Landscape.getThingCoord_Ucs(C_Landscape.java:571) ~[?:?]
	at thing.ground.A_SupportedContainer.getCoordinate_Ucs(A_SupportedContainer.java:46) ~[?:?]
	at thing.ground.landscape.C_Landscape.getThingCoord_Ucs(C_Landscape.java:571) ~[?:?]
	at thing.ground.A_SupportedContainer.getCoordinate_Ucs(A_SupportedContainer.java:46) ~[?:?]
	at thing.ground.landscape.C_Landscape.getThingCoord_Ucs(C_Landscape.java:571) ~[?:?]
	at thing.ground.A_SupportedContainer.getCoordinate_Ucs(A_SupportedContainer.java:46) ~[?:?]
	at thing.ground.landscape.C_Landscape.getThingCoord_Ucs(C_Landscape.java:571) ~[?:?]
	at thing.ground.A_SupportedContainer.getCoordinate_Ucs(A_SupportedContainer.java:46) ~[?:?]
	at thing.ground.landscape.C_Landscape.getThingCoord_Ucs(C_Landscape.java:571) ~[?:?]
	at thing.ground.A_SupportedContainer.getCoordinate_Ucs(A_SupportedContainer.java:46) ~[?:?]
	at thing.ground.landscape.C_Landscape.getThingCoord_Ucs(C_Landscape.java:571) ~[?:?]
	at thing.ground.A_SupportedContainer.getCoordinate_Ucs(A_SupportedContainer.java:46) ~[?:?]
	at thing.ground.landscape.C_Landscape.getThingCoord_Ucs(C_Landscape.java:571) ~[?:?]
	at thing.ground.A_SupportedContainer.getCoordinate_Ucs(A_SupportedContainer.java:46) ~[?:?]
	at thing.ground.landscape.C_Landscape.getThingCoord_Ucs(C_Landscape.java:571) ~[?:?]
	at thing.ground.A_SupportedContainer.getCoordinate_Ucs(A_SupportedContainer.java:46) ~[?:?]
	at thing.ground.landscape.C_Landscape.getThingCoord_Ucs(C_Landscape.java:571) ~[?:?]
	at thing.ground.A_SupportedContainer.getCoordinate_Ucs(A_SupportedContainer.java:46) ~[?:?]
	at thing.ground.landscape.C_Landscape.getThingCoord_Ucs(C_Landscape.java:571) ~[?:?]
	at thing.ground.A_SupportedContainer.getCoordinate_Ucs(A_SupportedContainer.java:46) ~[?:?]
	at thing.ground.landscape.C_Landscape.getThingCoord_Ucs(C_Landscape.java:571) ~[?:?]
	at thing.ground.A_SupportedContainer.getCoordinate_Ucs(A_SupportedContainer.java:46) ~[?:?]
	at thing.ground.landscape.C_Landscape.getThingCoord_Ucs(C_Landscape.java:571) ~[?:?]
	at thing.ground.A_SupportedContainer.getCoordinate_Ucs(A_SupportedContainer.java:46) ~[?:?]
	at thing.ground.landscape.C_Landscape.getThingCoord_Ucs(C_Landscape.java:571) ~[?:?]
	at thing.ground.A_SupportedContainer.getCoordinate_Ucs(A_SupportedContainer.java:46) ~[?:?]
	at thing.ground.landscape.C_Landscape.getThingCoord_Ucs(C_Landscape.java:571) ~[?:?]
	at thing.ground.A_SupportedContainer.getCoordinate_Ucs(A_SupportedContainer.java:46) ~[?:?]
	at thing.ground.landscape.C_Landscape.getThingCoord_Ucs(C_Landscape.java:571) ~[?:?]
	at thing.ground.A_SupportedContainer.getCoordinate_Ucs(A_SupportedContainer.java:46) ~[?:?]
	at thing.ground.landscape.C_Landscape.getThingCoord_Ucs(C_Landscape.java:571) ~[?:?]
	at thing.ground.A_SupportedContainer.getCoordinate_Ucs(A_SupportedContainer.java:46) ~[?:?]
	at thing.ground.landscape.C_Landscape.getThingCoord_Ucs(C_Landscape.java:571) ~[?:?]
	at thing.ground.A_SupportedContainer.getCoordinate_Ucs(A_SupportedContainer.java:46) ~[?:?]
	at thing.ground.landscape.C_Landscape.getThingCoord_Ucs(C_Landscape.java:571) ~[?:?]
	at thing.ground.A_SupportedContainer.getCoordinate_Ucs(A_SupportedContainer.java:46) ~[?:?]
	at thing.ground.landscape.C_Landscape.getThingCoord_Ucs(C_Landscape.java:571) ~[?:?]
	at thing.ground.A_SupportedContainer.getCoordinate_Ucs(A_SupportedContainer.java:46) ~[?:?]
	at thing.ground.landscape.C_Landscape.getThingCoord_Ucs(C_Landscape.java:571) ~[?:?]
	at thing.ground.A_SupportedContainer.getCoordinate_Ucs(A_SupportedContainer.java:46) ~[?:?]
	at thing.ground.landscape.C_Landscape.getThingCoord_Ucs(C_Landscape.java:571) ~[?:?]
	at thing.ground.A_SupportedContainer.getCoordinate_Ucs(A_SupportedContainer.java:46) ~[?:?]
	at thing.ground.landscape.C_Landscape.getThingCoord_Ucs(C_Landscape.java:571) ~[?:?]
	at thing.ground.A_SupportedContainer.getCoordinate_Ucs(A_SupportedContainer.java:46) ~[?:?]
	at thing.ground.landscape.C_Landscape.getThingCoord_Ucs(C_Landscape.java:571) ~[?:?]
	at thing.ground.A_SupportedContainer.getCoordinate_Ucs(A_SupportedContainer.java:46) ~[?:?]
	at thing.ground.landscape.C_Landscape.getThingCoord_Ucs(C_Landscape.java:571) ~[?:?]
	at thing.ground.A_SupportedContainer.getCoordinate_Ucs(A_SupportedContainer.java:46) ~[?:?]
	at thing.ground.landscape.C_Landscape.getThingCoord_Ucs(C_Landscape.java:571) ~[?:?]
	at thing.ground.A_SupportedContainer.getCoordinate_Ucs(A_SupportedContainer.java:46) ~[?:?]
	at thing.ground.landscape.C_Landscape.getThingCoord_Ucs(C_Landscape.java:571) ~[?:?]
	at thing.ground.A_SupportedContainer.getCoordinate_Ucs(A_SupportedContainer.java:46) ~[?:?]
	at thing.ground.landscape.C_Landscape.getThingCoord_Ucs(C_Landscape.java:571) ~[?:?]
	at thing.ground.A_SupportedContainer.getCoordinate_Ucs(A_SupportedContainer.java:46) ~[?:?]
	at thing.ground.landscape.C_Landscape.getThingCoord_Ucs(C_Landscape.java:571) ~[?:?]
	at thing.ground.A_SupportedContainer.getCoordinate_Ucs(A_SupportedContainer.java:46) ~[?:?]
	at thing.ground.landscape.C_Landscape.getThingCoord_Ucs(C_Landscape.java:571) ~[?:?]
	at thing.ground.A_SupportedContainer.getCoordinate_Ucs(A_SupportedContainer.java:46) ~[?:?]
	at thing.ground.landscape.C_Landscape.getThingCoord_Ucs(C_Landscape.java:571) ~[?:?]
	at thing.ground.A_SupportedContainer.getCoordinate_Ucs(A_SupportedContainer.java:46) ~[?:?]
	at thing.ground.landscape.C_Landscape.getThingCoord_Ucs(C_Landscape.java:571) ~[?:?]
	at thing.ground.A_SupportedContainer.getCoordinate_Ucs(A_SupportedContainer.java:46) ~[?:?]
	at thing.ground.landscape.C_Landscape.getThingCoord_Ucs(C_Landscape.java:571) ~[?:?]
	at thing.ground.A_SupportedContainer.getCoordinate_Ucs(A_SupportedContainer.java:46) ~[?:?]
	at thing.ground.landscape.C_Landscape.getThingCoord_Ucs(C_Landscape.java:571) ~[?:?]
	at thing.ground.A_SupportedContainer.getCoordinate_Ucs(A_SupportedContainer.java:46) ~[?:?]
	at thing.ground.landscape.C_Landscape.getThingCoord_Ucs(C_Landscape.java:571) ~[?:?]
	at thing.ground.A_SupportedContainer.getCoordinate_Ucs(A_SupportedContainer.java:46) ~[?:?]
	at thing.ground.landscape.C_Landscape.getThingCoord_Ucs(C_Landscape.java:571) ~[?:?]
	at thing.ground.A_SupportedContainer.getCoordinate_Ucs(A_SupportedContainer.java:46) ~[?:?]
	at thing.ground.landscape.C_Landscape.getThingCoord_Ucs(C_Landscape.java:571) ~[?:?]
	at thing.ground.A_SupportedContainer.getCoordinate_Ucs(A_SupportedContainer.java:46) ~[?:?]
	at thing.ground.landscape.C_Landscape.getThingCoord_Ucs(C_Landscape.java:571) ~[?:?]
	at thing.ground.A_SupportedContainer.getCoordinate_Ucs(A_SupportedContainer.java:46) ~[?:?]
	at thing.ground.landscape.C_Landscape.getThingCoord_Ucs(C_Landscape.java:571) ~[?:?]
	at thing.ground.A_SupportedContainer.getCoordinate_Ucs(A_SupportedContainer.java:46) ~[?:?]
	at thing.ground.landscape.C_Landscape.getThingCoord_Ucs(C_Landscape.java:571) ~[?:?]
	at thing.ground.A_SupportedContainer.getCoordinate_Ucs(A_SupportedContainer.java:46) ~[?:?]
	at thing.ground.landscape.C_Landscape.getThingCoord_Ucs(C_Landscape.java:571) ~[?:?]
	at thing.ground.A_SupportedContainer.getCoordinate_Ucs(A_SupportedContainer.java:46) ~[?:?]
	at thing.ground.landscape.C_Landscape.getThingCoord_Ucs(C_Landscape.java:571) ~[?:?]
	at thing.ground.A_SupportedContainer.getCoordinate_Ucs(A_SupportedContainer.java:46) ~[?:?]
	at thing.ground.landscape.C_Landscape.getThingCoord_Ucs(C_Landscape.java:571) ~[?:?]
	at thing.ground.A_SupportedContainer.getCoordinate_Ucs(A_SupportedContainer.java:46) ~[?:?]
	at thing.ground.landscape.C_Landscape.getThingCoord_Ucs(C_Landscape.java:571) ~[?:?]
	at thing.ground.A_SupportedContainer.getCoordinate_Ucs(A_SupportedContainer.java:46) ~[?:?]
	at thing.ground.landscape.C_Landscape.getThingCoord_Ucs(C_Landscape.java:571) ~[?:?]
	at thing.ground.A_SupportedContainer.getCoordinate_Ucs(A_SupportedContainer.java:46) ~[?:?]
	at thing.ground.landscape.C_Landscape.getThingCoord_Ucs(C_Landscape.java:571) ~[?:?]
	at thing.ground.A_SupportedContainer.getCoordinate_Ucs(A_SupportedContainer.java:46) ~[?:?]
	at thing.ground.landscape.C_Landscape.getThingCoord_Ucs(C_Landscape.java:571) ~[?:?]
	at thing.ground.A_SupportedContainer.getCoordinate_Ucs(A_SupportedContainer.java:46) ~[?:?]
	at thing.ground.landscape.C_Landscape.getThingCoord_Ucs(C_Landscape.java:571) ~[?:?]
	at thing.ground.A_SupportedContainer.getCoordinate_Ucs(A_SupportedContainer.java:46) ~[?:?]
	at thing.ground.landscape.C_Landscape.getThingCoord_Ucs(C_Landscape.java:571) ~[?:?]
	at thing.ground.A_SupportedContainer.getCoordinate_Ucs(A_SupportedContainer.java:46) ~[?:?]
	at thing.ground.landscape.C_Landscape.getThingCoord_Ucs(C_Landscape.java:571) ~[?:?]
	at thing.ground.A_SupportedContainer.getCoordinate_Ucs(A_SupportedContainer.java:46) ~[?:?]
	at thing.ground.landscape.C_Landscape.getThingCoord_Ucs(C_Landscape.java:571) ~[?:?]
	at thing.ground.A_SupportedContainer.getCoordinate_Ucs(A_SupportedContainer.java:46) ~[?:?]
	at thing.ground.landscape.C_Landscape.getThingCoord_Ucs(C_Landscape.java:571) ~[?:?]
	at thing.ground.A_SupportedContainer.getCoordinate_Ucs(A_SupportedContainer.java:46) ~[?:?]
	at thing.ground.landscape.C_Landscape.getThingCoord_Ucs(C_Landscape.java:571) ~[?:?]
	at thing.ground.A_SupportedContainer.getCoordinate_Ucs(A_SupportedContainer.java:46) ~[?:?]
	at thing.ground.landscape.C_Landscape.getThingCoord_Ucs(C_Landscape.java:571) ~[?:?]
	at thing.ground.A_SupportedContainer.getCoordinate_Ucs(A_SupportedContainer.java:46) ~[?:?]
	at thing.ground.landscape.C_Landscape.getThingCoord_Ucs(C_Landscape.java:571) ~[?:?]
	at thing.ground.A_SupportedContainer.getCoordinate_Ucs(A_SupportedContainer.java:46) ~[?:?]
	at thing.ground.landscape.C_Landscape.getThingCoord_Ucs(C_Landscape.java:571) ~[?:?]
	at thing.ground.A_SupportedContainer.getCoordinate_Ucs(A_SupportedContainer.java:46) ~[?:?]
	at thing.ground.landscape.C_Landscape.getThingCoord_Ucs(C_Landscape.java:571) ~[?:?]
	at thing.ground.A_SupportedContainer.getCoordinate_Ucs(A_SupportedContainer.java:46) ~[?:?]
	at thing.ground.landscape.C_Landscape.getThingCoord_Ucs(C_Landscape.java:571) ~[?:?]
	at thing.ground.A_SupportedContainer.getCoordinate_Ucs(A_SupportedContainer.java:46) ~[?:?]
	at thing.ground.landscape.C_Landscape.getThingCoord_Ucs(C_Landscape.java:571) ~[?:?]
	at thing.ground.A_SupportedContainer.getCoordinate_Ucs(A_SupportedContainer.java:46) ~[?:?]
	at thing.ground.landscape.C_Landscape.getThingCoord_Ucs(C_Landscape.java:571) ~[?:?]
	at thing.ground.A_SupportedContainer.getCoordinate_Ucs(A_SupportedContainer.java:46) ~[?:?]
	at thing.ground.landscape.C_Landscape.getThingCoord_Ucs(C_Landscape.java:571) ~[?:?]
	at thing.ground.A_SupportedContainer.getCoordinate_Ucs(A_SupportedContainer.java:46) ~[?:?]
	at thing.ground.landscape.C_Landscape.getThingCoord_Ucs(C_Landscape.java:571) ~[?:?]
	at thing.ground.A_SupportedContainer.getCoordinate_Ucs(A_SupportedContainer.java:46) ~[?:?]
	at thing.ground.landscape.C_Landscape.getThingCoord_Ucs(C_Landscape.java:571) ~[?:?]
	at thing.ground.A_SupportedContainer.getCoordinate_Ucs(A_SupportedContainer.java:46) ~[?:?]
	at thing.ground.landscape.C_Landscape.getThingCoord_Ucs(C_Landscape.java:571) ~[?:?]
	at thing.ground.A_SupportedContainer.getCoordinate_Ucs(A_SupportedContainer.java:46) ~[?:?]
	at thing.ground.landscape.C_Landscape.getThingCoord_Ucs(C_Landscape.java:571) ~[?:?]
	at thing.ground.A_SupportedContainer.getCoordinate_Ucs(A_SupportedContainer.java:46) ~[?:?]
	at thing.ground.landscape.C_Landscape.getThingCoord_Ucs(C_Landscape.java:571) ~[?:?]
	at thing.ground.A_SupportedContainer.getCoordinate_Ucs(A_SupportedContainer.java:46) ~[?:?]
	at thing.ground.landscape.C_Landscape.getThingCoord_Ucs(C_Landscape.java:571) ~[?:?]
	at thing.ground.A_SupportedContainer.getCoordinate_Ucs(A_SupportedContainer.java:46) ~[?:?]
	at thing.ground.landscape.C_Landscape.getThingCoord_Ucs(C_Landscape.java:571) ~[?:?]
	at thing.ground.A_SupportedContainer.getCoordinate_Ucs(A_SupportedContainer.java:46) ~[?:?]
	at thing.ground.landscape.C_Landscape.getThingCoord_Ucs(C_Landscape.java:571) ~[?:?]
	at thing.ground.A_SupportedContainer.getCoordinate_Ucs(A_SupportedContainer.java:46) ~[?:?]
	at thing.ground.landscape.C_Landscape.getThingCoord_Ucs(C_Landscape.java:571) ~[?:?]
	at thing.ground.A_SupportedContainer.getCoordinate_Ucs(A_SupportedContainer.java:46) ~[?:?]
	at thing.ground.landscape.C_Landscape.getThingCoord_Ucs(C_Landscape.java:571) ~[?:?]
	at thing.ground.A_SupportedContainer.getCoordinate_Ucs(A_SupportedContainer.java:46) ~[?:?]
	at thing.ground.landscape.C_Landscape.getThingCoord_Ucs(C_Landscape.java:571) ~[?:?]
	at thing.ground.A_SupportedContainer.getCoordinate_Ucs(A_SupportedContainer.java:46) ~[?:?]
	at thing.ground.landscape.C_Landscape.getThingCoord_Ucs(C_Landscape.java:571) ~[?:?]
	at thing.ground.A_SupportedContainer.getCoordinate_Ucs(A_SupportedContainer.java:46) ~[?:?]
	at thing.ground.landscape.C_Landscape.getThingCoord_Ucs(C_Landscape.java:571) ~[?:?]
	at thing.ground.A_SupportedContainer.getCoordinate_Ucs(A_SupportedContainer.java:46) ~[?:?]
	at thing.ground.landscape.C_Landscape.getThingCoord_Ucs(C_Landscape.java:571) ~[?:?]
