name,value
par,10.000000
chl,0.250000
nec,0.250000
mou,7.210000
tem,2.770000
tun,3.300000
wha,1.960000
sha,6.840000
bir,2.610000
tur,2.070000
fis,7.430000
shi,10.000000
tou,7.270000
pol,5.230000
sew,7.430000
