name,value
par,5.610000
chl,6.840000
nec,3.680000
mou,1.000000
tem,1.000000
tun,1.000000
wha,1.000000
sha,1.000000
bir,1.000000
tur,1.000000
fis,1.000000
shi,3.840000
tou,1.000000
pol,1.000000
sew,1.000000
