name,value
par,0.250000
chl,0.250000
nec,0.250000
shi,0.250000
