name,value
par,2.340000
chl,8.020000
nec,3.360000
mou,7.210000
tem,2.770000
tun,3.300000
wha,1.960000
sha,6.840000
bir,2.610000
tur,2.070000
fis,7.430000
shi,2.870000
tou,7.270000
pol,5.230000
sew,7.430000
