name,value
par,6.360000
chl,10.000000
nec,0.250000
shi,0.250000
