name,value
chl,1.000000
mic,1.000000
wh,1.000000
