name,value
par,1.000000
chl,1.000000
nec,1.000000
shi,1.000000
