name,value
chl,1.000000
mic,1.000000
wh,1.000000
sp4,1.000000
sp5,1.000000
sp6,1.000000
sp7,1.000000
sp8,1.000000
sp9,1.000000
