name,value
chl,0.890000
par,1.600000
mou,1.000000
tem,1.000000
nec,1.000000
tun,1.000000
wha,0.440000
sha,1.000000
bir,1.000000
cor,1.000000
fis,1.000000
shi,1.000000
tou,1.000000
pol,1.000000
sew,1.000000
