name,value
par,10.000000
chl,10.000000
nec,10.000000
mou,1.000000
tem,1.000000
tun,1.000000
wha,0.440000
sha,1.000000
bir,1.000000
tur,1.000000
fis,1.000000
shi,0.250000
tou,1.000000
pol,1.000000
sew,1.000000
