name,value
par,4.750000
chl,0.460000
nec,0.250000
shi,10.000000
