date;time;ID;X;Y;commentaire
20/08/2021;03:14;2007-24638;166.6260071;-22.59199905;
20/08/2021;05:15;2007-24638;166.6589966;-22.54599953;
20/08/2021;06:56;2007-24638;166.7299957;-22.53700066;
20/08/2021;07:00;2007-24638;166.7389984;-22.53800011;
21/08/2021;04:51;2007-24638;166.9329987;-22.89500046;
21/08/2021;05:09;2007-24638;166.9400024;-22.88299942;
21/08/2021;06:37;2007-24638;166.8869934;-22.88999939;
22/08/2021;04:57;2007-24638;167.0429993;-22.55400085;
22/08/2021;06:08;2007-24638;167.0800018;-22.53800011;
22/08/2021;06:35;2007-24638;167.0879974;-22.54599953;
22/08/2021;07:45;2007-24638;167.1230011;-22.5359993;
23/08/2021;04:47;2007-24638;167.1959992;-22.5529995;
23/08/2021;05:44;2007-24638;167.1909943;-22.55599976;
23/08/2021;06:29;2007-24638;167.1750031;-22.56900024;
24/08/2021;04:13;2007-24638;167.0399933;-22.81399918;
24/08/2021;04:37;2007-24638;167.0390015;-22.81399918;
24/08/2021;05:17;2007-24638;167.074997;-22.8029995;
24/08/2021;06:14;2007-24638;167.0740051;-22.82500076;
24/08/2021;06:58;2007-24638;167.1029968;-22.82299995;
25/08/2021;04:22;2007-24638;167.3739929;-22.71899986;
25/08/2021;06:01;2007-24638;167.3919983;-22.70700073;
25/08/2021;06:37;2007-24638;167.3880005;-22.7140007;
26/08/2021;03:52;2007-24638;167.5690002;-22.79599953;
26/08/2021;04:09;2007-24638;167.5639954;-22.78899956;
26/08/2021;05:50;2007-24638;167.5590057;-22.76099968;
26/08/2021;06:14;2007-24638;167.5509949;-22.75699997;
27/08/2021;03:58;2007-24638;167.1609955;-22.68600082;
27/08/2021;05:41;2007-24638;167.1569977;-22.63100052;
27/08/2021;05:51;2007-24638;167.121994;-22.62800026;
27/08/2021;15:02;2007-24638;166.8829956;-22.47900009;
28/08/2021;03:34;2007-24638;166.8679962;-22.78199959;
28/08/2021;05:24;2007-24638;166.8450012;-22.88699913;
28/08/2021;05:28;2007-24638;166.8240051;-22.89299965;
28/08/2021;07:04;2007-24638;166.8320007;-22.94799995;
29/08/2021;03:21;2007-24638;165.8509979;-22.0189991;
29/08/2021;05:02;2007-24638;165.6979981;-21.91900063;
29/08/2021;05:17;2007-24638;165.7059937;-21.89500046;
29/08/2021;06:42;2007-24638;165.6390076;-21.83300018;
30/08/2021;03:16;2007-24638;164.6430054;-21.13699913;
30/08/2021;05:06;2007-24638;164.5279999;-21.04400063;
30/08/2021;06:22;2007-24638;164.5269928;-21.00399971;
31/08/2021;04:53;2007-24638;163.9459992;-20.43099976;
31/08/2021;05:53;2007-24638;163.9250031;-20.40500069;
31/08/2021;06:32;2007-24638;163.8919983;-20.38199997;
31/08/2021;07:31;2007-24638;163.8999939;-20.31800079;
01/09/2021;05:27;2007-24638;163.4810028;-19.71500015;
01/09/2021;07:09;2007-24638;163.4369965;-19.66600037;
02/09/2021;04:29;2007-24638;163.0670013;-19.14699936;
02/09/2021;05:07;2007-24638;163.0390015;-19.14900017;
02/09/2021;06:11;2007-24638;162.9869995;-19.08799934;
03/09/2021;05:57;2007-24638;163.2290039;-19.3220005;
03/09/2021;06:26;2007-24638;163.2819977;-19.29899979;
03/09/2021;07:59;2007-24638;163.154007;-19.31200027;
04/09/2021;05:46;2007-24638;163.4149933;-19.31200027;
04/09/2021;05:57;2007-24638;163.4049988;-19.3010006;
05/09/2021;05:35;2007-24638;163.2700043;-19.49699974;
05/09/2021;07:15;2007-24638;163.3320007;-19.54400063;
06/09/2021;03:42;2007-24638;163.5870056;-19.70999908;
06/09/2021;05:23;2007-24638;163.628006;-19.70700073;
06/09/2021;06:50;2007-24638;163.6119995;-19.63800049;
08/09/2021;05:00;2007-24638;163.5619965;-19.58399963;
08/09/2021;16:15;2007-24638;163.5570068;-19.4109993;
09/09/2021;04:50;2007-24638;163.5839996;-19.30599976;
09/09/2021;05:39;2007-24638;163.5820007;-19.29199982;
10/09/2021;03:01;2007-24638;163.3500061;-19.20999908;
10/09/2021;04:37;2007-24638;163.2599945;-19.16600037;
10/09/2021;05:15;2007-24638;163.2680054;-19.12999916;
10/09/2021;06:17;2007-24638;163.2740021;-19.08300018;
10/09/2021;06:57;2007-24638;163.2259979;-19.08200073;
11/09/2021;06:32;2007-24638;162.772995;-19.92300034;
11/09/2021;08:10;2007-24638;162.6399994;-20.00699997;
12/09/2021;05:56;2007-24638;161.9360046;-20.41600037;
12/09/2021;06:11;2007-24638;161.8939972;-20.41399956;
12/09/2021;07:50;2007-24638;161.8159943;-20.42399979;
12/09/2021;17:07;2007-24638;161.5279999;-20.45800018;
13/09/2021;05:42;2007-24638;161.1119995;-20.59600067;
13/09/2021;05:47;2007-24638;160.8910065;-20.68799973;
13/09/2021;07:26;2007-24638;160.8990021;-20.67499924;
13/09/2021;15:24;2007-24638;160.7929993;-20.56100082;
13/09/2021;16:59;2007-24638;160.7819977;-20.55900002;
14/09/2021;16:59;2007-24638;158.785994;-46.366811;out of domain 
01/09/2021;04:39;2007-24639;166.720993;-22.4470005;
01/09/2021;06:20;2007-24639;166.6159973;-22.44099998;
01/09/2021;07:09;2007-24639;166.5859985;-22.44300079;
01/09/2021;10:12;2007-24639;166.4640045;-22.42200089;
01/09/2021;11:25;2007-24639;166.4219971;-22.43300056;
01/09/2021;11:49;2007-24639;166.4100037;-22.39800072;
02/09/2021;04:27;2007-24639;166.4019928;-22.31399918;
02/09/2021;05:05;2007-24639;166.4369965;-22.31399918;
02/09/2021;06:13;2007-24639;166.5059967;-22.33200073;
02/09/2021;06:46;2007-24639;166.5200043;-22.31999969;
02/09/2021;15:36;2007-24639;166.8609924;-22.4489994;
02/09/2021;17:25;2007-24639;166.9210053;-22.42399979;
03/09/2021;04:18;2007-24639;167.1900024;-22.6420002;
03/09/2021;05:54;2007-24639;167.1640015;-22.68799973;
03/09/2021;06:23;2007-24639;167.477005;-22.6060009;
03/09/2021;17:16;2007-24639;167.1779938;-22.68499947;
03/09/2021;17:32;2007-24639;167.1109924;-22.68799973;
04/09/2021;03:58;2007-24639;167.0780029;-22.94599915;
04/09/2021;06:00;2007-24639;167.0899963;-22.9489994;
04/09/2021;20:22;2007-24639;167.1000061;-22.96500015;
05/09/2021;05:31;2007-24639;167.2180023;-22.97900009;
05/09/2021;15:12;2007-24639;167.1450043;-22.84900093;
05/09/2021;16:53;2007-24639;167.2290039;-22.86199951;
05/09/2021;18:20;2007-24639;167.098999;-22.77799988;
06/09/2021;17:59;2007-24639;167.0269928;-22.74500084;
07/09/2021;05:08;2007-24639;167.220993;-23.05699921;
08/09/2021;05:04;2007-24639;167.598999;-22.89800072;
08/09/2021;06:05;2007-24639;167.5879974;-22.9279995;
08/09/2021;17:08;2007-24639;167.8619995;-22.96899986;
09/09/2021;03:09;2007-24639;168.0509949;-23.13699913;
09/09/2021;07:19;2007-24639;168.0090027;-23.22200012;
09/09/2021;16:46;2007-24639;168.0180054;-23.32500076;
09/09/2021;20:19;2007-24639;168.1679993;-23.43700027;
10/09/2021;03:01;2007-24639;168.1880035;-23.55200005;
10/09/2021;17:31;2007-24639;168.0169983;-23.36300087;
10/09/2021;18:02;2007-24639;168.0099945;-23.34700012;
11/09/2021;04:25;2007-24639;167.6929932;-22.91399956;
11/09/2021;06:09;2007-24639;167.5910034;-22.88299942;
11/09/2021;06:33;2007-24639;167.651001;-22.84399986;
11/09/2021;15:42;2007-24639;167.6600037;-22.80800056;
11/09/2021;17:21;2007-24639;167.6179962;-22.79400063;
12/09/2021;15:37;2007-24639;167.5690002;-22.71899986;
13/09/2021;04:07;2007-24639;167.6909943;-22.88800049;
13/09/2021;05:38;2007-24639;167.6470032;-22.86400032;
13/09/2021;05:43;2007-24639;167.6450043;-22.85899925;
13/09/2021;07:27;2007-24639;167.7079926;-22.94499969;
14/09/2021;03:49;2007-24639;167.9230042;-23.09799957;
14/09/2021;05:22;2007-24639;167.9250031;-23.15399933;
14/09/2021;06:57;2007-24639;167.973999;-23.20100021;
14/09/2021;16:32;2007-24639;168.0859985;-23.44300079;
14/09/2021;16:47;2007-24639;168.1360016;-23.46299934;
15/09/2021;03:45;2007-24639;168.1100006;-23.45199966;
18/09/2021;04:43;2007-24639;168.1109924;-23.46299934;
18/09/2021;07:05;2007-24639;168.0639954;-23.43499947;
18/09/2021;16:34;2007-24639;168.0939941;-23.51000023;
19/09/2021;03:07;2007-24639;168.0879974;-23.44099998;
19/09/2021;06:39;2007-24639;168.1119995;-23.43600082;
19/09/2021;17:52;2007-24639;168.1940002;-23.54100037;
20/09/2021;06:04;2007-24639;168.1710053;-23.77400017;
20/09/2021;06:18;2007-24639;167.4320068;-23.88999939;
20/09/2021;15:37;2007-24639;168.0859985;-23.42700005;
20/09/2021;17:28;2007-24639;168.0839996;-23.46199989;
21/09/2021;15:43;2007-24639;168.0720062;-23.37299919;
21/09/2021;16:59;2007-24639;167.8390045;-23.125;
21/09/2021;17:01;2007-24639;168.0769959;-23.32699966;
21/09/2021;18:43;2007-24639;168.0540009;-23.29100037;
24/09/2021;06:23;2007-24639;165.8630066;-24.25099945;
25/09/2021;05:55;2007-24639;170.0279999;-24.02499962;
25/09/2021;16:20;2007-24639;170.6060028;-24.38100052;
25/09/2021;17:09;2007-24639;170.6809998;-24.42300034;
26/09/2021;16:04;2007-24639;-177.2680054;-27.13999939;
26/09/2021;16:43;2007-24639;171.8580017;-24.7140007;
27/09/2021;04:40;2007-24639;172.4929962;-24.56599998;
27/09/2021;06:15;2007-24639;172.529007;-24.57299995;
27/09/2021;06:50;2007-24639;172.5209961;-24.58799934;
27/09/2021;15:51;2007-24639;173.0119934;-24.47699928;
27/09/2021;16:20;2007-24639;173.0310059;-24.46699905;
27/09/2021;20:42;2007-24639;173.279007;-24.50799942;
28/09/2021;04:49;2007-24639;173.848999;-24.68300056;
28/09/2021;15:37;2007-24639;-168.2769928;-28.59900093;
28/09/2021;15:54;2007-24639;174.2969971;-24.87400055;
28/09/2021;17:33;2007-24639;174.5;-24.94499969;
29/09/2021;04:14;2007-24639;174.9730072;-25.13400078;
29/09/2021;15:26;2007-24639;175.5319977;-25.00699997;
29/09/2021;17:11;2007-24639;175.6790009;-24.98399925;
30/09/2021;04:00;2007-24639;176.25;-25.22200012;
30/09/2021;05:42;2007-24639;177.0449982;-24.72100067;
30/09/2021;16:56;2007-24639;176.9100037;-25.12199974;
01/10/2021;16:24;2007-24639;178.0729981;-25.44499969;
03/10/2021;03:24;2007-24639;-179.9320068;-26.6439991;
03/10/2021;04:25;2007-24639;-179.8379974;-26.66399956;
04/10/2021;04:50;2007-24639;-179.2749939;-27.90200043;
04/10/2021;08:46;2007-24639;-179.048996;-28.04000092;
04/10/2021;16:11;2007-24639;-178.826004;-28.24500084;
04/10/2021;16:52;2007-24639;179.0070038;-27.81999969;
05/10/2021;04:44;2007-24639;-178.1790009;-28.80999947;
05/10/2021;05:20;2007-24639;-178.4720001;-28.96199989;
05/10/2021;16:04;2007-24639;-177.8009949;-29.25200081;
06/10/2021;04:51;2007-24639;-177.996994;-29.34900093;
06/10/2021;20:44;2007-24639;-177.977005;-29.27599907;
07/10/2021;06:08;2007-24639;-177.9420013;-29.34600067;
08/10/2021;04:03;2007-24639;-178.0700073;-29.39599991;
08/10/2021;04:04;2007-24639;-178.0440064;-29.37800026;
08/10/2021;05:40;2007-24639;-178.1239929;-29.45999908;
08/10/2021;15:23;2007-24639;-177.9900055;-29.52599907;
08/10/2021;17:00;2007-24639;-178.0429993;-29.54899979;
08/10/2021;20:17;2007-24639;-178.0249939;-29.56999969;
09/10/2021;16:37;2007-24639;-178.154007;-29.57600021;
09/10/2021;19:57;2007-24639;-178.1499939;-29.69499969;
10/10/2021;19:57;2007-24639;158.785994;-46.366811;out of domain 
27/08/2021;02:00;2007-24641;167.1660004;-22.71199989;
27/08/2021;03:42;2007-24641;167.0410004;-22.49200058;
27/08/2021;03:59;2007-24641;167.0870056;-22.49799919;
28/08/2021;03:29;2007-24641;167.4750061;-22.90099907;
28/08/2021;05:29;2007-24641;167.5590057;-22.87400055;
28/08/2021;07:04;2007-24641;167.5769959;-22.86599922;
28/08/2021;16:38;2007-24641;167.7819977;-22.96199989;
28/08/2021;16:44;2007-24641;167.8419952;-22.99600029;
29/08/2021;03:25;2007-24641;168.0529938;-23.31900024;
29/08/2021;05:15;2007-24641;167.9279938;-23.43199921;
29/08/2021;06:40;2007-24641;168.0639954;-23.39100075;
29/08/2021;16:31;2007-24641;171.9440002;-24.31800079;
30/08/2021;06:17;2007-24641;168.1779938;-23.34600067;
30/08/2021;16:21;2007-24641;168.1119995;-23.4260006;
31/08/2021;03:02;2007-24641;168.0879974;-23.42200089;
31/08/2021;04:52;2007-24641;168.0729981;-23.4279995;
31/08/2021;05:52;2007-24641;168.0390015;-23.41300011;
31/08/2021;06:31;2007-24641;168.095993;-23.39500046;
31/08/2021;07:31;2007-24641;168.052002;-23.4109993;
31/08/2021;16:09;2007-24641;168.1130066;-23.44799995;
31/08/2021;17:05;2007-24641;168.1130066;-23.41500092;
01/09/2021;04:37;2007-24641;168.1130066;-23.38899994;
01/09/2021;05:30;2007-24641;168.0630035;-23.35499954;
01/09/2021;06:21;2007-24641;168.0690002;-23.34799957;
01/09/2021;07:08;2007-24641;168.0690002;-23.34600067;
01/09/2021;15:57;2007-24641;168.1080017;-23.45800018;
01/09/2021;18:19;2007-24641;168.1150055;-23.4260006;
02/09/2021;04:26;2007-24641;168.102005;-23.52400017;
02/09/2021;06:07;2007-24641;168.1309967;-23.48800087;
02/09/2021;06:43;2007-24641;168.1340027;-23.46100044;
02/09/2021;15:45;2007-24641;168.0659943;-23.39999962;
02/09/2021;17:56;2007-24641;168.0690002;-23.37700081;
03/09/2021;06:21;2007-24641;168.0350037;-23.41699982;
03/09/2021;15:35;2007-24641;168.0919952;-23.43400002;
04/09/2021;03:58;2007-24641;168.1929932;-23.66799927;
04/09/2021;04:06;2007-24641;168.2389984;-23.68700027;
04/09/2021;05:45;2007-24641;168.2330017;-23.72599983;
04/09/2021;05:56;2007-24641;168.2619934;-23.72999954;
05/09/2021;05:32;2007-24641;168.2839966;-23.95000076;
05/09/2021;07:14;2007-24641;168.2879944;-23.89100075;
05/09/2021;16:44;2007-24641;168.0679932;-23.43300056;
05/09/2021;16:51;2007-24641;168.0480042;-23.43199921;
05/09/2021;18:26;2007-24641;168.0630035;-23.38999939;
06/09/2021;06:50;2007-24641;168.076004;-23.46199989;
06/09/2021;16:39;2007-24641;168.0500031;-23.43000031;
06/09/2021;18:01;2007-24641;168.1340027;-23.48800087;
07/09/2021;05:07;2007-24641;168.0500031;-23.4279995;
07/09/2021;16:27;2007-24641;168.076004;-23.36800003;
08/09/2021;04:59;2007-24641;167.7579956;-22.97599983;
08/09/2021;06:04;2007-24641;167.7100067;-22.95199966;
09/09/2021;03:11;2007-24641;167.6390076;-22.87100029;
09/09/2021;04:50;2007-24641;167.5850067;-22.88599968;
09/09/2021;05:38;2007-24641;167.5950012;-22.84399986;
10/09/2021;05:38;2007-24641;158.785994;-46.366811;out of domain 
10/09/2021;03:03;2007-24642;167.0910034;-22.65099907;
10/09/2021;04:37;2007-24642;167.1260071;-22.72100067;
10/09/2021;05:13;2007-24642;167.1239929;-22.72400093;
10/09/2021;06:55;2007-24642;167.1629944;-22.73600006;
10/09/2021;15:50;2007-24642;167.2799988;-22.70599937;
11/09/2021;04:27;2007-24642;167.8589935;-23.07600021;
11/09/2021;06:04;2007-24642;167.8910065;-23.16300011;
11/09/2021;06:32;2007-24642;167.8659973;-23.20700073;
11/09/2021;15:41;2007-24642;168.0540009;-23.49099922;
12/09/2021;04:10;2007-24642;168.0630035;-23.43799973;
12/09/2021;05:54;2007-24642;168.0800018;-23.37700081;
12/09/2021;06:08;2007-24642;172.8419952;-22.38199997;
12/09/2021;07:49;2007-24642;168.029007;-23.47500038;
12/09/2021;17:08;2007-24642;168.0599976;-23.43899918;
12/09/2021;17:12;2007-24642;168.2250061;-23.38400078;
13/09/2021;03:57;2007-24642;168.026001;-23.41699982;
13/09/2021;04:06;2007-24642;168.0019989;-23.42700005;
13/09/2021;05:37;2007-24642;168.029007;-23.47200012;
13/09/2021;05:38;2007-24642;168.1390076;-23.49799919;
13/09/2021;15:26;2007-24642;168.0800018;-23.39999962;
13/09/2021;17:01;2007-24642;167.9459992;-23.40699959;
13/09/2021;18:32;2007-24642;168.0579987;-23.39599991;
14/09/2021;05:19;2007-24642;168.0509949;-23.40399933;
14/09/2021;06:55;2007-24642;168.1190033;-23.38800049;
14/09/2021;15:14;2007-24642;168.095993;-23.41399956;
14/09/2021;18:12;2007-24642;168.0910034;-23.38899994;
15/09/2021;03:49;2007-24642;167.9909973;-23.33799934;
15/09/2021;05:20;2007-24642;167.2920075;-23.4279995;
15/09/2021;06:38;2007-24642;167.9589996;-23.24799919;
15/09/2021;16:32;2007-24642;167.9230042;-23.12299919;
15/09/2021;17:44;2007-24642;167.6620026;-23.05999947;
16/09/2021;05:03;2007-24642;167.6710053;-23.00900078;
16/09/2021;16:20;2007-24642;167.7720032;-22.97699928;
16/09/2021;19:02;2007-24642;167.6820068;-22.93099976;
17/09/2021;03:27;2007-24642;167.4349976;-22.92099953;
17/09/2021;04:54;2007-24642;167.3789978;-22.97900009;
17/09/2021;05:47;2007-24642;167.3339996;-22.94400024;
17/09/2021;16:15;2007-24642;-176.5200043;-27.39800072;
18/09/2021;05:23;2007-24642;167.1040039;-23.06900024;
18/09/2021;06:26;2007-24642;167.125;-23.07999992;
19/09/2021;03:09;2007-24642;167.6159973;-22.96899986;
19/09/2021;04:33;2007-24642;167.7189941;-22.91399956;
19/09/2021;06:10;2007-24642;167.7369995;-22.92099953;
19/09/2021;06:36;2007-24642;167.7400055;-22.95499992;
20/09/2021;04:20;2007-24642;168.102005;-23.47999954;
20/09/2021;15:35;2007-24642;168.0709992;-23.48399925;
21/09/2021;05:53;2007-24642;168.0970001;-23.43199921;
22/09/2021;05:28;2007-24642;168.0670013;-23.42399979;
22/09/2021;07:07;2007-24642;168.0800018;-23.42200089;
23/09/2021;05:21;2007-24642;164.7200012;-24.24200058;
24/09/2021;17:26;2007-24642;168.1519928;-23.38199997;
25/09/2021;03:46;2007-24642;168.0850067;-23.4109993;
25/09/2021;04:59;2007-24642;168.1230011;-23.3939991;
25/09/2021;06:00;2007-24642;168.0839996;-23.4279995;
25/09/2021;17:09;2007-24642;168.0630035;-23.47200012;
26/09/2021;04:51;2007-24642;168.0399933;-23.875;
26/09/2021;16:04;2007-24642;168.1309967;-24.4279995;
27/09/2021;15:54;2007-24642;168.7259979;-24.87199974;
28/09/2021;06:28;2007-24642;169.3170013;-25.02000046;
29/09/2021;06:28;2007-24642;158.785994;-46.366811;out of domain 
27/08/2021;03:57;2007-26712;167.1649933;-22.68700027;
27/08/2021;05:40;2007-26712;167.1869965;-22.65500069;
27/08/2021;05:50;2007-26712;167.1790009;-22.65600014;
27/08/2021;07:26;2007-26712;167.2140045;-22.63100052;
27/08/2021;15:03;2007-26712;167.1340027;-22.52599907;
27/08/2021;15:14;2007-26712;167.0769959;-22.51300049;
27/08/2021;16:55;2007-26712;167.0310059;-22.47999954;
27/08/2021;16:59;2007-26712;167.0500031;-22.48200035;
28/08/2021;03:34;2007-26712;167.0160065;-22.4829998;
28/08/2021;05:23;2007-26712;166.996994;-22.53700066;
28/08/2021;05:27;2007-26712;166.9680023;-22.54700089;
28/08/2021;07:05;2007-26712;167.029007;-22.54899979;
29/08/2021;03:19;2007-26712;167.2769928;-22.81100082;
29/08/2021;03:35;2007-26712;167.3029938;-22.85899925;
29/08/2021;05:01;2007-26712;167.3280029;-22.87199974;
29/08/2021;05:15;2007-26712;167.2890015;-22.89299965;
29/08/2021;06:44;2007-26712;167.3549957;-22.88400078;
30/08/2021;03:08;2007-26712;167.7039948;-22.8560009;
30/08/2021;05:04;2007-26712;167.723999;-22.87700081;
30/08/2021;06:13;2007-26712;167.7830048;-22.90699959;
30/08/2021;06:47;2007-26712;167.6979981;-22.98600006;
30/08/2021;07:54;2007-26712;167.6779938;-22.98800087;
31/08/2021;03:01;2007-26712;167.949997;-23.24900055;
31/08/2021;04:55;2007-26712;167.9349976;-23.25799942;
31/08/2021;05:54;2007-26712;168.0059967;-23.26199913;
01/09/2021;04:43;2007-26712;168.125;-23.4659996;
01/09/2021;06:17;2007-26712;168.098999;-23.45499992;
01/09/2021;07:09;2007-26712;168.0970001;-23.45199966;
01/09/2021;15:50;2007-26712;168.1289978;-23.45499992;
01/09/2021;15:56;2007-26712;168.0919952;-23.43700027;
01/09/2021;16:39;2007-26712;168.1159973;-23.45499992;
02/09/2021;04:29;2007-26712;168.0720062;-23.39699936;
02/09/2021;06:11;2007-26712;168.0679932;-23.38599968;
02/09/2021;06:45;2007-26712;168.0570068;-23.37100029;
02/09/2021;15:37;2007-26712;168.0930023;-23.44099998;
02/09/2021;15:45;2007-26712;168.098999;-23.43899918;
03/09/2021;04:19;2007-26712;168.1190033;-23.43099976;
03/09/2021;05:56;2007-26712;168.1710053;-23.47800064;
03/09/2021;06:21;2007-26712;168.1900024;-23.48200035;
03/09/2021;08:01;2007-26712;168.1549988;-23.4640007;
03/09/2021;17:16;2007-26712;168.0899963;-23.47900009;
03/09/2021;17:31;2007-26712;168.1060028;-23.47699928;
04/09/2021;05:46;2007-26712;167.9859924;-23.3010006;
04/09/2021;05:59;2007-26712;167.9799957;-23.29800034;
04/09/2021;07:37;2007-26712;168.0279999;-23.26600075;
05/09/2021;03:54;2007-26712;168.2969971;-23.97900009;
05/09/2021;05:32;2007-26712;168.4170075;-24.00099945;
05/09/2021;05:35;2007-26712;168.3809967;-24.02099991;
05/09/2021;07:11;2007-26712;168.4230042;-24.09600067;
06/09/2021;05:07;2007-26712;168.6009979;-24.88400078;
06/09/2021;05:17;2007-26712;168.5130005;-24.9470005;
06/09/2021;06:47;2007-26712;168.5330048;-24.97100067;
06/09/2021;07:00;2007-26712;168.5299988;-24.97699928;
07/09/2021;03:26;2007-26712;168.397995;-25.93000031;
07/09/2021;05:09;2007-26712;168.4219971;-26.03800011;
07/09/2021;06:23;2007-26712;168.3860016;-26.13800049;
08/09/2021;03:17;2007-26712;168.0079956;-27.25900078;
08/09/2021;04:57;2007-26712;168.0500031;-27.34799957;
08/09/2021;06:00;2007-26712;168.0610046;-27.41699982;
08/09/2021;06:37;2007-26712;168.0440064;-27.47699928;
09/09/2021;03:05;2007-26712;168.0930023;-28.60899925;
09/09/2021;04:45;2007-26712;168.0870056;-28.70899963;
09/09/2021;05:35;2007-26712;168.0460053;-28.76099968;
09/09/2021;06:24;2007-26712;168.0039978;-28.77599907;
09/09/2021;07:14;2007-26712;167.9539948;-28.80400085;
10/09/2021;04:34;2007-26712;168.0379944;-28.96500015;
10/09/2021;06:52;2007-26712;168.022995;-29.01000023;
10/09/2021;18:05;2007-26712;168.0579987;-28.94000053;
11/09/2021;06:30;2007-26712;167.949997;-28.79000092;
11/09/2021;15:45;2007-26712;167.9049988;-28.8390007;
11/09/2021;17:26;2007-26712;167.8289948;-28.8560009;
12/09/2021;04:11;2007-26712;168.0379944;-28.87999916;
12/09/2021;05:50;2007-26712;168.0659943;-28.82500076;
12/09/2021;06:08;2007-26712;168.0619965;-28.81200027;
12/09/2021;07:43;2007-26712;168.0839996;-28.83699989;
13/09/2021;05:37;2007-26712;168.0720062;-29.11899948;
13/09/2021;05:37;2007-26712;168.0800018;-29.10099983;
13/09/2021;15:18;2007-26712;168.0800018;-29.38500023;
14/09/2021;05:24;2007-26712;168.3760071;-29.54599953;
14/09/2021;06:58;2007-26712;168.404007;-29.63899994;
14/09/2021;15:17;2007-26712;168.1000061;-29.52700043;
14/09/2021;16:36;2007-26712;168.0850067;-29.47400093;
15/09/2021;03:43;2007-26712;167.9649963;-29.3939991;
15/09/2021;05:17;2007-26712;167.9819946;-29.38899994;
15/09/2021;16:34;2007-26712;168.1309967;-29.17000008;
16/09/2021;05:03;2007-26712;168.2709961;-29.12299919;
16/09/2021;07:51;2007-26712;168.1399994;-29.1420002;
17/09/2021;04:55;2007-26712;168.0670013;-29.07500076;
18/09/2021;04:55;2007-26712;158.785994;-46.366811;out of domain 
01/09/2021;04:41;2007-26715;166.7230072;-22.44499969;
01/09/2021;05:32;2007-26715;166.673996;-22.42900085;
01/09/2021;07:11;2007-26715;166.6349945;-22.40699959;
01/09/2021;15:59;2007-26715;166.4589996;-22.46800041;
01/09/2021;16:40;2007-26715;166.4129944;-22.45800018;
02/09/2021;04:21;2007-26715;166.371994;-22.33399963;
02/09/2021;04:31;2007-26715;166.3939972;-22.30699921;
02/09/2021;06:12;2007-26715;166.5070038;-22.32699966;
02/09/2021;06:44;2007-26715;166.526001;-22.31800079;
03/09/2021;06:44;2007-26715;158.785994;-46.366811;out of domain 
02/09/2021;21:03;2007-27258;166.9019928;-22.4489994;
02/09/2021;22:12;2007-27258;166.8999939;-22.44799995;
02/09/2021;22:43;2007-27258;166.8840027;-22.44199944;
02/09/2021;23:53;2007-27258;166.901001;-22.42200089;
03/09/2021;04:11;2007-27258;166.8910065;-22.44499969;
03/09/2021;04:18;2007-27258;166.871994;-22.47100067;
03/09/2021;06:00;2007-27258;166.8990021;-22.43499947;
03/09/2021;15:36;2007-27258;166.9029999;-22.49600029;
03/09/2021;17:27;2007-27258;166.8529968;-22.52400017;
04/09/2021;17:05;2007-27258;166.9909973;-22.4260006;
04/09/2021;17:08;2007-27258;167.0050049;-22.43600082;
05/09/2021;03:51;2007-27258;167.0130005;-22.55200005;
05/09/2021;07:12;2007-27258;166.9629974;-22.60700035;
06/09/2021;18:02;2007-27258;167.1549988;-22.97900009;
07/09/2021;06:26;2007-27258;167.272995;-23.16900063;
08/09/2021;05:00;2007-27258;167.8229981;-23.0890007;
08/09/2021;16:17;2007-27258;168.0090027;-23.2329998;
09/09/2021;16:17;2007-27258;158.785994;-46.366811;out of domain 
09/09/2021;03:08;2007-27259;166.9360046;-22.4659996;
09/09/2021;04:48;2007-27259;166.8240051;-22.31999969;
09/09/2021;21:09;2007-27259;167.0339966;-22.43600082;
09/09/2021;21:55;2007-27259;167.0670013;-22.38800049;
09/09/2021;22:52;2007-27259;167.0800018;-22.37199974;
10/09/2021;03:01;2007-27259;167.0570068;-22.43199921;
10/09/2021;04:34;2007-27259;167.0829926;-22.46800041;
10/09/2021;05:15;2007-27259;167.1000061;-22.49600029;
10/09/2021;06:12;2007-27259;167.1029968;-22.55800056;
10/09/2021;06:52;2007-27259;167.1080017;-22.58499908;
11/09/2021;04:24;2007-27259;167.5119934;-22.96800041;
11/09/2021;04:51;2007-27259;167.5480042;-22.98500061;
11/09/2021;06:08;2007-27259;167.5500031;-22.9659996;
11/09/2021;06:31;2007-27259;167.5829926;-22.96899986;
12/09/2021;06:05;2007-27259;168.0110016;-23.25699997;
12/09/2021;15:29;2007-27259;168.0910034;-23.43099976;
12/09/2021;17:17;2007-27259;168.0610046;-23.40699959;
13/09/2021;03:58;2007-27259;168.0019989;-23.46899986;
13/09/2021;04:06;2007-27259;168.1369934;-23.33799934;
13/09/2021;05:41;2007-27259;168.0410004;-23.4260006;
13/09/2021;05:43;2007-27259;168.0679932;-23.41500092;
13/09/2021;07:25;2007-27259;168.0399933;-23.45700073;
13/09/2021;15:25;2007-27259;168.076004;-23.49900055;
13/09/2021;16:53;2007-27259;168.121994;-23.55599976;
13/09/2021;17:01;2007-27259;168.397995;-23.58200073;
14/09/2021;03:57;2007-27259;168.0740051;-23.4640007;
14/09/2021;05:20;2007-27259;168.0460053;-23.45599937;
14/09/2021;05:30;2007-27259;168.0469971;-23.41200066;
14/09/2021;06:59;2007-27259;168.0630035;-23.46899986;
14/09/2021;15:16;2007-27259;168.0829926;-23.43899918;
15/09/2021;03:47;2007-27259;167.8849945;-23.93099976;
15/09/2021;04:55;2007-27259;167.8540039;-23.94000053;
15/09/2021;05:15;2007-27259;167.5480042;-24.02199936;
15/09/2021;06:31;2007-27259;160.470993;-25.88100052;
15/09/2021;15:07;2007-27259;167.5899963;-24.44300079;
15/09/2021;16:08;2007-27259;167.598999;-24.50300026;
15/09/2021;16:35;2007-27259;167.5639954;-24.55800056;
16/09/2021;03:35;2007-27259;167.6799927;-25.37599945;
16/09/2021;05:03;2007-27259;167.7460022;-25.47100067;
16/09/2021;06:10;2007-27259;167.7779999;-25.52300072;
16/09/2021;06:45;2007-27259;167.701004;-25.57600021;
16/09/2021;07:48;2007-27259;167.7140045;-25.63800049;
16/09/2021;16:25;2007-27259;167.7160034;-26.00399971;
16/09/2021;17:24;2007-27259;167.6920013;-26.04500008;
17/09/2021;03:26;2007-27259;167.4900055;-26.53199959;
17/09/2021;05:43;2007-27259;167.5160065;-26.66900063;
17/09/2021;16:12;2007-27259;167.3860016;-27.13699913;
17/09/2021;17:00;2007-27259;167.3869934;-27.15999985;
17/09/2021;17:53;2007-27259;167.3860016;-27.21100044;
18/09/2021;03:14;2007-27259;167.2449951;-27.87800026;
18/09/2021;04:40;2007-27259;167.2610016;-27.96699905;
18/09/2021;05:24;2007-27259;167.2400055;-27.99699974;
18/09/2021;06:18;2007-27259;167.2189941;-28.09399986;
18/09/2021;07:01;2007-27259;167.2120056;-28.14500046;
18/09/2021;16:01;2007-27259;167.2259979;-28.50099945;
18/09/2021;16:36;2007-27259;167.1900024;-28.49799919;
18/09/2021;17:43;2007-27259;167.2350006;-28.57900047;
18/09/2021;18:17;2007-27259;167.2389984;-28.60899925;
19/09/2021;03:07;2007-27259;167.1670075;-29.05999947;
19/09/2021;04:28;2007-27259;167.1940002;-29.11899948;
19/09/2021;04:54;2007-27259;167.1430054;-29.0909996;
19/09/2021;06:08;2007-27259;167.1880035;-29.19099998;
19/09/2021;06:37;2007-27259;167.1820068;-29.21299934;
19/09/2021;16:16;2007-27259;167.1380005;-29.35199928;
19/09/2021;17:32;2007-27259;167.2059937;-29.43099976;
19/09/2021;17:53;2007-27259;167.2769928;-29.47999954;
20/09/2021;04:13;2007-27259;167.1159973;-29.81299973;
20/09/2021;04:31;2007-27259;167.128006;-29.83600044;
20/09/2021;04:33;2007-27259;167.1549988;-29.82999992;
20/09/2021;05:55;2007-27259;167.128006;-29.90099907;
20/09/2021;06:15;2007-27259;167.1390076;-29.89999962;
20/09/2021;07:53;2007-27259;167.128006;-29.98500061;
20/09/2021;15:38;2007-27259;167.0019989;-30.11199951;
20/09/2021;17:20;2007-27259;167.3639984;-30.1590004;
21/09/2021;04:01;2007-27259;167.326004;-30.48699951;
21/09/2021;04:21;2007-27259;167.5200043;-30.47400093;
21/09/2021;05:45;2007-27259;167.2749939;-30.54599953;
21/09/2021;05:49;2007-27259;167.2890015;-30.5529995;
21/09/2021;07:29;2007-27259;167.2449951;-30.63800049;
21/09/2021;15:27;2007-27259;167.2619934;-30.81299973;
21/09/2021;17:02;2007-27259;167.4490051;-30.96100044;
21/09/2021;17:02;2007-27259;167.5619965;-31.12400055;
22/09/2021;03:52;2007-27259;167.1860046;-31.56200027;
22/09/2021;05:24;2007-27259;167.2769928;-31.58600044;
22/09/2021;05:34;2007-27259;167.2230072;-31.58699989;
22/09/2021;07:04;2007-27259;167.2250061;-31.64599991;
22/09/2021;07:12;2007-27259;167.2109985;-31.65999985;
23/09/2021;04:00;2007-27259;167.3480072;-32.22800064;
23/09/2021;04:59;2007-27259;167.2100067;-32.33100128;
23/09/2021;05:21;2007-27259;167.3600006;-32.25400162;
23/09/2021;06:39;2007-27259;167.4369965;-32.19100189;
23/09/2021;07:02;2007-27259;167.378006;-32.23400116;
23/09/2021;15:26;2007-27259;167.3119965;-32.22200012;
23/09/2021;16:42;2007-27259;167.2810059;-32.20399857;
23/09/2021;18:03;2007-27259;167.4190064;-32.16600037;
24/09/2021;03:53;2007-27259;167.3529968;-32.23099899;
24/09/2021;05:09;2007-27259;167.3320007;-32.25899887;
24/09/2021;06:18;2007-27259;167.3820038;-32.25899887;
24/09/2021;07:56;2007-27259;167.3659973;-32.22900009;
24/09/2021;15:20;2007-27259;167.3079987;-32.19800186;
25/09/2021;03:38;2007-27259;167.2330017;-32.25;
25/09/2021;05:00;2007-27259;167.302002;-32.1969986;
25/09/2021;06:39;2007-27259;167.3339996;-32.20999908;
25/09/2021;07:32;2007-27259;167.3009949;-32.19200134;
25/09/2021;15:06;2007-27259;167.3240051;-32.20299911;
25/09/2021;16:20;2007-27259;167.2929993;-32.19499969;
25/09/2021;17:09;2007-27259;167.3320007;-32.2120018;
25/09/2021;18:01;2007-27259;167.2810059;-32.16199875;
26/09/2021;03:31;2007-27259;167.3800049;-32.23400116;
26/09/2021;04:47;2007-27259;167.375;-32.24300003;
26/09/2021;06:25;2007-27259;167.3619995;-32.25799942;
26/09/2021;07:09;2007-27259;167.3730011;-32.24399948;
26/09/2021;16:10;2007-27259;167.2940064;-32.20000076;
26/09/2021;17:51;2007-27259;167.4380035;-32.25999832;
27/09/2021;03:15;2007-27259;167.3179932;-32.18799973;
27/09/2021;05:06;2007-27259;167.2969971;-32.20700073;
27/09/2021;06:45;2007-27259;167.3419952;-32.2480011;
27/09/2021;08:25;2007-27259;167.3639984;-32.25299835;
27/09/2021;15:58;2007-27259;167.3309937;-32.19499969;
27/09/2021;16:23;2007-27259;167.3040009;-32.19400024;
28/09/2021;03:11;2007-27259;167.3070068;-32.20899963;
28/09/2021;04:28;2007-27259;167.3229981;-32.22100067;
28/09/2021;06:01;2007-27259;167.4160004;-32.19100189;
28/09/2021;06:21;2007-27259;167.4279938;-32.22700119;
28/09/2021;15:46;2007-27259;167.3419952;-32.22700119;
28/09/2021;17:26;2007-27259;167.3070068;-32.20800018;
28/09/2021;17:40;2007-27259;167.2940064;-32.20199966;
29/09/2021;04:37;2007-27259;167.2440033;-32.23500061;
29/09/2021;05:50;2007-27259;167.3639984;-32.22999954;
29/09/2021;05:58;2007-27259;167.3500061;-32.24399948;
29/09/2021;07:37;2007-27259;167.3739929;-32.25;
29/09/2021;15:33;2007-27259;167.3820038;-32.25999832;
29/09/2021;17:13;2007-27259;167.375;-32.24399948;
29/09/2021;17:13;2007-27259;167.3589935;-32.24200058;
30/09/2021;03:58;2007-27259;167.470993;-32.37900162;
30/09/2021;05:34;2007-27259;167.5079956;-32.40200043;
30/09/2021;05:40;2007-27259;167.4819946;-32.41199875;
30/09/2021;07:13;2007-27259;167.5099945;-32.4640007;
30/09/2021;16:51;2007-27259;167.6009979;-32.6570015;
30/09/2021;17:04;2007-27259;167.6080017;-32.65999985;
30/09/2021;18:30;2007-27259;167.5870056;-32.61500168;
01/10/2021;05:08;2007-27259;167.4210053;-32.625;
01/10/2021;05:25;2007-27259;165.7059937;-32.90599823;
01/10/2021;06:51;2007-27259;167.5410004;-32.62400055;
01/10/2021;16:49;2007-27259;167.6269989;-32.65100098;
01/10/2021;18:10;2007-27259;167.5469971;-32.63899994;
02/10/2021;04:05;2007-27259;167.2660065;-32.95100021;
02/10/2021;05:15;2007-27259;167.4129944;-32.52000046;
03/10/2021;05:04;2007-27259;167.401001;-32.62099838;
03/10/2021;06:47;2007-27259;167.7250061;-32.63999939;
04/10/2021;06:33;2007-27259;167.5160065;-32.49300003;
04/10/2021;07:19;2007-27259;167.5330048;-32.48500061;
04/10/2021;16:19;2007-27259;167.7149963;-32.68099976;
05/10/2021;05:16;2007-27259;167.5180054;-32.53699875;
05/10/2021;06:50;2007-27259;168.9459992;-29.36100006;
09/10/2021;06:58;2007-27259;167.5099945;-32.4620018;
10/10/2021;17:53;2007-27259;167.4669952;-32.6269989;
11/10/2021;05:12;2007-27259;167.5249939;-32.71900177;
11/10/2021;06:14;2007-27259;167.5180054;-32.70100021;
11/10/2021;06:51;2007-27259;167.5039978;-32.70899963;
12/10/2021;05:04;2007-27259;167.477005;-32.62599945;
12/10/2021;06:41;2007-27259;167.5160065;-32.55099869;
12/10/2021;15:28;2007-27259;167.5529938;-32.49200058;
12/10/2021;16:22;2007-27259;167.5469971;-32.47299957;
12/10/2021;17:02;2007-27259;167.5330048;-32.47299957;
13/10/2021;05:28;2007-27259;167.5359955;-32.50999832;
13/10/2021;06:28;2007-27259;167.5619965;-32.50899887;
13/10/2021;16:11;2007-27259;167.5559998;-32.44599915;
13/10/2021;16:44;2007-27259;167.5119934;-32.47600174;
14/10/2021;03:44;2007-27259;167.5540009;-32.6230011;
14/10/2021;04:33;2007-27259;167.5319977;-32.61999893;
14/10/2021;06:40;2007-27259;167.5700073;-32.63199997;
14/10/2021;15:09;2007-27259;167.5659943;-32.52399826;
14/10/2021;16:17;2007-27259;167.5339966;-32.5320015;
14/10/2021;17:40;2007-27259;167.5549927;-32.54399872;
15/10/2021;03:37;2007-27259;167.5110016;-32.48400116;
15/10/2021;04:24;2007-27259;167.5330048;-32.49499893;
15/10/2021;06:06;2007-27259;167.5249939;-32.47000122;
15/10/2021;06:16;2007-27259;167.4920044;-32.4679985;
15/10/2021;17:25;2007-27259;167.5209961;-32.49599838;
16/10/2021;05:52;2007-27259;167.5469971;-32.56000137;
16/10/2021;05:52;2007-27259;167.552002;-32.56499863;
16/10/2021;15:31;2007-27259;167.3289948;-32.53699875;
16/10/2021;17:06;2007-27259;167.526001;-32.54600143;
16/10/2021;20:57;2007-27259;167.7290039;-32.47499847;
17/10/2021;07:10;2007-27259;168.0789948;-32.45800018;
18/10/2021;05:06;2007-27259;168.7050018;-32.75299835;
18/10/2021;05:29;2007-27259;168.5970001;-32.77999878;
18/10/2021;06:46;2007-27259;168.7330017;-32.76900101;
18/10/2021;08:56;2007-27259;168.7619934;-32.81100082;
18/10/2021;15:13;2007-27259;168.927002;-32.97800064;
18/10/2021;16:24;2007-27259;168.9360046;-32.99700165;
18/10/2021;16:53;2007-27259;169.0549927;-33.03099823;
19/10/2021;05:18;2007-27259;169.4790039;-33.1780014;
19/10/2021;06:22;2007-27259;169.4349976;-33.21900177;
19/10/2021;16:41;2007-27259;169.8119965;-33.38499832;
20/10/2021;05:07;2007-27259;170.4790039;-33.42499924;
20/10/2021;05:58;2007-27259;170.5500031;-33.43600082;
21/10/2021;04:54;2007-27259;171.4880066;-33.87799835;
21/10/2021;05:35;2007-27259;171.5149994;-33.87400055;
21/10/2021;16:13;2007-27259;171.9160004;-34.05500031;
21/10/2021;16:48;2007-27259;171.8049927;-34.05899811;
22/10/2021;04:42;2007-27259;172.1560059;-34.24300003;
22/10/2021;05:13;2007-27259;172.1820068;-34.2519989;
22/10/2021;15:29;2007-27259;172.397995;-34.42699814;
22/10/2021;16:04;2007-27259;172.3880005;-34.44100189;
22/10/2021;16:26;2007-27259;172.3650055;-34.45000076;
22/10/2021;18:04;2007-27259;172.3910065;-34.48799896;
23/10/2021;06:27;2007-27259;172.6410065;-34.40100098;
23/10/2021;15:52;2007-27259;172.9949951;-34.38299942;
23/10/2021;16:01;2007-27259;172.9960022;-34.38399887;
24/10/2021;04:20;2007-27259;173.1210022;-34.61000061;
24/10/2021;05:56;2007-27259;173.1750031;-34.63700104;
24/10/2021;17:14;2007-27259;172.2810059;-34.47499847;
24/10/2021;19:50;2007-27259;173.3990021;-34.73699951;
25/10/2021;03:32;2007-27259;173.3200073;-34.7480011;
25/10/2021;04:02;2007-27259;173.2700043;-34.72299957;
25/10/2021;05:42;2007-27259;173.397995;-34.64199829;
25/10/2021;05:52;2007-27259;173.496994;-34.77000046;
25/10/2021;15:28;2007-27259;173.326004;-34.73099899;
25/10/2021;17:12;2007-27259;173.3560028;-34.72700119;
26/10/2021;03:53;2007-27259;173.5460053;-34.89699936;
26/10/2021;05:16;2007-27259;173.5899963;-34.90000153;
26/10/2021;05:36;2007-27259;173.6069946;-34.92399979;
26/10/2021;16:27;2007-27259;174.0410004;-35.02500153;
27/10/2021;03:43;2007-27259;174.4069977;-35.25699997;
27/10/2021;04:48;2007-27259;174.4089966;-35.29800034;
27/10/2021;06:28;2007-27259;174.3800049;-35.35699844;
27/10/2021;15:06;2007-27259;174.5440064;-35.56499863;
27/10/2021;16:08;2007-27259;174.552002;-35.58499908;
27/10/2021;17:47;2007-27259;174.5529938;-35.62799835;
28/10/2021;16:33;2007-27259;175.0639954;-35.90399933;
29/10/2021;05:40;2007-27259;175.4479981;-35.93199921;
29/10/2021;16:59;2007-27259;175.779007;-36.16600037;
30/10/2021;04:46;2007-27259;176.0540009;-36.5870018;
30/10/2021;05:17;2007-27259;176.0410004;-36.61000061;
30/10/2021;16:14;2007-27259;176.2510071;-36.96500015;
30/10/2021;16:39;2007-27259;176.2890015;-36.97900009;
31/10/2021;04:37;2007-27259;176.7299957;-37.36700058;
31/10/2021;04:49;2007-27259;176.7669983;-37.40800095;
01/11/2021;04:49;2007-27259;158.785994;-46.366811;out of domain 
02/09/2021;22:13;2007-33000;166.8999939;-22.44799995;
02/09/2021;22:41;2007-33000;166.8880005;-22.44599915;
02/09/2021;23:51;2007-33000;166.9029999;-22.42900085;
03/09/2021;04:09;2007-33000;166.8320007;-22.41799927;
03/09/2021;06:00;2007-33000;166.8919983;-22.43600082;
03/09/2021;15:27;2007-33000;167.1730042;-22.61599922;
03/09/2021;17:16;2007-33000;167.2299957;-22.64999962;
04/09/2021;04:04;2007-33000;167.2949982;-22.68099976;
05/09/2021;07:14;2007-33000;167.1340027;-23.01300049;
05/09/2021;16:46;2007-33000;167.1920013;-22.95599937;
05/09/2021;16:48;2007-33000;167.0420075;-22.93199921;
05/09/2021;18:25;2007-33000;167.2290039;-22.97500038;
06/09/2021;05:11;2007-33000;167.0249939;-23.23600006;
06/09/2021;05:24;2007-33000;167.0980072;-23.18700027;
06/09/2021;15:01;2007-33000;167.0279999;-23.18700027;
07/09/2021;05:10;2007-33000;170.5160065;-22.23500061;
07/09/2021;16:28;2007-33000;167.5220032;-22.99399948;
07/09/2021;17:37;2007-33000;167.5890045;-22.94799995;
08/09/2021;04:58;2007-33000;167.7640076;-22.84799957;
08/09/2021;06:05;2007-33000;167.7230072;-22.85000038;
08/09/2021;17:16;2007-33000;167.845993;-23.09300041;
09/09/2021;03:07;2007-33000;168.1419983;-23.30400085;
10/09/2021;03:07;2007-33000;158.785994;-46.366811;out of domain 
07/09/2021;22:40;2007-33001;167.0249939;-22.59799957;
08/09/2021;03:16;2007-33001;167.1190033;-22.7140007;
08/09/2021;05:01;2007-33001;167.0809937;-22.79599953;
08/09/2021;06:02;2007-33001;167.1159973;-22.83200073;
09/09/2021;03:07;2007-33001;167.6889954;-22.87299919;
09/09/2021;07:16;2007-33001;167.6679993;-22.84600067;
10/09/2021;04:31;2007-33001;167.9980011;-23.3409996;
10/09/2021;05:13;2007-33001;168.0850067;-23.37400055;
10/09/2021;06:56;2007-33001;168.0970001;-23.42900085;
10/09/2021;15:49;2007-33001;168.0720062;-23.42900085;
10/09/2021;16:26;2007-33001;168.0559998;-23.43099976;
11/09/2021;04:25;2007-33001;168.2949982;-23.94400024;
11/09/2021;06:03;2007-33001;168.3500061;-23.98399925;
11/09/2021;06:29;2007-33001;168.3399963;-24.01000023;
11/09/2021;17:39;2007-33001;169.7969971;-24.49500084;
12/09/2021;04:10;2007-33001;168.6940002;-24.68899918;
12/09/2021;06:05;2007-33001;168.7689972;-24.77700043;
12/09/2021;17:20;2007-33001;168.9790039;-25.00799942;
13/09/2021;03:59;2007-33001;169.4369965;-25.29599953;
13/09/2021;05:44;2007-33001;169.5059967;-25.33099937;
13/09/2021;20:35;2007-33001;169.6880035;-25.49600029;
14/09/2021;03:45;2007-33001;169.897995;-25.72500038;
14/09/2021;05:17;2007-33001;169.9170075;-25.78499985;
14/09/2021;05:29;2007-33001;169.9440002;-25.80599976;
14/09/2021;18:08;2007-33001;170.173996;-25.94099998;
15/09/2021;04:53;2007-33001;170.4049988;-26.30200005;
15/09/2021;05:15;2007-33001;170.4279938;-26.28800011;
15/09/2021;06:35;2007-33001;170.4880066;-26.31500053;
16/09/2021;05:05;2007-33001;171.1499939;-26.70000076;
16/09/2021;06:11;2007-33001;170.871994;-26.78199959;
16/09/2021;17:22;2007-33001;171.076004;-26.92200089;
17/09/2021;04:53;2007-33001;171.6450043;-27.10000038;
17/09/2021;05:48;2007-33001;171.6950073;-27.125;
19/09/2021;04:57;2007-33001;173.0319977;-28.13299942;
21/09/2021;04:06;2007-33001;173.9309998;-28.81900024;
22/09/2021;04:06;2007-33001;158.785994;-46.366811;out of domain 
10/09/2021;06:15;2007-37229;167.128006;-22.75600052;
10/09/2021;06:54;2007-37229;167.1640015;-22.74099922;
11/09/2021;04:23;2007-37229;167.8320007;-23.08399963;
11/09/2021;06:31;2007-37229;167.8350067;-23.24399948;
12/09/2021;04:12;2007-37229;168.4389954;-23.68300056;
12/09/2021;05:49;2007-37229;168.496994;-23.72599983;
12/09/2021;17:20;2007-37229;168.9960022;-23.75200081;
13/09/2021;03:57;2007-37229;169.6049957;-23.99399948;
13/09/2021;04:07;2007-37229;169.598999;-24.01000023;
13/09/2021;05:42;2007-37229;169.6869965;-24.06100082;
13/09/2021;05:42;2007-37229;169.6640015;-24.05800056;
13/09/2021;07:21;2007-37229;169.677002;-24.17000008;
14/09/2021;04:00;2007-37229;170.4900055;-25.14100075;
14/09/2021;05:32;2007-37229;170.449997;-25.25;
14/09/2021;06:58;2007-37229;170.5200043;-25.35499954;
14/09/2021;16:45;2007-37229;170.6950073;-25.67900085;
15/09/2021;03:48;2007-37229;170.9579926;-26.33099937;
15/09/2021;05:16;2007-37229;170.9779968;-26.43099976;
15/09/2021;06:37;2007-37229;171.0440064;-26.52099991;
15/09/2021;06:57;2007-37229;171.0540009;-26.56500053;
15/09/2021;16:34;2007-37229;171.2700043;-26.8390007;
15/09/2021;17:46;2007-37229;171.2649994;-26.87599945;
16/09/2021;03:37;2007-37229;171.720993;-27.30200005;
16/09/2021;06:13;2007-37229;171.8470001;-27.38800049;
16/09/2021;06:44;2007-37229;171.8410034;-27.41399956;
16/09/2021;07:51;2007-37229;171.8739929;-27.50799942;
17/09/2021;03:29;2007-37229;172.2400055;-28.38999939;
17/09/2021;04:55;2007-37229;172.2810059;-28.45999908;
17/09/2021;06:34;2007-37229;172.3200073;-28.56200027;
18/09/2021;03:16;2007-37229;172.7850037;-29.67700005;
18/09/2021;04:40;2007-37229;172.8690033;-29.76199913;
18/09/2021;05:22;2007-37229;172.9120026;-29.80599976;
18/09/2021;06:19;2007-37229;172.9140015;-29.87299919;
18/09/2021;07:03;2007-37229;172.9409943;-29.93700027;
19/09/2021;03:06;2007-37229;173.1970062;-30.65999985;
19/09/2021;04:29;2007-37229;173.3029938;-30.72699928;
19/09/2021;06:07;2007-37229;173.3350067;-30.82900047;
20/09/2021;04:15;2007-37229;173.824997;-31.76000023;
20/09/2021;04:34;2007-37229;173.8789978;-31.75600052;
20/09/2021;05:59;2007-37229;173.7870026;-31.76799965;
20/09/2021;06:12;2007-37229;173.7929993;-31.77400017;
20/09/2021;17:28;2007-37229;173.8890076;-31.84600067;
21/09/2021;04:04;2007-37229;174.0460053;-32.07699966;
21/09/2021;05:46;2007-37229;174.0160065;-32.17100143;
21/09/2021;17:07;2007-37229;173.8869934;-32.2820015;
22/09/2021;05:26;2007-37229;174.0619965;-32.55500031;
22/09/2021;07:06;2007-37229;174.0440064;-32.56299973;
22/09/2021;16:58;2007-37229;173.9199982;-32.69599915;
23/09/2021;06:40;2007-37229;173.9259949;-32.81000137;
23/09/2021;16:17;2007-37229;173.9109955;-32.84999847;
23/09/2021;17:59;2007-37229;173.9109955;-32.85100174;
24/09/2021;03:49;2007-37229;173.6439972;-32.85599899;
24/09/2021;05:10;2007-37229;173.6940002;-32.80099869;
24/09/2021;06:19;2007-37229;173.6889954;-32.80500031;
24/09/2021;17:32;2007-37229;173.6190033;-32.88399887;
25/09/2021;16:17;2007-37229;174.348999;-32.93399811;
25/09/2021;17:11;2007-37229;174.4360046;-32.96500015;
26/09/2021;07:08;2007-37229;175.253006;-32.95800018;
26/09/2021;16:07;2007-37229;174.9490051;-32.79899979;
26/09/2021;16:43;2007-37229;175.5220032;-32.93700027;
27/09/2021;06:14;2007-37229;176.2129974;-32.99499893;
27/09/2021;18:04;2007-37229;176.7700043;-33.02199936;
28/09/2021;06:24;2007-37229;177.371994;-33.38100052;
29/09/2021;04:12;2007-37229;178.4539948;-33.625;
30/09/2021;05:33;2007-37229;179.1130066;-33.72000122;
30/09/2021;05:39;2007-37229;179.1199951;-33.70800018;
01/10/2021;06:49;2007-37229;179.9129944;-34.08200073;
01/10/2021;16:28;2007-37229;-179.7129974;-34.34600067;
02/10/2021;16:28;2007-37229;158.785994;-46.366811;out of domain 
11/09/2021;04:22;2007-37230;166.9629974;-22.47900009;
11/09/2021;04:49;2007-37230;166.9620056;-22.48800087;
11/09/2021;06:04;2007-37230;166.9669952;-22.48200035;
11/09/2021;06:31;2007-37230;166.9530029;-22.46800041;
12/09/2021;05:53;2007-37230;166.8470001;-22.56800079;
12/09/2021;06:07;2007-37230;166.8880005;-22.57299995;
12/09/2021;20:54;2007-37230;166.8800049;-22.86700058;
13/09/2021;05:40;2007-37230;167.0469971;-22.95000076;
13/09/2021;05:43;2007-37230;167.0339966;-22.95000076;
13/09/2021;07:24;2007-37230;167.0200043;-22.88500023;
13/09/2021;15:24;2007-37230;166.9649963;-22.92300034;
14/09/2021;03:55;2007-37230;166.9750061;-22.69099998;
14/09/2021;05:31;2007-37230;166.9960022;-22.69599915;
14/09/2021;06:57;2007-37230;166.9589996;-22.65600014;
15/09/2021;05:18;2007-37230;166.970993;-22.35099983;
15/09/2021;06:35;2007-37230;167.052002;-22.35400009;
16/09/2021;03:37;2007-37230;166.7030029;-21.75799942;
16/09/2021;05:04;2007-37230;166.5859985;-21.72699928;
16/09/2021;06:15;2007-37230;166.5240021;-21.72999954;
16/09/2021;06:47;2007-37230;166.5169983;-21.69599915;
16/09/2021;07:54;2007-37230;166.4980011;-21.65200043;
17/09/2021;03:30;2007-37230;165.9799957;-21.23399925;
17/09/2021;04:54;2007-37230;165.9620056;-21.20199966;
17/09/2021;06:35;2007-37230;165.8650055;-21.21199989;
17/09/2021;16:13;2007-37230;165.4799957;-20.9659996;
18/09/2021;03:19;2007-37230;151.5570068;-24.31900024;
18/09/2021;04:43;2007-37230;165.8970032;-21.29599953;
18/09/2021;07:04;2007-37230;165.9900055;-21.38100052;
19/09/2021;04:31;2007-37230;167.0249939;-22.2329998;
19/09/2021;05:01;2007-37230;167.0509949;-22.24500084;
19/09/2021;06:11;2007-37230;167.0720062;-22.29999924;
19/09/2021;06:41;2007-37230;167.0509949;-22.28100014;
20/09/2021;06:17;2007-37230;167.1360016;-22.88599968;
20/09/2021;17:19;2007-37230;167.345993;-22.80500031;
22/09/2021;05:25;2007-37230;167.227005;-23.07699966;
22/09/2021;18:17;2007-37230;167.427002;-23.04299927;
23/09/2021;05:23;2007-37230;168.6069946;-23.10300064;
23/09/2021;06:42;2007-37230;166.3099976;-22.94599915;
23/09/2021;17:59;2007-37230;171.4160004;-22.80900002;
23/09/2021;18:21;2007-37230;166.9889984;-23.04000092;
24/09/2021;05:15;2007-37230;166.1869965;-23.28100014;
25/09/2021;05:58;2007-37230;167.3500061;-22.58699989;
25/09/2021;17:04;2007-37230;168.0169983;-22.84300041;
26/09/2021;04:50;2007-37230;167.5639954;-22.81200027;
27/09/2021;03:21;2007-37230;167.5420075;-22.80200005;
27/09/2021;06:17;2007-37230;167.6139984;-22.81299973;
27/09/2021;17:32;2007-37230;167.5149994;-22.75;
28/09/2021;03:13;2007-37230;167.2160034;-22.70599937;
28/09/2021;06:05;2007-37230;167.0359955;-22.75600052;
29/09/2021;05:53;2007-37230;166.7279968;-22.72100067;
29/09/2021;06:02;2007-37230;166.7290039;-22.72100067;
30/09/2021;04:00;2007-37230;166.6130066;-22.65399933;
30/09/2021;05:39;2007-37230;166.7460022;-22.70000076;
01/10/2021;03:48;2007-37230;167.5339966;-23.22500038;
01/10/2021;05:15;2007-37230;167.6970062;-23.24900055;
01/10/2021;05:29;2007-37230;167.6959992;-23.26799965;
01/10/2021;06:53;2007-37230;167.8040009;-23.29800034;
02/10/2021;06:35;2007-37230;167.897995;-23.38999939;
02/10/2021;15:32;2007-37230;168.0299988;-23.42900085;
02/10/2021;17:37;2007-37230;167.5149994;-23.42399979;
03/10/2021;05:09;2007-37230;168.0850067;-23.49300003;
03/10/2021;06:05;2007-37230;168.1109924;-23.47200012;
03/10/2021;06:48;2007-37230;168.1380005;-23.46199989;
03/10/2021;17:20;2007-37230;168.1000061;-23.44499969;
04/10/2021;04:57;2007-37230;168.0599976;-23.45499992;
04/10/2021;05:44;2007-37230;168.0709992;-23.43799973;
05/10/2021;06:59;2007-37230;168.0690002;-23.40699959;
05/10/2021;18:06;2007-37230;168.0829926;-23.45199966;
06/10/2021;03:30;2007-37230;168.0879974;-23.45899963;
06/10/2021;04:34;2007-37230;168.0859985;-23.47100067;
06/10/2021;04:55;2007-37230;168.098999;-23.45899963;
06/10/2021;06:34;2007-37230;168.0950012;-23.44799995;
07/10/2021;03:20;2007-37230;168.0469971;-23.37199974;
07/10/2021;04:20;2007-37230;168.0890045;-23.38899994;
07/10/2021;06:15;2007-37230;167.7039948;-23.59900093;
08/10/2021;03:06;2007-37230;168.1289978;-23.35300064;
08/10/2021;07:25;2007-37230;168.1159973;-23.44199944;
09/10/2021;05:39;2007-37230;168.1089935;-23.45700073;
09/10/2021;07:05;2007-37230;168.1089935;-23.45000076;
10/10/2021;04:55;2007-37230;168.3390045;-23.41600037;
10/10/2021;05:26;2007-37230;168.0220032;-23.48200035;
11/10/2021;06:15;2007-37230;167.5529938;-22.90200043;
12/10/2021;04:09;2007-37230;167.6529999;-22.85700035;
12/10/2021;05:02;2007-37230;167.6600037;-22.86499977;
12/10/2021;05:51;2007-37230;167.6170044;-22.88599968;
13/10/2021;04:52;2007-37230;167.6710053;-22.88699913;
13/10/2021;05:28;2007-37230;167.6629944;-22.88899994;
13/10/2021;06:31;2007-37230;167.625;-22.88299942;
14/10/2021;04:38;2007-37230;167.2519989;-22.58600044;
14/10/2021;05:01;2007-37230;167.2669983;-22.61000061;
15/10/2021;03:34;2007-37230;167.154007;-22.68000031;
15/10/2021;04:25;2007-37230;167.2050018;-22.68700027;
15/10/2021;06:08;2007-37230;167.2039948;-22.74799919;
15/10/2021;06:18;2007-37230;167.0390015;-22.79500008;
16/10/2021;05:59;2007-37230;167.5559998;-22.95100021;
16/10/2021;05:59;2007-37230;167.6139984;-22.94199944;
17/10/2021;03:21;2007-37230;167.5870056;-22.84399986;
17/10/2021;05:28;2007-37230;167.6959992;-22.93499947;
17/10/2021;18:21;2007-37230;167.8379974;-23.02099991;
18/10/2021;06:46;2007-37230;168.0859985;-23.44499969;
19/10/2021;17:36;2007-37230;168.0820007;-23.48200035;
20/10/2021;06:02;2007-37230;168.0850067;-23.48200035;
21/10/2021;04:59;2007-37230;168.074997;-23.39800072;
21/10/2021;05:38;2007-37230;168.0579987;-23.40999985;
22/10/2021;04:48;2007-37230;168.1459961;-23.4640007;
22/10/2021;06:53;2007-37230;168.1000061;-23.4260006;
23/10/2021;06:30;2007-37230;168.003006;-23.32699966;
24/10/2021;03:44;2007-37230;168.0330048;-23.41300011;
24/10/2021;06:03;2007-37230;168.0019989;-23.36899948;
25/10/2021;06:03;2007-37230;158.785994;-46.366811;out of domain 
08/08/2021;04:26;2010-81122;167.199;-22.605;
08/08/2021;06:08;2010-81122;167.225;-22.674;
08/08/2021;08:28;2010-81122;167.238;-22.709;
08/08/2021;14:06;2010-81122;167.217;-22.801;
08/08/2021;15:48;2010-81122;167.184;-22.805;
08/08/2021;17:18;2010-81122;167.306;-22.832;
08/08/2021;18:06;2010-81122;167.173;-22.782;
08/08/2021;19:49;2010-81122;167.083;-22.799;
09/08/2021;02:39;2010-81122;167.214;-22.812;
09/08/2021;05:42;2010-81122;167.241;-22.823;
09/08/2021;16:53;2010-81122;167.047;-22.963;
10/08/2021;02:23;2010-81122;166.991;-22.962;
10/08/2021;02:24;2010-81122;166.969;-22.948;
10/08/2021;05:18;2010-81122;167.101;-22.969;
10/08/2021;15:24;2010-81122;167.172;-22.971;
10/08/2021;15:26;2010-81122;167.173;-22.97;
10/08/2021;16:28;2010-81122;167.165;-22.978;
10/08/2021;19:22;2010-81122;167.213;-23.018;
10/08/2021;20:01;2010-81122;167.134;-22.971;
11/08/2021;02:19;2010-81122;167.394;-23.117;
11/08/2021;04:01;2010-81122;167.466;-23.041;
11/08/2021;04:01;2010-81122;167.468;-23.039;
11/08/2021;04:58;2010-81122;167.48;-22.981;
11/08/2021;06:33;2010-81122;167.581;-22.926;
11/08/2021;08:28;2010-81122;167.66;-22.883;
11/08/2021;15:15;2010-81122;167.685;-22.877;
11/08/2021;16:05;2010-81122;167.683;-22.862;
11/08/2021;17:47;2010-81122;167.669;-22.885;
11/08/2021;19:14;2010-81122;167.62;-22.876;
12/08/2021;15:05;2010-81122;167.675;-22.833;
12/08/2021;15:06;2010-81122;167.666;-22.835;
12/08/2021;15:44;2010-81122;167.693;-22.861;
12/08/2021;17:16;2010-81122;167.978;-23.034;
12/08/2021;20:57;2010-81122;167.651;-22.887;
13/08/2021;07:26;2010-81122;167.645;-22.83;
13/08/2021;18:49;2010-81122;167.753;-22.893;
14/08/2021;08:57;2010-81122;167.726;-22.863;
14/08/2021;14:43;2010-81122;167.696;-22.858;
14/08/2021;14:45;2010-81122;167.696;-22.858;
14/08/2021;16:36;2010-81122;167.701;-22.851;
14/08/2021;18:35;2010-81122;167.697;-22.835;
14/08/2021;20:13;2010-81122;167.674;-22.845;
14/08/2021;20:17;2010-81122;167.666;-22.816;
15/08/2021;07:04;2010-81122;167.683;-22.89;
15/08/2021;14:37;2010-81122;167.651;-22.867;
15/08/2021;16:08;2010-81122;167.688;-22.826;
15/08/2021;17:49;2010-81122;167.661;-22.824;
15/08/2021;18:21;2010-81122;167.639;-22.835;
15/08/2021;19:49;2010-81122;167.702;-22.843;
15/08/2021;20:04;2010-81122;167.659;-22.816;
15/08/2021;20:53;2010-81122;167.638;-22.849;
16/08/2021;03:03;2010-81122;167.792;-22.832;
16/08/2021;03:08;2010-81122;167.591;-22.883;
16/08/2021;06:56;2010-81122;167.699;-22.836;
16/08/2021;14:26;2010-81122;167.639;-22.882;
16/08/2021;14:27;2010-81122;167.782;-22.935;
16/08/2021;17:22;2010-81122;167.696;-22.848;
17/08/2021;02:53;2010-81122;167.642;-22.855;
17/08/2021;02:53;2010-81122;167.717;-22.827;
17/08/2021;05:50;2010-81122;167.707;-22.842;
17/08/2021;06:39;2010-81122;167.723;-22.867;
17/08/2021;08:20;2010-81122;167.696;-22.872;
17/08/2021;14:07;2010-81122;167.63;-22.862;
17/08/2021;17:01;2010-81122;167.699;-22.877;
17/08/2021;19:43;2010-81122;167.665;-22.86;
17/08/2021;20:40;2010-81122;167.689;-22.827;
18/08/2021;02:45;2010-81122;167.603;-22.818;
18/08/2021;05:26;2010-81122;167.687;-22.86;
18/08/2021;14:05;2010-81122;167.736;-22.966;
18/08/2021;14:06;2010-81122;167.715;-22.955;
18/08/2021;19:28;2010-81122;167.804;-23.005;
20/08/2021;02:24;2010-81122;167.924;-23.317;
20/08/2021;02:26;2010-81122;175.889;-21.586;
20/08/2021;19:01;2010-81122;167.915;-23.327;
21/08/2021;07:36;2010-81122;168.055;-23.415;
21/08/2021;17:04;2010-81122;168.045;-23.434;
22/08/2021;02:06;2010-81122;168.352;-23.479;
22/08/2021;15:01;2010-81122;168.098;-23.433;
22/08/2021;18:42;2010-81122;168.03;-23.411;
26/08/2021;03:01;2010-81122;168.038;-23.516;
26/08/2021;03:07;2010-81122;167.979;-23.473;
26/08/2021;05:34;2010-81122;168.008;-23.454;
26/08/2021;08:19;2010-81122;168.092;-23.447;
27/08/2021;08:55;2010-81122;168.091;-23.477;
27/08/2021;18:01;2010-81122;168.063;-23.469;
27/08/2021;20:06;2010-81122;168.086;-23.464;
28/08/2021;02:42;2010-81122;168.183;-23.473;
28/08/2021;07:52;2010-81122;168.284;-23.359;
28/08/2021;14:04;2010-81122;168.294;-23.512;
29/08/2021;02:27;2010-81122;168.066;-23.387;
29/08/2021;07:41;2010-81122;168.057;-23.422;
31/08/2021;15:05;2010-81122;167.476;-23.504;
31/08/2021;20:25;2010-81122;167.169;-23.425;
02/09/2021;03:24;2010-81122;167.553;-22.988;
03/09/2021;03:24;2010-81122;158.785994;-46.366811;out of domain 
09/08/2021;02:39;2010-81123;167.199;-22.507;
09/08/2021;06:37;2010-81123;167.276;-22.56;
09/08/2021;19:35;2010-81123;167.272;-22.696;
10/08/2021;08:06;2010-81123;167.418;-23.203;
15/08/2021;04:55;2010-81123;167.024;-22.85;
15/08/2021;18:21;2010-81123;166.873;-22.95;
15/08/2021;20:55;2010-81123;167.102;-23.104;
16/08/2021;03:09;2010-81123;167.412;-23.225;
16/08/2021;04:34;2010-81123;167.54;-23.277;
16/08/2021;06:14;2010-81123;167.612;-23.363;
16/08/2021;06:54;2010-81123;167.67;-23.365;
16/08/2021;19:52;2010-81123;168.083;-23.42;
17/08/2021;02:53;2010-81123;168.03;-23.392;
17/08/2021;04:08;2010-81123;168.083;-23.385;
17/08/2021;14:12;2010-81123;168.046;-23.394;
17/08/2021;14:14;2010-81123;168.117;-23.407;
17/08/2021;17:01;2010-81123;168.018;-23.405;
17/08/2021;20:41;2010-81123;168.037;-23.441;
18/08/2021;02:44;2010-81123;168.064;-23.391;
18/08/2021;07:05;2010-81123;168.065;-23.446;
18/08/2021;08:14;2010-81123;168.06;-23.415;
18/08/2021;16:35;2010-81123;168.038;-23.408;
18/08/2021;18:16;2010-81123;168.072;-23.408;
19/08/2021;02:36;2010-81123;168.345;-23.473;
19/08/2021;05:00;2010-81123;168.042;-23.412;
19/08/2021;16:10;2010-81123;168.08;-23.431;
20/08/2021;02:26;2010-81123;168.11;-23.367;
20/08/2021;02:28;2010-81123;168.072;-23.393;
20/08/2021;04:37;2010-81123;168.027;-23.348;
20/08/2021;06:16;2010-81123;168.052;-23.397;
20/08/2021;15:22;2010-81123;168.128;-23.426;
20/08/2021;15:22;2010-81123;168.052;-23.443;
20/08/2021;17:27;2010-81123;168.042;-23.399;
20/08/2021;19:03;2010-81123;168.064;-23.434;
21/08/2021;02:12;2010-81123;168.068;-23.415;
21/08/2021;03:56;2010-81123;168.066;-23.403;
21/08/2021;04:12;2010-81123;168.063;-23.4;
21/08/2021;07:37;2010-81123;167.968;-23.359;
21/08/2021;15:12;2010-81123;168.074;-23.387;
21/08/2021;15:13;2010-81123;168.072;-23.389;
21/08/2021;17:04;2010-81123;168.056;-23.416;
22/08/2021;03:38;2010-81123;168.046;-23.377;
22/08/2021;05:31;2010-81123;168.087;-23.415;
22/08/2021;07:23;2010-81123;168.095;-23.45;
22/08/2021;14:59;2010-81123;168.097;-23.463;
22/08/2021;16:42;2010-81123;168.079;-23.48;
23/08/2021;03:32;2010-81123;168.091;-23.408;
23/08/2021;05:04;2010-81123;168.06;-23.383;
23/08/2021;07:11;2010-81123;168.075;-23.399;
24/08/2021;03:22;2010-81123;167.736;-23.752;
24/08/2021;03:22;2010-81123;167.664;-23.788;
24/08/2021;06:58;2010-81123;167.622;-23.822;
24/08/2021;08:24;2010-81123;167.568;-23.893;
24/08/2021;08:41;2010-81123;167.547;-23.901;
24/08/2021;14:37;2010-81123;167.507;-24.131;
24/08/2021;15:56;2010-81123;167.5;-24.196;
24/08/2021;17:34;2010-81123;167.581;-24.26;
24/08/2021;18:17;2010-81123;167.577;-24.277;
24/08/2021;19:39;2010-81123;167.583;-24.358;
25/08/2021;03:11;2010-81123;167.778;-24.774;
25/08/2021;05:56;2010-81123;167.788;-24.943;
25/08/2021;06:45;2010-81123;167.81;-24.989;
25/08/2021;08:26;2010-81123;167.766;-25.112;
25/08/2021;14:28;2010-81123;167.552;-25.482;
25/08/2021;14:33;2010-81123;167.644;-25.51;
25/08/2021;15:30;2010-81123;167.599;-25.584;
26/08/2021;02:57;2010-81123;167.701;-26.165;
26/08/2021;03:01;2010-81123;167.671;-26.177;
26/08/2021;05:31;2010-81123;167.709;-26.251;
26/08/2021;06:34;2010-81123;167.701;-26.317;
26/08/2021;08:15;2010-81123;167.687;-26.397;
26/08/2021;14:18;2010-81123;167.73;-26.621;
26/08/2021;14:22;2010-81123;167.767;-26.636;
27/08/2021;02:43;2010-81123;167.816;-27.365;
27/08/2021;02:50;2010-81123;167.794;-27.382;
27/08/2021;04:26;2010-81123;167.743;-27.442;
27/08/2021;05:07;2010-81123;167.802;-27.487;
27/08/2021;06:21;2010-81123;167.795;-27.561;
27/08/2021;06:45;2010-81123;167.751;-27.592;
27/08/2021;08:04;2010-81123;167.829;-27.654;
27/08/2021;08:55;2010-81123;167.814;-27.733;
27/08/2021;14:07;2010-81123;167.765;-27.972;
28/08/2021;02:34;2010-81123;167.853;-28.598;
28/08/2021;04:15;2010-81123;167.878;-28.661;
28/08/2021;04:19;2010-81123;167.911;-28.661;
28/08/2021;04:43;2010-81123;167.889;-28.679;
28/08/2021;06:22;2010-81123;167.893;-28.746;
28/08/2021;07:53;2010-81123;167.851;-28.782;
28/08/2021;14:05;2010-81123;167.999;-28.92;
28/08/2021;15:42;2010-81123;167.943;-28.977;
28/08/2021;17:29;2010-81123;168.017;-28.986;
28/08/2021;17:35;2010-81123;168.002;-28.983;
28/08/2021;19:12;2010-81123;167.955;-28.975;
29/08/2021;02:23;2010-81123;168.047;-29.111;
29/08/2021;02:31;2010-81123;168.055;-29.106;
29/08/2021;04:06;2010-81123;168.05;-29.158;
29/08/2021;15:29;2010-81123;167.975;-29.12;
29/08/2021;17:14;2010-81123;167.981;-29.09;
29/08/2021;18:53;2010-81123;167.905;-29.114;
30/08/2021;02:16;2010-81123;167.973;-29.198;
30/08/2021;02:16;2010-81123;167.933;-29.159;
30/08/2021;03:59;2010-81123;167.967;-29.216;
30/08/2021;05:35;2010-81123;168.001;-29.202;
30/08/2021;07:28;2010-81123;168.011;-29.184;
30/08/2021;15:13;2010-81123;168.029;-29.175;
30/08/2021;16:48;2010-81123;168.065;-29.17;
30/08/2021;18:49;2010-81123;168.079;-29.152;
30/08/2021;20:37;2010-81123;168.046;-29.133;
31/08/2021;02:07;2010-81123;167.973;-29.189;
31/08/2021;03:49;2010-81123;168.018;-29.207;
31/08/2021;06:56;2010-81123;168.076;-29.227;
31/08/2021;08:52;2010-81123;168.004;-29.206;
31/08/2021;15:06;2010-81123;167.919;-29.168;
31/08/2021;15:08;2010-81123;167.947;-29.162;
01/09/2021;04:48;2010-81123;167.928;-29.177;
01/09/2021;08:34;2010-81123;167.982;-29.167;
01/09/2021;15:01;2010-81123;168.002;-29.148;
02/09/2021;06:04;2010-81123;167.896;-28.85;
02/09/2021;08:34;2010-81123;167.908;-28.834;
02/09/2021;14:41;2010-81123;167.906;-28.831;
02/09/2021;15:40;2010-81123;167.897;-28.832;
02/09/2021;17:18;2010-81123;167.946;-28.89;
03/09/2021;05:41;2010-81123;167.941;-28.905;
03/09/2021;08:20;2010-81123;167.948;-28.901;
03/09/2021;14:33;2010-81123;167.783;-28.884;
03/09/2021;14:38;2010-81123;167.881;-28.895;
03/09/2021;18:03;2010-81123;167.966;-28.936;
03/09/2021;19:41;2010-81123;167.965;-28.924;
03/09/2021;20:42;2010-81123;167.971;-28.928;
04/09/2021;03:00;2010-81123;167.884;-28.839;
04/09/2021;03:08;2010-81123;167.951;-28.831;
04/09/2021;08:07;2010-81123;167.887;-28.862;
04/09/2021;16:25;2010-81123;167.818;-28.986;
04/09/2021;19:29;2010-81123;167.898;-28.974;
04/09/2021;20:18;2010-81123;167.886;-28.981;
05/09/2021;04:52;2010-81123;167.866;-29.053;
05/09/2021;07:54;2010-81123;167.952;-29.088;
05/09/2021;08:43;2010-81123;167.946;-29.11;
05/09/2021;14:15;2010-81123;168.101;-29.259;
05/09/2021;14:21;2010-81123;168.099;-29.232;
05/09/2021;16:05;2010-81123;168.036;-29.274;
05/09/2021;19:19;2010-81123;168.102;-29.376;
06/09/2021;02:40;2010-81123;168.011;-29.489;
06/09/2021;04:24;2010-81123;167.972;-29.488;
06/09/2021;07:45;2010-81123;167.964;-29.587;
06/09/2021;08:21;2010-81123;167.966;-29.631;
06/09/2021;14:04;2010-81123;167.944;-29.567;
06/09/2021;14:08;2010-81123;167.984;-29.581;
06/09/2021;19:07;2010-81123;167.944;-29.747;
06/09/2021;19:34;2010-81123;168;-29.794;
07/09/2021;02:39;2010-81123;168.422;-30.211;
07/09/2021;04:00;2010-81123;168.497;-30.304;
07/09/2021;07:21;2010-81123;168.622;-30.552;
07/09/2021;07:31;2010-81123;168.668;-30.556;
07/09/2021;15:18;2010-81123;168.929;-30.989;
07/09/2021;16:57;2010-81123;168.98;-30.999;
07/09/2021;17:15;2010-81123;168.967;-31.03;
07/09/2021;18:54;2010-81123;169.022;-31.097;
08/09/2021;02:15;2010-81123;169.386;-31.397;
08/09/2021;02:25;2010-81123;169.373;-31.402;
08/09/2021;07:20;2010-81123;169.564;-31.682;
08/09/2021;18:41;2010-81123;169.774;-31.986;
08/09/2021;20:30;2010-81123;169.861;-32.033;
09/09/2021;02:07;2010-81123;170.258;-32.205;
09/09/2021;04:52;2010-81123;170.332;-32.356;
09/09/2021;06:34;2010-81123;170.432;-32.472;
09/09/2021;07:05;2010-81123;170.446;-32.494;
09/09/2021;08:50;2010-81123;170.554;-32.57;
09/09/2021;20:05;2010-81123;170.949;-32.721;
09/09/2021;20:39;2010-81123;170.969;-32.747;
10/09/2021;04:30;2010-81123;171.449;-32.971;
10/09/2021;06:58;2010-81123;171.57;-33.061;
10/09/2021;08:36;2010-81123;171.616;-33.17;
10/09/2021;14:58;2010-81123;171.718;-33.527;
10/09/2021;17:27;2010-81123;171.743;-33.605;
10/09/2021;19:45;2010-81123;171.776;-33.699;
10/09/2021;19:58;2010-81123;171.783;-33.697;
11/09/2021;03:30;2010-81123;172.229;-33.992;
11/09/2021;08:42;2010-81123;172.493;-34.078;
11/09/2021;14:44;2010-81123;172.858;-34.063;
11/09/2021;15:19;2010-81123;172.999;-34.138;
11/09/2021;18:09;2010-81123;173.224;-34.189;
12/09/2021;08:14;2010-81123;174.474;-34.238;
12/09/2021;08:18;2010-81123;174.523;-34.234;
12/09/2021;14:41;2010-81123;174.789;-34.324;
12/09/2021;16:36;2010-81123;174.82;-34.337;
12/09/2021;17:54;2010-81123;174.878;-34.338;
12/09/2021;18:17;2010-81123;174.902;-34.351;
13/09/2021;04:56;2010-81123;175.699;-34.305;
13/09/2021;07:59;2010-81123;175.813;-34.514;
13/09/2021;08:56;2010-81123;175.852;-34.551;
14/09/2021;08:56;2010-81123;158.785994;-46.366811;out of domain 
21/08/2021;03:52;2010-84479;168.097;-23.411;
21/08/2021;03:52;2010-84479;168.092;-23.426;
21/08/2021;18:49;2010-84479;168.132;-23.399;
22/08/2021;18:49;2010-84479;158.785994;-46.366811;out of domain 
15/08/2021;07:04;2010-84480;167.294;-22.654;
15/08/2021;14:33;2010-84480;167.425;-22.754;
15/08/2021;14:33;2010-84480;167.499;-22.774;
15/08/2021;16:13;2010-84480;167.492;-22.761;
15/08/2021;17:54;2010-84480;167.485;-22.749;
15/08/2021;18:24;2010-84480;167.488;-22.751;
15/08/2021;20:05;2010-84480;167.535;-22.752;
16/08/2021;03:08;2010-84480;167.678;-22.887;
16/08/2021;04:33;2010-84480;167.592;-22.864;
16/08/2021;06:13;2010-84480;167.526;-22.833;
16/08/2021;06:54;2010-84480;167.49;-22.831;
16/08/2021;08:35;2010-84480;167.411;-22.805;
16/08/2021;14:21;2010-84480;167.358;-22.733;
16/08/2021;14:24;2010-84480;167.341;-22.73;
17/08/2021;02:54;2010-84480;166.892;-22.501;
17/08/2021;02:56;2010-84480;166.872;-22.511;
17/08/2021;04:09;2010-84480;166.814;-22.493;
17/08/2021;05:50;2010-84480;166.863;-22.473;
17/08/2021;06:41;2010-84480;166.884;-22.426;
17/08/2021;08:24;2010-84480;166.885;-22.378;
17/08/2021;14:10;2010-84480;166.854;-22.373;
17/08/2021;15:51;2010-84480;166.829;-22.367;
18/08/2021;02:46;2010-84480;166.959;-22.395;
18/08/2021;04:23;2010-84480;166.914;-22.398;
18/08/2021;05:27;2010-84480;166.926;-22.411;
18/08/2021;14:02;2010-84480;166.856;-22.626;
18/08/2021;14:03;2010-84480;166.847;-22.625;
18/08/2021;15:39;2010-84480;166.857;-22.675;
18/08/2021;15:45;2010-84480;166.861;-22.666;
18/08/2021;16:35;2010-84480;166.852;-22.713;
18/08/2021;19:29;2010-84480;166.795;-22.797;
19/08/2021;02:35;2010-84480;166.845;-23.19;
19/08/2021;04:16;2010-84480;166.781;-23.238;
19/08/2021;05:03;2010-84480;166.764;-23.258;
19/08/2021;06:42;2010-84480;166.717;-23.351;
19/08/2021;15:34;2010-84480;166.426;-23.501;
19/08/2021;16:13;2010-84480;166.472;-23.519;
19/08/2021;17:52;2010-84480;166.496;-23.524;
19/08/2021;19:16;2010-84480;166.48;-23.546;
20/08/2021;02:22;2010-84480;166.313;-24.007;
20/08/2021;04:05;2010-84480;166.198;-24.079;
20/08/2021;04:06;2010-84480;166.192;-24.08;
20/08/2021;04:37;2010-84480;166.177;-24.116;
20/08/2021;06:15;2010-84480;166.107;-24.129;
20/08/2021;07:47;2010-84480;165.999;-24.191;
20/08/2021;08:19;2010-84480;165.987;-24.222;
20/08/2021;15:19;2010-84480;165.696;-24.251;
20/08/2021;15:25;2010-84480;165.693;-24.251;
20/08/2021;15:48;2010-84480;165.672;-24.245;
20/08/2021;17:24;2010-84480;165.518;-24.173;
21/08/2021;02:13;2010-84480;165.084;-24.162;
21/08/2021;02:13;2010-84480;165.076;-24.172;
21/08/2021;03:55;2010-84480;164.976;-24.151;
21/08/2021;03:55;2010-84480;164.988;-24.149;
21/08/2021;05:53;2010-84480;164.764;-24.132;
21/08/2021;07:37;2010-84480;164.771;-24.082;
21/08/2021;17:09;2010-84480;164.42;-23.957;
21/08/2021;18:55;2010-84480;164.347;-23.89;
21/08/2021;20:31;2010-84480;164.251;-23.865;
21/08/2021;20:47;2010-84480;164.253;-23.854;
22/08/2021;02:03;2010-84480;163.866;-23.753;
22/08/2021;02:05;2010-84480;163.862;-23.754;
22/08/2021;03:43;2010-84480;163.729;-23.728;
22/08/2021;03:45;2010-84480;163.724;-23.724;
22/08/2021;05:30;2010-84480;163.55;-23.683;
22/08/2021;07:25;2010-84480;163.417;-23.701;
22/08/2021;14:57;2010-84480;162.905;-23.881;
22/08/2021;15:01;2010-84480;162.892;-23.882;
23/08/2021;03:30;2010-84480;161.981;-24.243;
23/08/2021;03:33;2010-84480;161.994;-24.241;
23/08/2021;05:06;2010-84480;161.889;-24.286;
23/08/2021;06:45;2010-84480;161.748;-24.298;
23/08/2021;07:11;2010-84480;161.736;-24.333;
23/08/2021;08:49;2010-84480;161.642;-24.338;
23/08/2021;08:51;2010-84480;161.629;-24.311;
23/08/2021;14:49;2010-84480;161.364;-24.355;
23/08/2021;16:14;2010-84480;161.315;-24.361;
24/08/2021;03:19;2010-84480;160.878;-24.546;
24/08/2021;03:27;2010-84480;160.842;-24.568;
24/08/2021;04:41;2010-84480;160.803;-24.597;
24/08/2021;06:59;2010-84480;160.692;-24.616;
24/08/2021;08:38;2010-84480;160.573;-24.619;
24/08/2021;14:38;2010-84480;160.468;-24.619;
25/08/2021;03:13;2010-84480;160.098;-24.694;
25/08/2021;06:00;2010-84480;159.941;-24.798;
25/08/2021;08:30;2010-84480;159.776;-24.853;
25/08/2021;16:04;2010-84480;159.745;-24.816;
25/08/2021;18:46;2010-84480;159.766;-24.828;
25/08/2021;20:51;2010-84480;159.71;-24.837;
25/08/2021;20:52;2010-84480;159.695;-24.825;
26/08/2021;03:02;2010-84480;159.643;-24.928;
26/08/2021;04:37;2010-84480;159.567;-25.009;
26/08/2021;04:45;2010-84480;159.573;-25.01;
26/08/2021;05:36;2010-84480;159.602;-25.033;
26/08/2021;07:08;2010-84480;159.459;-25.121;
26/08/2021;08:15;2010-84480;159.667;-25.028;
26/08/2021;14:18;2010-84480;159.633;-25.007;
26/08/2021;14:21;2010-84480;159.631;-25.006;
26/08/2021;15:58;2010-84480;159.683;-25.031;
26/08/2021;16:02;2010-84480;159.684;-25.065;
27/08/2021;02:52;2010-84480;159.61;-25.413;
27/08/2021;04:29;2010-84480;159.593;-25.469;
27/08/2021;05:07;2010-84480;159.632;-25.5;
27/08/2021;06:51;2010-84480;159.544;-25.514;
27/08/2021;08:08;2010-84480;159.506;-25.572;
27/08/2021;14:07;2010-84480;159.465;-25.57;
27/08/2021;14:11;2010-84480;159.459;-25.568;
27/08/2021;15:45;2010-84480;159.477;-25.58;
27/08/2021;15:52;2010-84480;159.469;-25.579;
27/08/2021;16:23;2010-84480;159.465;-25.584;
27/08/2021;18:00;2010-84480;159.463;-25.554;
28/08/2021;02:41;2010-84480;159.581;-25.334;
28/08/2021;02:41;2010-84480;159.596;-25.342;
28/08/2021;04:16;2010-84480;159.649;-25.325;
28/08/2021;04:23;2010-84480;159.634;-25.328;
28/08/2021;06:25;2010-84480;159.725;-25.247;
28/08/2021;07:53;2010-84480;159.679;-25.204;
28/08/2021;14:04;2010-84480;159.657;-25.068;
28/08/2021;15:33;2010-84480;159.663;-25.031;
28/08/2021;15:41;2010-84480;159.664;-25.032;
28/08/2021;17:36;2010-84480;159.647;-24.979;
28/08/2021;19:08;2010-84480;159.67;-24.967;
29/08/2021;02:28;2010-84480;159.646;-25.049;
29/08/2021;02:33;2010-84480;159.631;-25.046;
29/08/2021;04:05;2010-84480;159.655;-25.044;
29/08/2021;07:36;2010-84480;159.648;-25.147;
29/08/2021;15:25;2010-84480;159.521;-24.848;
29/08/2021;15:30;2010-84480;159.528;-24.835;
29/08/2021;17:12;2010-84480;159.549;-24.843;
30/08/2021;02:22;2010-84480;159.327;-24.778;
30/08/2021;03:59;2010-84480;159.27;-24.779;
30/08/2021;04:02;2010-84480;159.252;-24.791;
30/08/2021;07:28;2010-84480;159.251;-24.781;
30/08/2021;15:13;2010-84480;159.228;-24.796;
30/08/2021;18:27;2010-84480;159.214;-24.782;
30/08/2021;18:47;2010-84480;159.237;-24.762;
31/08/2021;18:47;2010-84480;158.785994;-46.366811;out of domain 
15/08/2021;05:01;2010-84481;167.251;-22.617;
15/08/2021;07:07;2010-84481;167.297;-22.672;
15/08/2021;16:08;2010-84481;167.454;-22.769;
15/08/2021;18:26;2010-84481;167.406;-22.803;
15/08/2021;19:47;2010-84481;167.36;-22.807;
16/08/2021;19:47;2010-84481;158.785994;-46.366811;out of domain 
15/08/2021;03:16;2010-84482;167.1;-22.624;
15/08/2021;03:17;2010-84482;167.119;-22.623;
15/08/2021;04:58;2010-84482;167.151;-22.669;
15/08/2021;06:41;2010-84482;167.228;-22.718;
15/08/2021;07:08;2010-84482;167.2;-22.717;
15/08/2021;08:36;2010-84482;167.251;-22.696;
15/08/2021;14:33;2010-84482;167.328;-22.759;
15/08/2021;14:34;2010-84482;167.338;-22.761;
15/08/2021;16:07;2010-84482;167.357;-22.772;
16/08/2021;03:06;2010-84482;167.608;-22.917;
16/08/2021;04:35;2010-84482;167.665;-22.9;
16/08/2021;04:43;2010-84482;167.657;-22.9;
16/08/2021;06:15;2010-84482;167.701;-22.854;
16/08/2021;06:53;2010-84482;167.702;-22.852;
16/08/2021;08:15;2010-84482;167.667;-22.866;
16/08/2021;08:35;2010-84482;167.701;-22.867;
17/08/2021;02:54;2010-84482;167.643;-22.886;
17/08/2021;05:50;2010-84482;167.659;-22.884;
17/08/2021;06:42;2010-84482;167.676;-22.893;
17/08/2021;07:30;2010-84482;167.66;-22.912;
17/08/2021;08:22;2010-84482;167.714;-22.89;
17/08/2021;14:11;2010-84482;167.857;-22.987;
18/08/2021;02:43;2010-84482;167.983;-23.306;
18/08/2021;02:43;2010-84482;167.949;-23.312;
18/08/2021;04:26;2010-84482;168.009;-23.398;
18/08/2021;05:26;2010-84482;168.031;-23.401;
18/08/2021;06:30;2010-84482;168.067;-23.405;
18/08/2021;08:11;2010-84482;168.044;-23.443;
19/08/2021;02:34;2010-84482;168.08;-23.46;
19/08/2021;04:12;2010-84482;168.041;-23.471;
19/08/2021;04:14;2010-84482;168.033;-23.503;
19/08/2021;05:00;2010-84482;168.068;-23.483;
19/08/2021;06:40;2010-84482;168.1;-23.495;
19/08/2021;07:59;2010-84482;168.077;-23.479;
19/08/2021;08:44;2010-84482;168.093;-23.468;
20/08/2021;02:25;2010-84482;168.202;-23.526;
20/08/2021;04:05;2010-84482;168.18;-23.601;
20/08/2021;04:38;2010-84482;168.239;-23.612;
20/08/2021;06:17;2010-84482;168.214;-23.686;
20/08/2021;07:47;2010-84482;168.266;-23.723;
20/08/2021;08:19;2010-84482;168.291;-23.733;
20/08/2021;15:21;2010-84482;168.468;-23.883;
20/08/2021;15:22;2010-84482;168.467;-23.889;
21/08/2021;02:13;2010-84482;168.479;-24.171;
21/08/2021;02:15;2010-84482;168.483;-24.165;
21/08/2021;03:51;2010-84482;168.494;-24.233;
21/08/2021;03:53;2010-84482;168.49;-24.235;
21/08/2021;05:52;2010-84482;168.525;-24.314;
21/08/2021;07:36;2010-84482;168.598;-24.365;
22/08/2021;02:06;2010-84482;168.895;-24.95;
22/08/2021;05:30;2010-84482;168.971;-25.066;
22/08/2021;07:08;2010-84482;168.966;-25.148;
22/08/2021;07:24;2010-84482;168.99;-25.151;
22/08/2021;14:58;2010-84482;169.165;-25.444;
22/08/2021;15:04;2010-84482;169.167;-25.446;
23/08/2021;03:29;2010-84482;169.655;-25.838;
23/08/2021;03:35;2010-84482;169.654;-25.843;
23/08/2021;05:04;2010-84482;169.736;-25.886;
23/08/2021;06:45;2010-84482;169.807;-25.935;
23/08/2021;07:11;2010-84482;169.836;-25.948;
23/08/2021;08:47;2010-84482;169.89;-26.012;
23/08/2021;08:51;2010-84482;169.876;-26.02;
23/08/2021;14:48;2010-84482;169.942;-26.221;
23/08/2021;14:52;2010-84482;169.941;-26.223;
24/08/2021;03:17;2010-84482;170.328;-26.796;
24/08/2021;03:22;2010-84482;170.339;-26.8;
24/08/2021;04:41;2010-84482;170.419;-26.852;
24/08/2021;06:19;2010-84482;170.455;-26.941;
24/08/2021;06:58;2010-84482;170.504;-26.949;
24/08/2021;08:25;2010-84482;170.54;-26.946;
24/08/2021;08:39;2010-84482;170.536;-26.96;
24/08/2021;14:38;2010-84482;170.809;-27.109;
24/08/2021;14:43;2010-84482;170.816;-27.105;
25/08/2021;03:07;2010-84482;171.783;-27.805;
25/08/2021;03:12;2010-84482;171.805;-27.816;
25/08/2021;04:15;2010-84482;171.981;-27.871;
25/08/2021;05:57;2010-84482;172.128;-27.947;
25/08/2021;06:48;2010-84482;172.215;-27.979;
25/08/2021;08:27;2010-84482;172.249;-27.997;
26/08/2021;02:58;2010-84482;172.756;-28.469;
26/08/2021;03:00;2010-84482;172.816;-28.47;
26/08/2021;05:32;2010-84482;172.903;-28.548;
26/08/2021;06:34;2010-84482;172.967;-28.573;
26/08/2021;08:16;2010-84482;173.005;-28.608;
26/08/2021;14:17;2010-84482;173.439;-28.786;
26/08/2021;14:21;2010-84482;173.442;-28.787;
27/08/2021;02:45;2010-84482;173.716;-29.208;
27/08/2021;02:50;2010-84482;173.876;-29.178;
27/08/2021;05:07;2010-84482;173.977;-29.252;
27/08/2021;08:53;2010-84482;174.122;-29.425;
27/08/2021;08:53;2010-84482;174.125;-29.421;
27/08/2021;14:06;2010-84482;174.283;-29.457;
27/08/2021;14:13;2010-84482;174.306;-29.465;
28/08/2021;02:42;2010-84482;174.643;-29.728;
28/08/2021;04:43;2010-84482;174.76;-29.816;
28/08/2021;06:21;2010-84482;174.774;-29.886;
28/08/2021;07:52;2010-84482;174.852;-29.909;
28/08/2021;08:29;2010-84482;174.844;-29.9;
28/08/2021;14:00;2010-84482;174.862;-29.899;
29/08/2021;02:23;2010-84482;175.323;-30.131;
29/08/2021;02:28;2010-84482;175.304;-30.141;
29/08/2021;04:16;2010-84482;175.454;-30.221;
29/08/2021;05:58;2010-84482;175.549;-30.287;
29/08/2021;07:37;2010-84482;175.638;-30.346;
30/08/2021;02:14;2010-84482;176.324;-30.672;
30/08/2021;05:35;2010-84482;176.483;-30.837;
31/08/2021;02:02;2010-84482;177.274;-31.276;
31/08/2021;03:44;2010-84482;177.313;-31.335;
31/08/2021;07:15;2010-84482;177.553;-31.415;
01/09/2021;03:34;2010-84482;178.206;-31.739;
01/09/2021;04:47;2010-84482;178.312;-31.761;
01/09/2021;06:27;2010-84482;178.328;-31.831;
01/09/2021;07:03;2010-84482;178.351;-31.831;
01/09/2021;16:01;2010-84482;178.457;-31.92;
02/09/2021;06:52;2010-84482;179.11;-32.309;
02/09/2021;08:13;2010-84482;179.12;-32.323;
02/09/2021;15:38;2010-84482;179.232;-32.37;
03/09/2021;15:38;2010-84482;158.785994;-46.366811;out of domain 
16/08/2021;03:05;2010-84483;166.942;-22.507;
16/08/2021;04:32;2010-84483;166.892;-22.487;
16/08/2021;06:13;2010-84483;166.897;-22.452;
16/08/2021;08:11;2010-84483;166.925;-22.45;
16/08/2021;08:35;2010-84483;166.909;-22.446;
16/08/2021;14:21;2010-84483;166.942;-22.489;
16/08/2021;14:24;2010-84483;166.905;-22.477;
17/08/2021;02:53;2010-84483;167.231;-22.191;
17/08/2021;02:54;2010-84483;167.206;-22.199;
17/08/2021;05:49;2010-84483;167.29;-22.03;
17/08/2021;06:41;2010-84483;167.284;-21.975;
17/08/2021;08:23;2010-84483;167.201;-21.902;
18/08/2021;08:23;2010-84483;158.785994;-46.366811;out of domain 
16/08/2021;06:13;2010-84484;166.959;-22.448;
16/08/2021;06:53;2010-84484;166.994;-22.442;
16/08/2021;14:23;2010-84484;166.963;-22.457;
16/08/2021;17:24;2010-84484;166.97;-22.462;
16/08/2021;18:10;2010-84484;167.011;-22.437;
16/08/2021;19:50;2010-84484;166.986;-22.406;
16/08/2021;20:35;2010-84484;167.032;-22.394;
16/08/2021;20:58;2010-84484;166.639;-22.513;
17/08/2021;02:57;2010-84484;167.207;-22.391;
17/08/2021;05:50;2010-84484;167.187;-22.5;
17/08/2021;08:23;2010-84484;167.132;-22.595;
17/08/2021;17:03;2010-84484;167.051;-22.778;
17/08/2021;19:39;2010-84484;167.039;-22.795;
18/08/2021;02:44;2010-84484;167.203;-23.027;
18/08/2021;04:26;2010-84484;167.27;-23.037;
18/08/2021;04:26;2010-84484;167.275;-23.016;
18/08/2021;08:08;2010-84484;167.357;-22.99;
18/08/2021;14:01;2010-84484;167.369;-22.876;
18/08/2021;14:02;2010-84484;167.359;-22.88;
18/08/2021;18:14;2010-84484;167.378;-22.86;
18/08/2021;19:28;2010-84484;167.303;-22.81;
18/08/2021;20:16;2010-84484;167.434;-22.81;
19/08/2021;02:34;2010-84484;167.527;-22.746;
19/08/2021;05:01;2010-84484;167.653;-22.79;
19/08/2021;08:00;2010-84484;167.643;-22.876;
19/08/2021;08:46;2010-84484;167.701;-22.881;
19/08/2021;15:31;2010-84484;167.69;-22.887;
20/08/2021;02:23;2010-84484;167.915;-23.068;
20/08/2021;04:34;2010-84484;168.025;-23.164;
20/08/2021;06:16;2010-84484;167.893;-23.235;
20/08/2021;15:25;2010-84484;168.055;-23.388;
20/08/2021;17:26;2010-84484;168.044;-23.39;
20/08/2021;19:05;2010-84484;168.057;-23.415;
21/08/2021;05:53;2010-84484;168.044;-23.447;
21/08/2021;07:34;2010-84484;168.067;-23.476;
21/08/2021;17:03;2010-84484;168.013;-23.386;
21/08/2021;18:50;2010-84484;168.06;-23.418;
22/08/2021;02:01;2010-84484;168.183;-23.426;
22/08/2021;02:05;2010-84484;168.153;-23.419;
22/08/2021;05:28;2010-84484;168.224;-23.306;
22/08/2021;14:57;2010-84484;168.091;-23.412;
22/08/2021;15:01;2010-84484;168.093;-23.412;
22/08/2021;16:40;2010-84484;168.064;-23.42;
23/08/2021;03:31;2010-84484;168.067;-23.394;
23/08/2021;03:34;2010-84484;168.067;-23.38;
23/08/2021;05:07;2010-84484;168.05;-23.404;
23/08/2021;06:45;2010-84484;168.059;-23.441;
23/08/2021;07:10;2010-84484;168.08;-23.43;
23/08/2021;08:55;2010-84484;168.041;-23.469;
23/08/2021;14:48;2010-84484;168.101;-23.398;
23/08/2021;16:15;2010-84484;168.085;-23.383;
23/08/2021;18:26;2010-84484;168.05;-23.387;
24/08/2021;03:21;2010-84484;168.089;-23.45;
24/08/2021;03:22;2010-84484;168.078;-23.455;
24/08/2021;04:40;2010-84484;168.101;-23.438;
24/08/2021;06:19;2010-84484;168.098;-23.452;
24/08/2021;07:00;2010-84484;168.105;-23.421;
24/08/2021;08:42;2010-84484;168.039;-23.476;
24/08/2021;14:36;2010-84484;168.044;-23.431;
24/08/2021;14:42;2010-84484;168.048;-23.413;
24/08/2021;15:54;2010-84484;168.063;-23.417;
24/08/2021;17:33;2010-84484;168.054;-23.42;
24/08/2021;18:19;2010-84484;167.861;-23.396;
25/08/2021;03:12;2010-84484;168.084;-23.403;
25/08/2021;05:55;2010-84484;168.078;-23.402;
25/08/2021;06:50;2010-84484;168.072;-23.41;
25/08/2021;08:29;2010-84484;168.044;-23.399;
25/08/2021;14:25;2010-84484;168.094;-23.42;
25/08/2021;14:31;2010-84484;168.072;-23.412;
25/08/2021;17:10;2010-84484;168.05;-23.398;
26/08/2021;02:58;2010-84484;168.052;-23.456;
26/08/2021;03:03;2010-84484;168.075;-23.439;
26/08/2021;05:35;2010-84484;168.067;-23.429;
26/08/2021;08:13;2010-84484;168.027;-23.428;
26/08/2021;16:44;2010-84484;168.039;-23.389;
26/08/2021;18:26;2010-84484;168.049;-23.383;
26/08/2021;19:34;2010-84484;168.063;-23.406;
27/08/2021;05:08;2010-84484;168.084;-23.46;
27/08/2021;06:24;2010-84484;168.074;-23.414;
27/08/2021;06:48;2010-84484;168.078;-23.404;
27/08/2021;08:04;2010-84484;168.061;-23.388;
27/08/2021;14:03;2010-84484;168.052;-23.382;
27/08/2021;15:46;2010-84484;168.064;-23.373;
27/08/2021;18:01;2010-84484;168.05;-23.395;
28/08/2021;02:37;2010-84484;168.095;-23.452;
28/08/2021;02:45;2010-84484;168.33;-23.39;
28/08/2021;14:01;2010-84484;168.143;-23.476;
28/08/2021;17:38;2010-84484;168.079;-23.399;
28/08/2021;19:08;2010-84484;168.065;-23.38;
29/08/2021;02:33;2010-84484;168.118;-23.448;
29/08/2021;06:02;2010-84484;168.09;-23.462;
29/08/2021;07:40;2010-84484;168.088;-23.449;
29/08/2021;17:13;2010-84484;168.035;-23.433;
30/08/2021;02:22;2010-84484;168.106;-23.469;
30/08/2021;03:58;2010-84484;168.079;-23.492;
31/08/2021;02:06;2010-84484;168.07;-23.453;
31/08/2021;05:15;2010-84484;168.072;-23.461;
31/08/2021;18:03;2010-84484;168.06;-23.389;
01/09/2021;14:53;2010-84484;168.086;-23.448;
01/09/2021;20:02;2010-84484;168.082;-23.474;
02/09/2021;06:04;2010-84484;168.059;-23.48;
02/09/2021;17:16;2010-84484;168.071;-23.388;
03/09/2021;08:22;2010-84484;168.076;-23.461;
03/09/2021;14:40;2010-84484;168.098;-23.399;
04/09/2021;03:12;2010-84484;168.086;-23.431;
05/09/2021;03:12;2010-84484;158.785994;-46.366811;out of domain 
27/08/2021;05:07;2010-84485;166.999;-22.401;
28/08/2021;06:12;2010-84485;167.26;-22.395;
28/08/2021;06:25;2010-84485;167.237;-22.403;
28/08/2021;08:33;2010-84485;167.307;-22.451;
28/08/2021;14:02;2010-84485;167.433;-22.592;
28/08/2021;15:35;2010-84485;167.365;-22.519;
28/08/2021;17:35;2010-84485;167.32;-22.471;
28/08/2021;19:08;2010-84485;167.419;-22.426;
29/08/2021;04:06;2010-84485;167.763;-22.906;
29/08/2021;18:55;2010-84485;167.881;-23.119;
30/08/2021;02:16;2010-84485;167.968;-23.254;
30/08/2021;02:22;2010-84485;167.989;-23.26;
30/08/2021;03:56;2010-84485;168.029;-23.249;
30/08/2021;20:48;2010-84485;168.1;-23.464;
31/08/2021;02:14;2010-84485;168.073;-23.425;
31/08/2021;03:51;2010-84485;168.084;-23.409;
31/08/2021;05:10;2010-84485;168.049;-23.382;
31/08/2021;20:25;2010-84485;168.102;-23.432;
01/09/2021;20:04;2010-84485;168.088;-23.391;
02/09/2021;03:29;2010-84485;168.075;-23.451;
02/09/2021;06:08;2010-84485;168.106;-23.456;
02/09/2021;06:52;2010-84485;168.113;-23.483;
02/09/2021;08:34;2010-84485;168.088;-23.444;
02/09/2021;14:46;2010-84485;168.103;-23.39;
02/09/2021;14:46;2010-84485;168.048;-23.391;
02/09/2021;19:53;2010-84485;168.102;-23.368;
03/09/2021;03:15;2010-84485;168.02;-23.384;
03/09/2021;03:20;2010-84485;168.025;-23.388;
03/09/2021;04:01;2010-84485;168.09;-23.412;
03/09/2021;06:40;2010-84485;168.071;-23.432;
03/09/2021;19:37;2010-84485;168.073;-23.387;
03/09/2021;20:47;2010-84485;168.068;-23.38;
04/09/2021;03:10;2010-84485;168.071;-23.47;
04/09/2021;05:18;2010-84485;168.105;-23.462;
04/09/2021;16:27;2010-84485;168.05;-23.409;
04/09/2021;19:26;2010-84485;168.165;-23.507;
05/09/2021;02:53;2010-84485;168.107;-23.394;
05/09/2021;03:00;2010-84485;168.077;-23.4;
05/09/2021;06:33;2010-84485;168.036;-23.466;
05/09/2021;19:57;2010-84485;168.169;-23.456;
05/09/2021;20:22;2010-84485;168.176;-23.498;
06/09/2021;02:54;2010-84485;167.722;-23.623;
06/09/2021;06:11;2010-84485;168.19;-23.766;
06/09/2021;07:48;2010-84485;168.397;-23.758;
06/09/2021;14:08;2010-84485;168.341;-23.757;
06/09/2021;15:40;2010-84485;168.271;-23.693;
09/09/2021;06:36;2010-84485;168.677;-24.359;
09/09/2021;07:10;2010-84485;168.682;-24.36;
09/09/2021;16:10;2010-84485;168.577;-24.492;
09/09/2021;17:45;2010-84485;168.627;-24.528;
09/09/2021;18:27;2010-84485;168.587;-24.57;
09/09/2021;20:03;2010-84485;168.627;-24.589;
09/09/2021;20:09;2010-84485;168.615;-24.62;
09/09/2021;20:41;2010-84485;168.629;-24.648;
10/09/2021;02:09;2010-84485;168.825;-24.816;
10/09/2021;03:42;2010-84485;168.94;-24.839;
10/09/2021;04:32;2010-84485;168.961;-24.851;
10/09/2021;06:14;2010-84485;169.097;-24.832;
10/09/2021;06:59;2010-84485;169.102;-24.892;
10/09/2021;14:56;2010-84485;169.312;-24.934;
10/09/2021;15:43;2010-84485;169.375;-24.95;
10/09/2021;19:39;2010-84485;169.465;-24.995;
10/09/2021;20:19;2010-84485;169.493;-25;
11/09/2021;05:49;2010-84485;169.92;-25.282;
11/09/2021;06:47;2010-84485;169.987;-25.306;
11/09/2021;19:42;2010-84485;170.38;-25.37;
11/09/2021;20:55;2010-84485;170.478;-25.365;
12/09/2021;03:21;2010-84485;170.849;-25.338;
12/09/2021;06:38;2010-84485;170.979;-25.397;
12/09/2021;17:52;2010-84485;171.316;-25.548;
12/09/2021;19:30;2010-84485;171.36;-25.542;
12/09/2021;20:30;2010-84485;171.433;-25.554;
13/09/2021;03:06;2010-84485;171.833;-25.69;
13/09/2021;03:16;2010-84485;171.83;-25.709;
14/09/2021;03:16;2010-84485;158.785994;-46.366811;out of domain 
16/08/2021;01:26;2010-84486;166.886;-22.489;
16/08/2021;03:05;2010-84486;166.728;-22.557;
16/08/2021;03:05;2010-84486;166.947;-22.504;
16/08/2021;04:45;2010-84486;166.899;-22.48;
16/08/2021;08:36;2010-84486;166.912;-22.457;
16/08/2021;09:23;2010-84486;166.909;-22.452;
16/08/2021;14:22;2010-84486;166.96;-22.481;
16/08/2021;14:22;2010-84486;166.893;-22.463;
16/08/2021;16:04;2010-84486;166.948;-22.523;
16/08/2021;19:50;2010-84486;166.937;-22.461;
16/08/2021;20:32;2010-84486;166.928;-22.417;
16/08/2021;21:07;2010-84486;167.008;-22.376;
16/08/2021;22:17;2010-84486;167.049;-22.349;
16/08/2021;22:43;2010-84486;167.027;-22.372;
17/08/2021;01:16;2010-84486;167.139;-22.245;
17/08/2021;02:53;2010-84486;167.215;-22.196;
17/08/2021;02:56;2010-84486;167.249;-22.186;
17/08/2021;04:34;2010-84486;167.272;-22.101;
17/08/2021;08:26;2010-84486;167.187;-21.938;
17/08/2021;09:30;2010-84486;167.149;-21.988;
17/08/2021;10:43;2010-84486;167.031;-22.066;
17/08/2021;14:14;2010-84486;166.807;-22.113;
17/08/2021;19:40;2010-84486;166.996;-22.146;
17/08/2021;20:43;2010-84486;166.963;-22.116;
17/08/2021;21:52;2010-84486;167.089;-22.231;
18/08/2021;01:04;2010-84486;167.057;-22.226;
18/08/2021;02:47;2010-84486;167.052;-22.286;
18/08/2021;04:25;2010-84486;167.041;-22.36;
18/08/2021;08:10;2010-84486;167.034;-22.342;
18/08/2021;09:07;2010-84486;167.046;-22.343;
18/08/2021;10:20;2010-84486;167.033;-22.344;
18/08/2021;14:01;2010-84486;166.938;-22.403;
18/08/2021;14:03;2010-84486;166.95;-22.405;
18/08/2021;15:43;2010-84486;166.987;-22.359;
18/08/2021;15:44;2010-84486;166.984;-22.354;
18/08/2021;16:38;2010-84486;167.02;-22.363;
18/08/2021;20:20;2010-84486;167.027;-22.336;
19/08/2021;02:37;2010-84486;167.052;-22.214;
19/08/2021;08:01;2010-84486;166.889;-22.198;
19/08/2021;08:42;2010-84486;167.037;-22.149;
19/08/2021;10:01;2010-84486;167.015;-22.108;
19/08/2021;10:22;2010-84486;166.992;-22.101;
19/08/2021;13:51;2010-84486;166.914;-22.023;
19/08/2021;15:26;2010-84486;166.83;-21.972;
19/08/2021;16:11;2010-84486;166.845;-21.997;
19/08/2021;19:17;2010-84486;166.837;-21.966;
19/08/2021;21:33;2010-84486;166.81;-21.932;
20/08/2021;04:07;2010-84486;166.863;-22.011;
20/08/2021;07:44;2010-84486;166.765;-22.067;
20/08/2021;09:55;2010-84486;167.473;-21.745;
20/08/2021;13:39;2010-84486;166.975;-22.159;
20/08/2021;13:40;2010-84486;166.979;-22.166;
20/08/2021;15:20;2010-84486;167.055;-22.271;
20/08/2021;15:23;2010-84486;167.07;-22.262;
20/08/2021;15:49;2010-84486;167.037;-22.298;
20/08/2021;20:39;2010-84486;167.191;-22.45;
20/08/2021;21:12;2010-84486;167.153;-22.453;
20/08/2021;22:32;2010-84486;166.918;-22.436;
20/08/2021;22:49;2010-84486;166.93;-22.438;
21/08/2021;02:14;2010-84486;167.019;-22.437;
21/08/2021;07:33;2010-84486;167.099;-22.683;
21/08/2021;07:36;2010-84486;167.127;-22.669;
21/08/2021;09:17;2010-84486;167.086;-22.738;
21/08/2021;09:37;2010-84486;167.106;-22.731;
21/08/2021;10:59;2010-84486;167.103;-22.752;
21/08/2021;13:28;2010-84486;167.18;-22.768;
21/08/2021;13:34;2010-84486;167.178;-22.774;
21/08/2021;15:09;2010-84486;167.236;-22.764;
21/08/2021;15:11;2010-84486;167.237;-22.765;
21/08/2021;20:32;2010-84486;167.368;-22.739;
21/08/2021;20:35;2010-84486;167.391;-22.817;
21/08/2021;20:44;2010-84486;167.4;-22.759;
21/08/2021;22:10;2010-84486;167.512;-22.781;
21/08/2021;22:21;2010-84486;167.381;-22.781;
22/08/2021;02:01;2010-84486;167.461;-22.812;
22/08/2021;02:05;2010-84486;167.457;-22.764;
22/08/2021;03:41;2010-84486;167.54;-22.799;
22/08/2021;03:41;2010-84486;167.541;-22.819;
22/08/2021;07:25;2010-84486;167.55;-22.787;
22/08/2021;09:03;2010-84486;167.628;-22.819;
22/08/2021;09:12;2010-84486;167.65;-22.813;
22/08/2021;10:36;2010-84486;167.667;-22.851;
22/08/2021;13:18;2010-84486;167.676;-22.855;
22/08/2021;13:21;2010-84486;167.684;-22.853;
22/08/2021;14:57;2010-84486;167.706;-22.867;
22/08/2021;15:01;2010-84486;167.701;-22.871;
22/08/2021;16:39;2010-84486;167.685;-22.876;
22/08/2021;20:21;2010-84486;167.628;-22.895;
22/08/2021;20:21;2010-84486;167.618;-22.891;
22/08/2021;21:52;2010-84486;167.624;-22.887;
23/08/2021;01:50;2010-84486;167.643;-22.785;
23/08/2021;01:54;2010-84486;167.65;-22.783;
23/08/2021;03:35;2010-84486;167.644;-22.793;
23/08/2021;08:50;2010-84486;167.628;-22.8;
23/08/2021;10:21;2010-84486;167.642;-22.788;
23/08/2021;10:34;2010-84486;167.659;-22.756;
23/08/2021;14:48;2010-84486;167.664;-22.783;
23/08/2021;14:50;2010-84486;167.656;-22.78;
23/08/2021;16:16;2010-84486;167.649;-22.823;
23/08/2021;21:40;2010-84486;167.699;-22.855;
24/08/2021;01:44;2010-84486;167.664;-22.856;
24/08/2021;03:21;2010-84486;167.647;-22.861;
24/08/2021;03:26;2010-84486;167.665;-22.853;
24/08/2021;04:41;2010-84486;167.642;-22.854;
24/08/2021;08:24;2010-84486;167.682;-22.843;
24/08/2021;08:36;2010-84486;167.661;-22.867;
24/08/2021;10:08;2010-84486;167.849;-22.877;
24/08/2021;13:02;2010-84486;167.658;-22.87;
24/08/2021;14:40;2010-84486;167.441;-22.797;
24/08/2021;14:40;2010-84486;167.716;-22.851;
24/08/2021;15:53;2010-84486;167.662;-22.845;
24/08/2021;19:56;2010-84486;167.692;-22.877;
24/08/2021;21:14;2010-84486;167.618;-22.865;
24/08/2021;21:14;2010-84486;167.751;-22.907;
24/08/2021;22:49;2010-84486;167.698;-22.866;
24/08/2021;22:58;2010-84486;167.711;-22.851;
25/08/2021;01:29;2010-84486;167.699;-22.888;
25/08/2021;01:33;2010-84486;167.706;-22.888;
25/08/2021;03:07;2010-84486;167.694;-22.895;
25/08/2021;03:13;2010-84486;167.699;-22.888;
25/08/2021;08:27;2010-84486;167.607;-22.816;
25/08/2021;09:35;2010-84486;167.674;-22.844;
25/08/2021;14:25;2010-84486;167.698;-22.85;
25/08/2021;14:30;2010-84486;167.698;-22.851;
25/08/2021;19:47;2010-84486;167.695;-22.881;
25/08/2021;20:48;2010-84486;167.708;-22.895;
25/08/2021;20:53;2010-84486;167.725;-22.913;
25/08/2021;22:34;2010-84486;167.762;-22.92;
25/08/2021;22:34;2010-84486;167.834;-22.994;
26/08/2021;01:24;2010-84486;167.844;-23.005;
26/08/2021;02:56;2010-84486;167.896;-23.013;
26/08/2021;03:03;2010-84486;167.806;-22.998;
26/08/2021;07:12;2010-84486;167.862;-23.116;
26/08/2021;08:17;2010-84486;167.853;-23.105;
26/08/2021;09:19;2010-84486;167.931;-23.149;
26/08/2021;10:56;2010-84486;167.949;-23.139;
26/08/2021;10:56;2010-84486;167.944;-23.141;
26/08/2021;14:15;2010-84486;167.981;-23.164;
26/08/2021;14:19;2010-84486;168.009;-23.172;
26/08/2021;15:56;2010-84486;167.975;-23.197;
26/08/2021;16:43;2010-84486;167.999;-23.167;
26/08/2021;22:04;2010-84486;167.848;-23.156;
27/08/2021;02:48;2010-84486;168.111;-23.246;
27/08/2021;02:55;2010-84486;168.101;-23.257;
27/08/2021;08:03;2010-84486;168.103;-23.374;
27/08/2021;10:31;2010-84486;168.068;-23.444;
27/08/2021;10:31;2010-84486;168.009;-23.479;
27/08/2021;14:06;2010-84486;168.086;-23.456;
27/08/2021;15:45;2010-84486;168.076;-23.458;
27/08/2021;20:07;2010-84486;168.069;-23.432;
27/08/2021;21:46;2010-84486;168.059;-23.423;
28/08/2021;01:02;2010-84486;168.053;-23.338;
28/08/2021;02:39;2010-84486;168.074;-23.421;
28/08/2021;02:43;2010-84486;168.05;-23.413;
28/08/2021;04:25;2010-84486;167.984;-23.477;
28/08/2021;07:50;2010-84486;168.067;-23.453;
28/08/2021;09:32;2010-84486;168.098;-23.45;
28/08/2021;10:15;2010-84486;168.092;-23.457;
28/08/2021;13:55;2010-84486;168.103;-23.421;
28/08/2021;15:35;2010-84486;168.07;-23.383;
28/08/2021;16:00;2010-84486;168.074;-23.395;
28/08/2021;19:09;2010-84486;168.056;-23.351;
28/08/2021;21:24;2010-84486;167.952;-23.27;
28/08/2021;21:29;2010-84486;168.018;-23.273;
29/08/2021;02:32;2010-84486;167.864;-23.15;
29/08/2021;07:41;2010-84486;167.788;-23.051;
29/08/2021;09:22;2010-84486;167.821;-23.056;
29/08/2021;09:55;2010-84486;167.821;-23.07;
29/08/2021;13:45;2010-84486;167.868;-22.995;
29/08/2021;15:25;2010-84486;167.854;-22.955;
29/08/2021;21:00;2010-84486;167.898;-22.856;
29/08/2021;21:06;2010-84486;167.889;-22.855;
29/08/2021;22:46;2010-84486;167.852;-22.821;
30/08/2021;02:23;2010-84486;167.706;-22.875;
30/08/2021;03:56;2010-84486;167.698;-22.845;
30/08/2021;04:03;2010-84486;167.683;-22.822;
30/08/2021;07:28;2010-84486;167.67;-22.869;
30/08/2021;13:36;2010-84486;167.645;-22.862;
30/08/2021;13:39;2010-84486;167.667;-22.859;
30/08/2021;15:15;2010-84486;167.688;-22.829;
30/08/2021;16:46;2010-84486;167.699;-22.824;
30/08/2021;20:28;2010-84486;167.672;-22.852;
30/08/2021;20:36;2010-84486;167.667;-22.856;
30/08/2021;20:45;2010-84486;167.659;-22.871;
30/08/2021;22:16;2010-84486;167.669;-22.898;
30/08/2021;22:25;2010-84486;167.684;-22.89;
31/08/2021;02:08;2010-84486;167.664;-22.859;
31/08/2021;02:12;2010-84486;167.651;-22.859;
31/08/2021;03:46;2010-84486;167.671;-22.883;
31/08/2021;03:51;2010-84486;167.659;-22.884;
31/08/2021;07:20;2010-84486;167.685;-22.845;
31/08/2021;08:58;2010-84486;167.652;-22.849;
31/08/2021;09:03;2010-84486;167.671;-22.86;
31/08/2021;10:55;2010-84486;167.657;-22.868;
31/08/2021;13:29;2010-84486;167.677;-22.864;
31/08/2021;15:07;2010-84486;167.687;-22.844;
31/08/2021;16:25;2010-84486;167.685;-22.852;
31/08/2021;20:12;2010-84486;167.688;-22.871;
31/08/2021;20:13;2010-84486;167.69;-22.88;
31/08/2021;20:25;2010-84486;167.689;-22.871;
31/08/2021;21:54;2010-84486;167.685;-22.921;
01/09/2021;01:56;2010-84486;167.638;-22.87;
01/09/2021;02:01;2010-84486;167.649;-22.867;
01/09/2021;03:37;2010-84486;167.661;-22.861;
01/09/2021;03:41;2010-84486;167.651;-22.861;
01/09/2021;04:50;2010-84486;167.655;-22.874;
01/09/2021;07:05;2010-84486;167.625;-22.864;
01/09/2021;08:44;2010-84486;167.673;-22.819;
01/09/2021;10:18;2010-84486;167.659;-22.781;
01/09/2021;13:10;2010-84486;167.577;-22.786;
01/09/2021;13:21;2010-84486;167.703;-22.822;
01/09/2021;14:51;2010-84486;167.576;-22.777;
01/09/2021;14:59;2010-84486;167.568;-22.775;
01/09/2021;16:00;2010-84486;167.521;-22.758;
01/09/2021;21:32;2010-84486;167.295;-22.839;
02/09/2021;01:45;2010-84486;167.399;-22.982;
02/09/2021;01:49;2010-84486;167.304;-22.882;
02/09/2021;03:22;2010-84486;167.309;-22.882;
02/09/2021;03:31;2010-84486;167.312;-22.884;
03/09/2021;03:31;2010-84486;158.785994;-46.366811;out of domain 
17/08/2021;04:12;2010-84487;167.026;-22.465;
17/08/2021;08:21;2010-84487;167.162;-22.565;
17/08/2021;10:42;2010-84487;167.185;-22.593;
17/08/2021;14:11;2010-84487;167.224;-22.608;
17/08/2021;16:57;2010-84487;167.362;-22.664;
17/08/2021;19:36;2010-84487;167.491;-22.759;
17/08/2021;20:39;2010-84487;167.522;-22.774;
17/08/2021;21:54;2010-84487;167.59;-22.786;
17/08/2021;22:18;2010-84487;167.605;-22.804;
18/08/2021;02:40;2010-84487;167.778;-22.876;
18/08/2021;08:11;2010-84487;167.661;-22.937;
18/08/2021;09:03;2010-84487;167.668;-22.872;
18/08/2021;10:46;2010-84487;167.726;-22.895;
18/08/2021;15:42;2010-84487;167.676;-22.81;
18/08/2021;16:34;2010-84487;167.575;-22.851;
18/08/2021;19:27;2010-84487;167.719;-22.885;
18/08/2021;20:17;2010-84487;167.687;-22.892;
18/08/2021;21:34;2010-84487;167.726;-22.897;
18/08/2021;21:55;2010-84487;167.747;-22.89;
19/08/2021;08:44;2010-84487;168.111;-23.222;
19/08/2021;10:24;2010-84487;168.076;-23.252;
19/08/2021;13:53;2010-84487;168.037;-23.25;
19/08/2021;13:53;2010-84487;167.903;-23.205;
19/08/2021;15:30;2010-84487;167.992;-23.293;
19/08/2021;15:33;2010-84487;167.965;-23.264;
19/08/2021;16:12;2010-84487;167.97;-23.255;
19/08/2021;19:52;2010-84487;167.989;-23.341;
19/08/2021;21:12;2010-84487;168.022;-23.373;
19/08/2021;21:32;2010-84487;168.089;-23.378;
19/08/2021;22:53;2010-84487;168.036;-23.39;
20/08/2021;02:28;2010-84487;175.876;-21.761;
20/08/2021;04:39;2010-84487;168.087;-23.499;
20/08/2021;07:48;2010-84487;167.951;-23.486;
20/08/2021;09:56;2010-84487;168.091;-23.457;
20/08/2021;13:39;2010-84487;168.078;-23.39;
20/08/2021;13:41;2010-84487;168.084;-23.387;
20/08/2021;15:27;2010-84487;168.103;-23.289;
20/08/2021;15:48;2010-84487;168.009;-23.394;
20/08/2021;19:06;2010-84487;168.116;-23.474;
20/08/2021;20:46;2010-84487;168.112;-23.508;
20/08/2021;21:10;2010-84487;168.096;-23.498;
20/08/2021;22:49;2010-84487;168.151;-23.559;
21/08/2021;02:11;2010-84487;168.269;-23.581;
21/08/2021;02:14;2010-84487;168.297;-23.582;
21/08/2021;03:53;2010-84487;168.34;-23.652;
21/08/2021;04:13;2010-84487;168.383;-23.622;
21/08/2021;07:38;2010-84487;168.472;-23.719;
21/08/2021;09:18;2010-84487;168.445;-23.842;
21/08/2021;09:34;2010-84487;168.484;-23.802;
21/08/2021;10:56;2010-84487;168.504;-23.795;
21/08/2021;13:28;2010-84487;168.452;-23.758;
21/08/2021;13:32;2010-84487;168.431;-23.775;
21/08/2021;15:13;2010-84487;168.482;-23.79;
21/08/2021;15:26;2010-84487;168.55;-23.83;
22/08/2021;03:49;2010-84487;168.459;-23.847;
27/08/2021;08:04;2010-84487;171.408;-28.388;
27/08/2021;19:22;2010-84487;171.506;-28.549;
27/08/2021;20:08;2010-84487;171.463;-28.592;
27/08/2021;20:08;2010-84487;171.476;-28.59;
27/08/2021;21:46;2010-84487;171.554;-28.653;
27/08/2021;21:49;2010-84487;171.574;-28.655;
28/08/2021;02:41;2010-84487;171.643;-28.83;
28/08/2021;04:44;2010-84487;171.756;-28.887;
28/08/2021;07:48;2010-84487;171.768;-29.01;
28/08/2021;08:30;2010-84487;171.855;-28.999;
28/08/2021;08:31;2010-84487;171.889;-29.056;
28/08/2021;10:09;2010-84487;171.902;-29.127;
28/08/2021;13:56;2010-84487;171.97;-29.166;
28/08/2021;14:01;2010-84487;171.935;-29.237;
28/08/2021;19:10;2010-84487;172.025;-29.298;
28/08/2021;19:45;2010-84487;171.981;-29.202;
28/08/2021;19:49;2010-84487;171.833;-29.486;
28/08/2021;21:23;2010-84487;172.061;-29.38;
28/08/2021;21:27;2010-84487;172.053;-29.375;
29/08/2021;04:04;2010-84487;172.198;-29.599;
29/08/2021;04:20;2010-84487;172.24;-29.635;
29/08/2021;07:39;2010-84487;172.357;-29.719;
29/08/2021;08:03;2010-84487;172.455;-29.764;
29/08/2021;13:49;2010-84487;172.209;-29.749;
29/08/2021;13:53;2010-84487;172.344;-29.816;
29/08/2021;15:30;2010-84487;172.406;-29.828;
29/08/2021;15:35;2010-84487;172.289;-29.853;
29/08/2021;19:25;2010-84487;172.235;-29.993;
29/08/2021;20:59;2010-84487;172.254;-30.069;
29/08/2021;21:08;2010-84487;172.309;-30.065;
30/08/2021;02:19;2010-84487;172.336;-30.292;
30/08/2021;03:54;2010-84487;172.311;-30.349;
30/08/2021;03:54;2010-84487;172.33;-30.351;
30/08/2021;03:56;2010-84487;172.308;-30.376;
30/08/2021;07:27;2010-84487;172.322;-30.459;
30/08/2021;09:24;2010-84487;172.357;-30.467;
30/08/2021;09:29;2010-84487;172.312;-30.532;
30/08/2021;13:36;2010-84487;172.398;-30.313;
30/08/2021;20:37;2010-84487;172.254;-30.635;
30/08/2021;20:47;2010-84487;172.262;-30.648;
30/08/2021;22:20;2010-84487;172.3;-30.716;
30/08/2021;22:25;2010-84487;172.285;-30.732;
31/08/2021;02:03;2010-84487;172.358;-30.868;
31/08/2021;02:09;2010-84487;172.377;-30.871;
31/08/2021;03:42;2010-84487;172.386;-30.949;
31/08/2021;07:16;2010-84487;172.555;-31.102;
31/08/2021;08:57;2010-84487;172.635;-31.081;
31/08/2021;08:57;2010-84487;172.594;-31.038;
31/08/2021;09:09;2010-84487;172.505;-31.136;
31/08/2021;15:04;2010-84487;172.643;-31.183;
31/08/2021;20:15;2010-84487;172.642;-31.45;
31/08/2021;20:16;2010-84487;172.637;-31.458;
31/08/2021;20:27;2010-84487;172.652;-31.467;
31/08/2021;21:56;2010-84487;172.642;-31.522;
31/08/2021;22:06;2010-84487;172.654;-31.537;
01/09/2021;01:53;2010-84487;172.656;-31.719;
01/09/2021;02:00;2010-84487;172.637;-31.723;
01/09/2021;03:37;2010-84487;172.674;-31.839;
01/09/2021;04:46;2010-84487;172.698;-31.861;
01/09/2021;07:04;2010-84487;172.677;-31.882;
01/09/2021;08:34;2010-84487;172.79;-31.886;
01/09/2021;08:41;2010-84487;172.759;-31.892;
01/09/2021;08:48;2010-84487;172.786;-31.898;
01/09/2021;15:04;2010-84487;172.761;-31.946;
01/09/2021;16:02;2010-84487;172.864;-31.794;
01/09/2021;20:06;2010-84487;172.844;-31.996;
01/09/2021;21:36;2010-84487;172.875;-32.056;
01/09/2021;21:46;2010-84487;172.893;-32.069;
02/09/2021;01:40;2010-84487;173.003;-32.293;
02/09/2021;01:49;2010-84487;173.05;-32.28;
02/09/2021;03:21;2010-84487;173.021;-32.4;
02/09/2021;03:28;2010-84487;173.012;-32.4;
02/09/2021;04:21;2010-84487;173.102;-32.464;
02/09/2021;08:31;2010-84487;173.181;-32.691;
02/09/2021;09:58;2010-84487;172.784;-32.656;
02/09/2021;15:40;2010-84487;173.287;-32.911;
02/09/2021;19:30;2010-84487;173.309;-33.005;
02/09/2021;21:08;2010-84487;173.366;-33.067;
03/09/2021;01:27;2010-84487;173.539;-33.295;
03/09/2021;01:38;2010-84487;173.422;-33.308;
03/09/2021;03:17;2010-84487;173.422;-33.405;
03/09/2021;04:00;2010-84487;173.463;-33.442;
03/09/2021;07:15;2010-84487;173.498;-33.614;
03/09/2021;07:48;2010-84487;173.563;-33.608;
03/09/2021;08:22;2010-84487;173.458;-33.682;
03/09/2021;09:29;2010-84487;173.638;-33.691;
03/09/2021;09:50;2010-84487;173.526;-33.731;
03/09/2021;13:04;2010-84487;173.675;-33.8;
03/09/2021;14:46;2010-84487;173.796;-33.836;
03/09/2021;19:42;2010-84487;173.778;-33.858;
03/09/2021;20:45;2010-84487;173.682;-33.878;
03/09/2021;21:05;2010-84487;173.783;-33.914;
03/09/2021;22:46;2010-84487;173.899;-33.982;
04/09/2021;01:16;2010-84487;174.141;-34.069;
04/09/2021;01:27;2010-84487;174.029;-34.098;
04/09/2021;02:59;2010-84487;173.89;-34.065;
04/09/2021;03:06;2010-84487;174.101;-34.111;
04/09/2021;08:05;2010-84487;174.144;-34.088;
04/09/2021;14:24;2010-84487;174.261;-34.052;
04/09/2021;20:22;2010-84487;174.384;-34.054;
04/09/2021;20:44;2010-84487;174.4;-34.058;
04/09/2021;22:24;2010-84487;174.488;-34.054;
05/09/2021;01:16;2010-84487;174.724;-34.093;
05/09/2021;02:51;2010-84487;174.816;-34.055;
05/09/2021;02:56;2010-84487;174.834;-34.086;
05/09/2021;04:50;2010-84487;174.992;-34.133;
05/09/2021;09:00;2010-84487;175.193;-34.248;
05/09/2021;10:17;2010-84487;175.134;-34.278;
05/09/2021;14:18;2010-84487;175.248;-34.268;
05/09/2021;19:16;2010-84487;175.36;-34.314;
05/09/2021;19:58;2010-84487;175.402;-34.35;
05/09/2021;20:22;2010-84487;175.428;-34.365;
05/09/2021;21:39;2010-84487;175.453;-34.343;
05/09/2021;22:03;2010-84487;175.487;-34.35;
06/09/2021;01:05;2010-84487;175.694;-34.392;
06/09/2021;04:24;2010-84487;175.817;-34.486;
06/09/2021;09:57;2010-84487;175.885;-34.53;
06/09/2021;10:29;2010-84487;175.558;-34.447;
06/09/2021;14:00;2010-84487;175.944;-34.522;
06/09/2021;20:04;2010-84487;175.963;-34.565;
06/09/2021;21:14;2010-84487;176.05;-34.575;
06/09/2021;21:44;2010-84487;176.05;-34.576;
07/09/2021;02:27;2010-84487;176.112;-34.576;
07/09/2021;02:35;2010-84487;176.122;-34.572;
07/09/2021;04:10;2010-84487;176.132;-34.608;
07/09/2021;08:22;2010-84487;176.112;-34.551;
07/09/2021;09:35;2010-84487;176.11;-34.568;
07/09/2021;10:01;2010-84487;176.083;-34.573;
07/09/2021;13:58;2010-84487;176.146;-34.57;
07/09/2021;15:32;2010-84487;176.173;-34.582;
07/09/2021;17:00;2010-84487;176.141;-34.585;
07/09/2021;19:16;2010-84487;176.157;-34.596;
07/09/2021;19:42;2010-84487;176.188;-34.619;
07/09/2021;20:35;2010-84487;176.169;-34.592;
07/09/2021;20:50;2010-84487;176.168;-34.596;
07/09/2021;21:22;2010-84487;176.182;-34.59;
08/09/2021;02:16;2010-84487;176.268;-34.617;
08/09/2021;02:25;2010-84487;176.254;-34.631;
08/09/2021;09:10;2010-84487;176.193;-34.612;
08/09/2021;10:52;2010-84487;176.195;-34.62;
08/09/2021;13:51;2010-84487;176.162;-34.632;
08/09/2021;15:21;2010-84487;176.175;-34.613;
08/09/2021;20:30;2010-84487;176.205;-34.631;
08/09/2021;21:02;2010-84487;176.2;-34.637;
08/09/2021;22:10;2010-84487;176.182;-34.599;
08/09/2021;22:41;2010-84487;176.198;-34.623;
09/09/2021;02:07;2010-84487;176.264;-34.548;
09/09/2021;04:54;2010-84487;176.319;-34.544;
09/09/2021;07:06;2010-84487;176.31;-34.581;
09/09/2021;13:31;2010-84487;176.504;-34.658;
09/09/2021;16:12;2010-84487;176.623;-34.731;
09/09/2021;20:40;2010-84487;176.716;-34.736;
09/09/2021;21:43;2010-84487;176.75;-34.733;
09/09/2021;22:22;2010-84487;176.727;-34.728;
10/09/2021;01:54;2010-84487;176.819;-34.786;
10/09/2021;02:06;2010-84487;176.835;-34.782;
10/09/2021;03:35;2010-84487;176.865;-34.816;
10/09/2021;04:30;2010-84487;176.896;-34.823;
10/09/2021;13:30;2010-84487;176.962;-34.878;
10/09/2021;15:10;2010-84487;177.03;-34.945;
10/09/2021;19:42;2010-84487;177.045;-34.86;
10/09/2021;20:21;2010-84487;177.053;-34.854;
10/09/2021;21:22;2010-84487;177.052;-34.832;
10/09/2021;21:58;2010-84487;177.087;-34.817;
11/09/2021;01:49;2010-84487;177.259;-34.868;
11/09/2021;01:55;2010-84487;177.364;-34.852;
11/09/2021;04:03;2010-84487;177.5;-34.863;
11/09/2021;08:00;2010-84487;177.643;-34.86;
11/09/2021;08:23;2010-84487;177.648;-34.86;
11/09/2021;08:44;2010-84487;177.719;-34.829;
11/09/2021;09:41;2010-84487;177.689;-34.828;
11/09/2021;10:25;2010-84487;177.613;-34.789;
11/09/2021;13:03;2010-84487;177.659;-34.775;
11/09/2021;13:20;2010-84487;177.98;-34.813;
11/09/2021;14:53;2010-84487;177.79;-34.779;
11/09/2021;15:26;2010-84487;177.837;-34.804;
11/09/2021;19:58;2010-84487;177.931;-34.776;
11/09/2021;20:58;2010-84487;177.974;-34.758;
11/09/2021;21:39;2010-84487;177.975;-34.756;
12/09/2021;01:36;2010-84487;178.053;-34.713;
12/09/2021;01:46;2010-84487;178.056;-34.722;
12/09/2021;08:11;2010-84487;178.318;-34.694;
12/09/2021;09:17;2010-84487;178.193;-34.718;
12/09/2021;10:56;2010-84487;178.344;-34.673;
12/09/2021;14:35;2010-84487;178.236;-34.617;
12/09/2021;19:35;2010-84487;178.421;-34.605;
12/09/2021;19:39;2010-84487;178.419;-34.6;
12/09/2021;21:19;2010-84487;178.379;-34.579;
13/09/2021;01:25;2010-84487;178.428;-34.604;
13/09/2021;01:34;2010-84487;178.432;-34.608;
13/09/2021;03:04;2010-84487;178.44;-34.585;
13/09/2021;03:12;2010-84487;178.402;-34.573;
13/09/2021;08:02;2010-84487;178.508;-34.564;
13/09/2021;08:53;2010-84487;178.52;-34.563;
13/09/2021;09:42;2010-84487;178.548;-34.553;
13/09/2021;14:37;2010-84487;178.507;-34.511;
13/09/2021;16:09;2010-84487;178.909;-34.517;
13/09/2021;19:20;2010-84487;178.56;-34.42;
13/09/2021;20:11;2010-84487;178.627;-34.42;
13/09/2021;20:55;2010-84487;178.648;-34.404;
13/09/2021;22:36;2010-84487;178.756;-34.381;
14/09/2021;01:13;2010-84487;178.907;-34.349;
14/09/2021;01:25;2010-84487;178.908;-34.349;
14/09/2021;04:33;2010-84487;179.073;-34.312;
14/09/2021;07:48;2010-84487;179.195;-34.326;
14/09/2021;19:10;2010-84487;179.429;-34.413;
14/09/2021;19:48;2010-84487;179.472;-34.402;
14/09/2021;20:37;2010-84487;179.504;-34.417;
14/09/2021;21:27;2010-84487;179.572;-34.398;
14/09/2021;22:18;2010-84487;179.638;-34.41;
15/09/2021;01:06;2010-84487;179.868;-34.37;
15/09/2021;01:15;2010-84487;179.841;-34.37;
15/09/2021;04:11;2010-84487;-179.976;-34.358;
15/09/2021;07:35;2010-84487;-179.85;-34.404;
15/09/2021;09:17;2010-84487;-179.8;-34.402;
15/09/2021;10:38;2010-84487;-179.783;-34.423;
15/09/2021;14:04;2010-84487;-179.68;-34.462;
15/09/2021;14:16;2010-84487;-179.674;-34.467;
15/09/2021;19:21;2010-84487;-179.46;-34.53;
15/09/2021;20:19;2010-84487;-179.527;-34.534;
16/09/2021;02:33;2010-84487;-179.235;-34.821;
16/09/2021;07:24;2010-84487;-178.947;-35.097;
16/09/2021;07:40;2010-84487;-178.849;-35.126;
16/09/2021;08:36;2010-84487;-178.86;-35.184;
16/09/2021;09:24;2010-84487;-178.861;-35.246;
16/09/2021;10:17;2010-84487;-178.808;-35.269;
16/09/2021;13:55;2010-84487;-178.648;-35.444;
16/09/2021;15:06;2010-84487;-178.654;-35.461;
16/09/2021;19:59;2010-84487;-178.562;-35.555;
16/09/2021;20:42;2010-84487;-178.513;-35.59;
17/09/2021;09:58;2010-84487;-178.384;-36.026;
17/09/2021;10:41;2010-84487;-178.403;-36.049;
17/09/2021;13:49;2010-84487;-178.475;-36.072;
17/09/2021;19:39;2010-84487;-178.268;-36.13;
17/09/2021;20:17;2010-84487;-178.218;-36.147;
17/09/2021;21:16;2010-84487;-178.213;-36.181;
18/09/2021;02:09;2010-84487;-177.943;-36.384;
18/09/2021;02:26;2010-84487;-177.808;-36.427;
18/09/2021;04:37;2010-84487;-178.059;-36.414;
18/09/2021;08:38;2010-84487;-177.948;-36.473;
18/09/2021;09:37;2010-84487;-177.909;-36.501;
18/09/2021;13:33;2010-84487;-177.608;-36.702;
18/09/2021;15:53;2010-84487;-177.656;-36.71;
18/09/2021;19:13;2010-84487;-177.466;-36.8;
18/09/2021;19:55;2010-84487;-177.425;-36.812;
18/09/2021;20:55;2010-84487;-177.379;-36.85;
19/09/2021;01:59;2010-84487;-177.116;-37.074;
19/09/2021;04:09;2010-84487;-176.989;-37.196;
19/09/2021;08:15;2010-84487;-176.97;-37.212;
19/09/2021;09:12;2010-84487;-176.934;-37.233;
19/09/2021;13:22;2010-84487;-176.672;-37.29;
19/09/2021;13:35;2010-84487;-176.685;-37.295;
19/09/2021;13:50;2010-84487;-176.67;-37.32;
19/09/2021;22:12;2010-84487;-176.203;-37.394;
20/09/2021;02:02;2010-84487;-175.995;-37.553;
20/09/2021;07:52;2010-84487;-175.564;-37.665;
20/09/2021;08:56;2010-84487;-175.455;-37.666;
20/09/2021;09:29;2010-84487;-175.48;-37.695;
20/09/2021;10:31;2010-84487;-175.445;-37.689;
20/09/2021;13:24;2010-84487;-175.279;-37.773;
20/09/2021;15:03;2010-84487;-175.149;-37.828;
20/09/2021;16:22;2010-84487;-175.138;-37.84;
20/09/2021;16:43;2010-84487;-175.115;-37.841;
20/09/2021;19:06;2010-84487;-174.959;-37.966;
20/09/2021;20:14;2010-84487;-174.854;-38.012;
21/09/2021;01:39;2010-84487;-174.444;-38.262;
21/09/2021;03:22;2010-84487;-174.312;-38.338;
21/09/2021;07:25;2010-84487;-174.075;-38.526;
21/09/2021;09:07;2010-84487;-174.035;-38.604;
21/09/2021;10:11;2010-84487;-173.988;-38.666;
21/09/2021;13:04;2010-84487;-173.982;-38.789;
21/09/2021;14:43;2010-84487;-173.826;-38.894;
21/09/2021;16:19;2010-84487;-173.741;-38.963;
21/09/2021;20:29;2010-84487;-173.557;-39.126;
22/09/2021;01:30;2010-84487;-173.238;-39.394;
22/09/2021;03:18;2010-84487;-173.181;-39.542;
22/09/2021;08:11;2010-84487;-172.885;-39.915;
22/09/2021;09:52;2010-84487;-172.859;-39.962;
22/09/2021;13:08;2010-84487;-172.694;-40.078;
22/09/2021;14:18;2010-84487;-172.678;-40.119;
22/09/2021;15:57;2010-84487;-172.616;-40.181;
22/09/2021;15:57;2010-84487;-172.606;-40.177;
22/09/2021;19:33;2010-84487;-172.558;-40.3;
23/09/2021;01:27;2010-84487;-172.236;-40.666;
23/09/2021;04:14;2010-84487;-172.096;-40.859;
23/09/2021;07:39;2010-84487;-171.965;-41.021;
23/09/2021;07:49;2010-84487;-171.918;-41.038;
23/09/2021;08:18;2010-84487;-171.919;-41.036;
23/09/2021;11:02;2010-84487;-171.849;-41.11;
23/09/2021;13:55;2010-84487;-171.802;-41.164;
23/09/2021;15:46;2010-84487;-171.757;-41.215;
23/09/2021;19:11;2010-84487;-171.611;-41.401;
23/09/2021;19:40;2010-84487;-171.327;-41.491;
23/09/2021;20:51;2010-84487;-171.487;-41.507;
24/09/2021;01:05;2010-84487;-171.321;-41.676;
24/09/2021;01:16;2010-84487;-171.305;-41.694;
24/09/2021;02:43;2010-84487;-171.31;-41.753;
24/09/2021;03:52;2010-84487;-171.247;-41.773;
24/09/2021;07:28;2010-84487;-171.223;-41.888;
24/09/2021;07:28;2010-84487;-171.212;-41.877;
24/09/2021;07:55;2010-84487;-171.194;-41.908;
24/09/2021;09:08;2010-84487;-171.164;-41.982;
24/09/2021;09:33;2010-84487;-171.189;-42.018;
24/09/2021;13:34;2010-84487;-171.059;-42.235;
24/09/2021;15:14;2010-84487;-171.021;-42.346;
24/09/2021;19:15;2010-84487;-170.84;-42.58;
25/09/2021;02:46;2010-84487;-170.614;-42.993;
25/09/2021;07:14;2010-84487;-170.54;-43.163;
25/09/2021;09:07;2010-84487;-170.455;-43.253;
25/09/2021;10:54;2010-84487;-170.39;-43.313;
25/09/2021;17:01;2010-84487;-170.236;-43.572;
25/09/2021;20:10;2010-84487;-170.569;-43.67;
26/09/2021;02:35;2010-84487;-170.027;-44.063;
26/09/2021;02:59;2010-84487;-170.022;-44.086;
26/09/2021;07:05;2010-84487;-169.978;-44.284;
26/09/2021;07:05;2010-84487;-169.878;-44.261;
26/09/2021;08:27;2010-84487;-169.766;-44.326;
26/09/2021;08:44;2010-84487;-169.643;-44.307;
26/09/2021;10:46;2010-84487;-169.655;-44.437;
26/09/2021;19:51;2010-84487;-169.322;-44.871;
26/09/2021;21:30;2010-84487;-169.257;-44.931;
27/09/2021;02:10;2010-84487;-169.267;-45.102;
27/09/2021;02:25;2010-84487;-169.164;-45.111;
27/09/2021;02:34;2010-84487;-169.142;-45.111;
27/09/2021;04:18;2010-84487;-169.13;-45.171;
27/09/2021;08:23;2010-84487;-168.99;-45.256;
27/09/2021;09:43;2010-84487;-169;-45.325;
27/09/2021;10:35;2010-84487;-168.954;-45.348;
27/09/2021;13:44;2010-84487;-168.791;-45.492;
27/09/2021;13:58;2010-84487;-168.848;-45.513;
27/09/2021;15:41;2010-84487;-168.786;-45.596;
27/09/2021;16:41;2010-84487;-168.796;-45.644;
27/09/2021;19:46;2010-84487;-168.664;-45.774;
28/09/2021;02:02;2010-84487;-168.59;-46.048;
28/09/2021;02:13;2010-84487;-168.463;-46.037;
28/09/2021;04:58;2010-84487;-168.377;-46.11;
28/09/2021;07:43;2010-84487;-168.37;-46.251;
28/09/2021;08:02;2010-84487;-168.371;-46.264;
28/09/2021;13:35;2010-84487;-168.288;-46.528;
28/09/2021;15:13;2010-84487;-168.173;-46.623;
28/09/2021;16:29;2010-84487;-168.237;-46.652;
28/09/2021;19:11;2010-84487;-168.204;-46.797;
28/09/2021;20:50;2010-84487;-168.169;-46.901;
29/09/2021;01:51;2010-84487;-167.733;-47.156;
29/09/2021;02:05;2010-84487;-168.029;-47.224;
29/09/2021;03:26;2010-84487;-167.941;-47.308;
29/09/2021;07:22;2010-84487;-167.931;-47.433;
29/09/2021;07:35;2010-84487;-167.91;-47.424;
29/09/2021;09:04;2010-84487;-167.881;-47.442;
29/09/2021;09:17;2010-84487;-167.872;-47.441;
29/09/2021;13:11;2010-84487;-167.727;-47.648;
29/09/2021;16:19;2010-84487;-167.626;-47.821;
29/09/2021;20:28;2010-84487;-167.473;-48.014;
30/09/2021;01:40;2010-84487;-167.376;-48.172;
30/09/2021;01:55;2010-84487;-167.435;-48.191;
30/09/2021;03:01;2010-84487;-167.348;-48.251;
30/09/2021;03:34;2010-84487;-167.384;-48.288;
30/09/2021;04:41;2010-84487;-167.431;-48.405;
30/09/2021;08:41;2010-84487;-167.25;-48.595;
30/09/2021;08:51;2010-84487;-167.25;-48.6;
30/09/2021;10:04;2010-84487;-167.268;-48.681;
30/09/2021;13:27;2010-84487;-167.157;-48.883;
30/09/2021;14:30;2010-84487;-167.167;-48.955;
30/09/2021;16:02;2010-84487;-167.138;-49.068;
30/09/2021;20:08;2010-84487;-167.03;-49.255;
30/09/2021;20:15;2010-84487;-167.002;-49.261;
01/10/2021;01:26;2010-84487;-166.954;-49.468;
01/10/2021;01:45;2010-84487;-166.991;-49.485;
01/10/2021;02:42;2010-84487;-166.941;-49.466;
01/10/2021;03:12;2010-84487;-166.932;-49.481;
01/10/2021;04:20;2010-84487;-166.978;-49.503;
01/10/2021;07:42;2010-84487;-166.939;-49.502;
01/10/2021;08:20;2010-84487;-166.946;-49.521;
01/10/2021;14:01;2010-84487;-166.771;-49.616;
01/10/2021;16:36;2010-84487;-166.863;-49.648;
01/10/2021;19:19;2010-84487;-166.926;-49.736;
01/10/2021;19:50;2010-84487;-166.91;-49.683;
01/10/2021;19:55;2010-84487;-166.86;-49.695;
02/10/2021;01:14;2010-84487;-166.799;-49.891;
02/10/2021;02:14;2010-84487;-166.781;-49.945;
02/10/2021;03:52;2010-84487;-166.738;-50.037;
02/10/2021;08:01;2010-84487;-166.486;-50.23;
02/10/2021;08:04;2010-84487;-166.446;-50.228;
02/10/2021;09:41;2010-84487;-166.446;-50.345;
02/10/2021;09:43;2010-84487;-166.425;-50.349;
02/10/2021;09:43;2010-84487;-166.43;-50.314;
02/10/2021;15:19;2010-84487;-166.173;-50.647;
02/10/2021;19:30;2010-84487;-166.02;-50.891;
03/10/2021;01:08;2010-84487;-165.669;-51.132;
03/10/2021;02:44;2010-84487;-165.598;-51.206;
03/10/2021;04:24;2010-84487;-165.549;-51.321;
03/10/2021;07:18;2010-84487;-165.47;-51.243;
03/10/2021;07:39;2010-84487;-165.337;-51.271;
03/10/2021;07:39;2010-84487;-165.298;-51.28;
03/10/2021;10:59;2010-84487;-165.179;-51.412;
03/10/2021;13:17;2010-84487;-165.093;-51.485;
03/10/2021;19:10;2010-84487;-165.034;-51.639;
03/10/2021;19:10;2010-84487;-164.89;-51.689;
04/10/2021;01:13;2010-84487;-164.962;-51.818;
04/10/2021;04:46;2010-84487;-164.897;-51.92;
04/10/2021;07:08;2010-84487;-164.8;-51.974;
04/10/2021;07:17;2010-84487;-164.813;-51.983;
04/10/2021;07:19;2010-84487;-164.81;-51.972;
04/10/2021;08:57;2010-84487;-164.81;-52.072;
04/10/2021;08:57;2010-84487;-164.673;-52.054;
04/10/2021;10:40;2010-84487;-164.798;-52.141;
04/10/2021;10:47;2010-84487;-164.762;-52.149;
04/10/2021;14:32;2010-84487;-164.659;-52.275;
04/10/2021;16:12;2010-84487;-164.582;-52.345;
05/10/2021;02:25;2010-84487;-164.528;-52.708;
05/10/2021;02:43;2010-84487;-164.427;-52.711;
05/10/2021;02:43;2010-84487;-164.482;-52.716;
05/10/2021;08:38;2010-84487;-164.371;-52.95;
05/10/2021;10:54;2010-84487;-164.371;-53.055;
05/10/2021;14:13;2010-84487;-164.325;-53.21;
05/10/2021;15:06;2010-84487;-164.317;-53.211;
06/10/2021;02:28;2010-84487;-163.907;-53.583;
07/10/2021;02:28;2010-84487;158.785994;-46.366811;out of domain 
17/08/2021;02:53;2010-84488;166.889;-22.503;
17/08/2021;02:55;2010-84488;166.876;-22.508;
17/08/2021;04:09;2010-84488;166.812;-22.51;
17/08/2021;08:23;2010-84488;166.898;-22.369;
17/08/2021;09:33;2010-84488;166.915;-22.375;
17/08/2021;10:41;2010-84488;166.884;-22.381;
17/08/2021;19:43;2010-84488;166.871;-22.41;
17/08/2021;20:39;2010-84488;166.862;-22.445;
17/08/2021;21:55;2010-84488;166.89;-22.515;
17/08/2021;22:20;2010-84488;166.91;-22.536;
18/08/2021;02:44;2010-84488;167.06;-22.789;
18/08/2021;04:27;2010-84488;167.113;-22.908;
18/08/2021;07:05;2010-84488;167.233;-23.016;
18/08/2021;08:10;2010-84488;167.283;-23.092;
18/08/2021;09:06;2010-84488;167.315;-23.143;
18/08/2021;10:21;2010-84488;167.341;-23.212;
18/08/2021;10:46;2010-84488;167.333;-23.247;
18/08/2021;14:02;2010-84488;167.288;-23.436;
18/08/2021;14:02;2010-84488;167.299;-23.431;
18/08/2021;15:40;2010-84488;167.228;-23.531;
18/08/2021;15:44;2010-84488;167.221;-23.516;
19/08/2021;02:37;2010-84488;166.929;-23.955;
19/08/2021;04:12;2010-84488;166.822;-23.992;
19/08/2021;07:58;2010-84488;166.661;-24.048;
19/08/2021;08:43;2010-84488;166.591;-24.064;
19/08/2021;10:01;2010-84488;166.535;-24.082;
19/08/2021;10:20;2010-84488;166.513;-24.087;
19/08/2021;13:51;2010-84488;166.35;-24.144;
19/08/2021;13:54;2010-84488;166.346;-24.147;
19/08/2021;15:31;2010-84488;166.267;-24.203;
19/08/2021;15:33;2010-84488;166.255;-24.206;
19/08/2021;16:10;2010-84488;166.281;-24.221;
19/08/2021;19:14;2010-84488;166.073;-24.236;
19/08/2021;19:55;2010-84488;166.039;-24.251;
20/08/2021;02:25;2010-84488;165.747;-24.472;
20/08/2021;04:06;2010-84488;165.61;-24.507;
20/08/2021;04:06;2010-84488;165.631;-24.555;
20/08/2021;04:38;2010-84488;165.647;-24.531;
20/08/2021;07:47;2010-84488;165.478;-24.535;
20/08/2021;08:20;2010-84488;165.449;-24.533;
20/08/2021;09:41;2010-84488;165.39;-24.554;
20/08/2021;09:58;2010-84488;165.375;-24.553;
20/08/2021;13:40;2010-84488;165.22;-24.576;
20/08/2021;13:43;2010-84488;165.216;-24.577;
20/08/2021;15:22;2010-84488;165.144;-24.573;
20/08/2021;15:23;2010-84488;165.137;-24.57;
20/08/2021;15:48;2010-84488;165.12;-24.595;
20/08/2021;19:04;2010-84488;165.035;-24.556;
20/08/2021;21:13;2010-84488;164.96;-24.547;
21/08/2021;02:14;2010-84488;164.732;-24.452;
21/08/2021;02:16;2010-84488;164.755;-24.464;
21/08/2021;03:51;2010-84488;164.684;-24.41;
21/08/2021;03:54;2010-84488;164.678;-24.409;
21/08/2021;04:15;2010-84488;164.69;-24.393;
21/08/2021;07:33;2010-84488;164.514;-24.267;
21/08/2021;09:14;2010-84488;164.485;-24.158;
21/08/2021;09:18;2010-84488;164.478;-24.169;
21/08/2021;09:34;2010-84488;164.47;-24.153;
21/08/2021;10:56;2010-84488;164.48;-24.045;
21/08/2021;13:29;2010-84488;164.404;-23.949;
21/08/2021;13:32;2010-84488;164.4;-23.951;
21/08/2021;15:09;2010-84488;164.336;-23.868;
21/08/2021;15:12;2010-84488;164.349;-23.868;
21/08/2021;20:42;2010-84488;163.541;-23.856;
21/08/2021;22:28;2010-84488;164.049;-23.739;
22/08/2021;02:01;2010-84488;163.863;-23.67;
22/08/2021;03:39;2010-84488;163.822;-23.689;
22/08/2021;07:10;2010-84488;163.612;-23.648;
22/08/2021;07:25;2010-84488;163.574;-23.646;
22/08/2021;09:15;2010-84488;163.512;-23.621;
22/08/2021;10:39;2010-84488;163.44;-23.594;
22/08/2021;10:51;2010-84488;163.434;-23.584;
22/08/2021;13:18;2010-84488;163.293;-23.578;
22/08/2021;13:22;2010-84488;163.289;-23.564;
22/08/2021;14:58;2010-84488;163.201;-23.549;
22/08/2021;15:03;2010-84488;163.192;-23.55;
22/08/2021;16:40;2010-84488;163.096;-23.53;
22/08/2021;20:19;2010-84488;162.95;-23.503;
22/08/2021;21:50;2010-84488;162.813;-23.518;
22/08/2021;22:03;2010-84488;162.816;-23.557;
23/08/2021;01:55;2010-84488;162.616;-23.546;
23/08/2021;03:33;2010-84488;162.563;-23.534;
23/08/2021;03:33;2010-84488;162.53;-23.527;
23/08/2021;07:12;2010-84488;162.36;-23.531;
23/08/2021;08:49;2010-84488;162.306;-23.523;
23/08/2021;08:50;2010-84488;162.304;-23.516;
23/08/2021;10:19;2010-84488;162.255;-23.514;
23/08/2021;10:28;2010-84488;162.264;-23.513;
23/08/2021;13:13;2010-84488;162.158;-23.477;
23/08/2021;14:48;2010-84488;162.09;-23.457;
23/08/2021;14:53;2010-84488;162.078;-23.456;
23/08/2021;16:14;2010-84488;162.03;-23.406;
23/08/2021;20:08;2010-84488;161.967;-23.369;
23/08/2021;21:38;2010-84488;161.872;-23.368;
24/08/2021;01:44;2010-84488;161.745;-23.37;
24/08/2021;07:03;2010-84488;161.552;-23.349;
24/08/2021;08:39;2010-84488;161.471;-23.348;
24/08/2021;09:57;2010-84488;161.429;-23.356;
24/08/2021;10:06;2010-84488;161.425;-23.357;
24/08/2021;14:37;2010-84488;161.304;-23.378;
24/08/2021;19:58;2010-84488;161.087;-23.41;
24/08/2021;21:08;2010-84488;161.017;-23.426;
24/08/2021;21:19;2010-84488;161.01;-23.432;
24/08/2021;22:48;2010-84488;160.953;-23.478;
24/08/2021;22:59;2010-84488;160.942;-23.484;
25/08/2021;03:09;2010-84488;160.802;-23.569;
25/08/2021;08:31;2010-84488;160.636;-23.632;
25/08/2021;09:43;2010-84488;160.748;-23.602;
25/08/2021;14:27;2010-84488;160.644;-23.647;
25/08/2021;14:31;2010-84488;160.637;-23.648;
25/08/2021;16:07;2010-84488;160.62;-23.685;
25/08/2021;16:09;2010-84488;160.577;-23.678;
25/08/2021;20:53;2010-84488;160.505;-23.833;
25/08/2021;22:34;2010-84488;160.477;-23.915;
26/08/2021;02:57;2010-84488;160.413;-24.085;
26/08/2021;10:56;2010-84488;160.094;-24.274;
26/08/2021;14:17;2010-84488;159.896;-24.403;
26/08/2021;14:20;2010-84488;159.883;-24.404;
26/08/2021;15:57;2010-84488;159.806;-24.464;
26/08/2021;15:59;2010-84488;159.793;-24.48;
26/08/2021;16:43;2010-84488;159.758;-24.493;
26/08/2021;19:33;2010-84488;159.635;-24.59;
27/08/2021;02:53;2010-84488;159.736;-24.782;
27/08/2021;02:55;2010-84488;159.541;-24.845;
27/08/2021;04:28;2010-84488;159.525;-24.874;
27/08/2021;04:35;2010-84488;159.559;-24.867;
27/08/2021;08:04;2010-84488;159.572;-24.972;
27/08/2021;09:44;2010-84488;159.577;-25.014;
27/08/2021;10:35;2010-84488;159.594;-25.028;
27/08/2021;10:36;2010-84488;159.577;-25.034;
27/08/2021;15:46;2010-84488;159.664;-25.064;
27/08/2021;19:23;2010-84488;159.647;-25.15;
27/08/2021;21:45;2010-84488;159.647;-25.215;
27/08/2021;21:47;2010-84488;159.668;-25.218;
28/08/2021;02:38;2010-84488;159.595;-25.33;
28/08/2021;02:42;2010-84488;159.587;-25.352;
28/08/2021;04:16;2010-84488;159.549;-25.358;
28/08/2021;07:53;2010-84488;159.5;-25.447;
28/08/2021;13:54;2010-84488;159.567;-25.451;
28/08/2021;14:01;2010-84488;159.567;-25.452;
28/08/2021;15:35;2010-84488;159.567;-25.452;
28/08/2021;15:41;2010-84488;159.565;-25.455;
28/08/2021;19:09;2010-84488;159.575;-25.458;
28/08/2021;21:23;2010-84488;159.566;-25.517;
29/08/2021;02:31;2010-84488;159.682;-25.627;
29/08/2021;07:43;2010-84488;159.642;-25.547;
29/08/2021;09:48;2010-84488;159.637;-25.503;
29/08/2021;13:46;2010-84488;159.676;-25.401;
29/08/2021;15:20;2010-84488;159.723;-25.436;
29/08/2021;15:32;2010-84488;159.65;-25.345;
29/08/2021;21:00;2010-84488;159.59;-25.322;
30/08/2021;02:22;2010-84488;159.515;-25.411;
30/08/2021;03:59;2010-84488;159.491;-25.46;
30/08/2021;04:02;2010-84488;159.491;-25.46;
30/08/2021;07:14;2010-84488;159.498;-25.56;
30/08/2021;07:29;2010-84488;159.449;-25.559;
30/08/2021;13:39;2010-84488;159.255;-25.675;
30/08/2021;15:13;2010-84488;159.16;-25.743;
30/08/2021;15:20;2010-84488;159.146;-25.744;
30/08/2021;16:49;2010-84488;159.053;-25.782;
30/08/2021;20:27;2010-84488;158.933;-25.896;
30/08/2021;22:16;2010-84488;158.853;-25.975;
31/08/2021;02:12;2010-84488;158.694;-26.111;
31/08/2021;03:48;2010-84488;158.585;-26.177;
31/08/2021;07:16;2010-84488;158.456;-26.308;
31/08/2021;09:00;2010-84488;158.358;-26.385;
31/08/2021;10:53;2010-84488;158.323;-26.51;
31/08/2021;15:08;2010-84488;158.305;-26.847;
31/08/2021;16:46;2010-84488;158.353;-26.971;
31/08/2021;20:16;2010-84488;158.377;-27.211;
31/08/2021;21:53;2010-84488;158.572;-27.35;
31/08/2021;22:03;2010-84488;158.337;-27.313;
01/09/2021;03:37;2010-84488;158.361;-27.593;
01/09/2021;10:16;2010-84488;158.264;-27.849;
01/09/2021;10:32;2010-84488;158.171;-27.852;
01/09/2021;14:53;2010-84488;158.054;-28.205;
01/09/2021;15:01;2010-84488;158.136;-28.235;
01/09/2021;20:06;2010-84488;158.109;-28.665;
01/09/2021;21:47;2010-84488;157.966;-28.785;
02/09/2021;03:25;2010-84488;157.847;-29.097;
02/09/2021;16:23;2010-84488;157.262;-29.72;
02/09/2021;19:55;2010-84488;157.089;-29.939;
02/09/2021;21:10;2010-84488;157.154;-30.049;
02/09/2021;22:50;2010-84488;157.189;-30.146;
03/09/2021;03:23;2010-84488;157.238;-30.415;
03/09/2021;04:54;2010-84488;157.177;-30.552;
03/09/2021;07:18;2010-84488;157.199;-30.723;
03/09/2021;22:27;2010-84488;157.166;-31.368;
03/09/2021;22:46;2010-84488;157.176;-31.384;
04/09/2021;04:45;2010-84488;156.997;-31.737;
04/09/2021;04:48;2010-84488;157.02;-31.738;
04/09/2021;19:30;2010-84488;156.746;-32.39;
04/09/2021;22:05;2010-84488;156.713;-32.573;
05/09/2021;22:05;2010-84488;158.785994;-46.366811;out of domain 
25/08/2021;05:59;2010-87636;167.097;-22.982;
25/08/2021;08:27;2010-87636;167.008;-23.025;
25/08/2021;14:26;2010-87636;167.282;-23.008;
25/08/2021;14:28;2010-87636;167.275;-22.998;
26/08/2021;03:04;2010-87636;167.294;-22.593;
26/08/2021;05:34;2010-87636;167.186;-22.502;
26/08/2021;08:17;2010-87636;167.207;-22.467;
26/08/2021;14:22;2010-87636;167.136;-22.337;
27/08/2021;04:31;2010-87636;166.889;-21.848;
27/08/2021;06:46;2010-87636;166.866;-21.815;
27/08/2021;08:03;2010-87636;166.772;-21.865;
27/08/2021;14:07;2010-87636;166.397;-21.713;
27/08/2021;15:48;2010-87636;166.455;-21.638;
28/08/2021;02:41;2010-87636;166.008;-21.269;
28/08/2021;06:25;2010-87636;165.859;-21.198;
29/08/2021;06:25;2010-87636;158.785994;-46.366811;out of domain 
19/08/2021;02:34;2010-87769;166.961;-22.1;
19/08/2021;08:00;2010-87769;166.899;-22.148;
19/08/2021;09:57;2010-87769;167.039;-22.114;
20/08/2021;09:57;2010-87769;158.785994;-46.366811;out of domain 
18/08/2021;21:35;2010-87771;167.347;-22.47;
18/08/2021;21:57;2010-87771;167.344;-22.471;
19/08/2021;02:36;2010-87771;167.31;-22.451;
19/08/2021;04:12;2010-87771;167.258;-22.46;
20/08/2021;04:12;2010-87771;158.785994;-46.366811;out of domain 
02/08/2021;03:49;2010-87774;167.028;-22.563;
02/08/2021;05:08;2010-87774;166.975;-22.538;
02/08/2021;16:25;2010-87774;167.014;-22.61;
02/08/2021;18:02;2010-87774;167.071;-22.713;
02/08/2021;19:17;2010-87774;167.08;-22.783;
03/08/2021;03:46;2010-87774;167.28;-22.817;
03/08/2021;04:47;2010-87774;167.309;-22.785;
03/08/2021;07:47;2010-87774;167.393;-22.772;
03/08/2021;08:54;2010-87774;167.451;-22.847;
03/08/2021;14:57;2010-87774;167.285;-22.806;
03/08/2021;15:00;2010-87774;167.287;-22.81;
03/08/2021;15:57;2010-87774;167.265;-22.785;
03/08/2021;17:39;2010-87774;167.259;-22.793;
03/08/2021;19:03;2010-87774;167.236;-22.799;
04/08/2021;04:23;2010-87774;167.325;-22.928;
04/08/2021;06:02;2010-87774;167.354;-22.981;
04/08/2021;07:34;2010-87774;167.431;-22.997;
04/08/2021;14:45;2010-87774;167.351;-22.994;
04/08/2021;17:15;2010-87774;167.222;-22.957;
05/08/2021;03:23;2010-87774;167.465;-22.934;
05/08/2021;05:41;2010-87774;167.542;-22.892;
05/08/2021;07:27;2010-87774;167.587;-22.893;
05/08/2021;16:50;2010-87774;167.697;-22.884;
05/08/2021;18:30;2010-87774;167.768;-22.931;
05/08/2021;18:44;2010-87774;167.725;-22.922;
05/08/2021;20:22;2010-87774;167.78;-22.944;
06/08/2021;05:14;2010-87774;167.959;-23.142;
06/08/2021;07:13;2010-87774;168.016;-23.205;
06/08/2021;08:53;2010-87774;168.039;-23.274;
13/08/2021;20:25;2010-87774;168.09;-23.447;
13/08/2021;20:33;2010-87774;168.081;-23.454;
14/08/2021;05:23;2010-87774;168.06;-23.399;
14/08/2021;07:16;2010-87774;168.069;-23.387;
14/08/2021;14:42;2010-87774;168.049;-23.408;
14/08/2021;14:43;2010-87774;168.072;-23.411;
14/08/2021;18:12;2010-87774;168.111;-23.412;
14/08/2021;18:32;2010-87774;168.119;-23.416;
15/08/2021;04:55;2010-87774;168.058;-23.539;
15/08/2021;07:07;2010-87774;168.021;-23.512;
15/08/2021;08:38;2010-87774;168.096;-23.451;
15/08/2021;14:31;2010-87774;168.07;-23.42;
15/08/2021;14:33;2010-87774;168.079;-23.422;
15/08/2021;16:09;2010-87774;168.099;-23.433;
15/08/2021;17:48;2010-87774;168.121;-23.439;
15/08/2021;18:23;2010-87774;168.121;-23.423;
16/08/2021;03:03;2010-87774;167.85;-23.433;
16/08/2021;03:08;2010-87774;167.92;-23.422;
16/08/2021;04:30;2010-87774;167.868;-23.446;
16/08/2021;06:12;2010-87774;167.952;-23.435;
16/08/2021;06:55;2010-87774;167.966;-23.429;
16/08/2021;14:23;2010-87774;168.052;-23.482;
16/08/2021;14:23;2010-87774;168.058;-23.484;
16/08/2021;15:44;2010-87774;168.078;-23.461;
16/08/2021;17:27;2010-87774;168.039;-23.482;
16/08/2021;18:13;2010-87774;168.114;-23.441;
17/08/2021;02:54;2010-87774;168.06;-23.254;
17/08/2021;02:54;2010-87774;168.045;-23.257;
17/08/2021;05:51;2010-87774;167.995;-23.281;
17/08/2021;06:42;2010-87774;168.043;-23.313;
17/08/2021;08:22;2010-87774;168.076;-23.364;
17/08/2021;14:13;2010-87774;168.145;-23.414;
17/08/2021;14:13;2010-87774;168.024;-23.376;
17/08/2021;15:22;2010-87774;168.071;-23.431;
17/08/2021;17:07;2010-87774;168.036;-23.306;
17/08/2021;18:00;2010-87774;168.095;-23.461;
17/08/2021;18:38;2010-87774;168.089;-23.447;
18/08/2021;02:50;2010-87774;168.169;-23.319;
18/08/2021;05:26;2010-87774;167.963;-23.304;
18/08/2021;06:32;2010-87774;167.975;-23.297;
18/08/2021;08:11;2010-87774;168.053;-23.29;
18/08/2021;14:03;2010-87774;168.052;-23.37;
18/08/2021;14:04;2010-87774;168.067;-23.37;
18/08/2021;15:38;2010-87774;168.022;-23.417;
18/08/2021;16:37;2010-87774;168.068;-23.451;
18/08/2021;17:47;2010-87774;168.086;-23.491;
18/08/2021;18:15;2010-87774;168.068;-23.481;
18/08/2021;19:24;2010-87774;168.05;-23.478;
18/08/2021;20:16;2010-87774;168.084;-23.459;
19/08/2021;02:32;2010-87774;168.051;-23.421;
19/08/2021;04:12;2010-87774;168.03;-23.422;
19/08/2021;05:02;2010-87774;168.061;-23.45;
19/08/2021;08:44;2010-87774;168.061;-23.408;
19/08/2021;15:28;2010-87774;168.074;-23.392;
19/08/2021;15:32;2010-87774;168.067;-23.387;
19/08/2021;17:50;2010-87774;168.088;-23.407;
19/08/2021;19:52;2010-87774;168.062;-23.392;
20/08/2021;02:23;2010-87774;168.063;-23.399;
20/08/2021;02:23;2010-87774;168.034;-23.401;
20/08/2021;04:38;2010-87774;168.06;-23.389;
20/08/2021;08:18;2010-87774;168.085;-23.4;
20/08/2021;15:21;2010-87774;168.047;-23.475;
20/08/2021;15:50;2010-87774;168.075;-23.456;
20/08/2021;17:28;2010-87774;168.066;-23.458;
20/08/2021;19:03;2010-87774;168.08;-23.47;
20/08/2021;19:31;2010-87774;168.078;-23.469;
21/08/2021;03:57;2010-87774;168.007;-23.379;
21/08/2021;05:54;2010-87774;168.037;-23.399;
21/08/2021;07:38;2010-87774;168.057;-23.402;
21/08/2021;15:10;2010-87774;168.084;-23.397;
21/08/2021;15:10;2010-87774;168.071;-23.39;
21/08/2021;15:26;2010-87774;168.07;-23.385;
21/08/2021;17:04;2010-87774;168.064;-23.405;
21/08/2021;18:52;2010-87774;168.068;-23.431;
21/08/2021;20:32;2010-87774;168.138;-23.475;
21/08/2021;20:49;2010-87774;168.135;-23.467;
22/08/2021;02:03;2010-87774;168.12;-23.413;
22/08/2021;02:05;2010-87774;168.093;-23.428;
22/08/2021;03:39;2010-87774;168.079;-23.411;
22/08/2021;03:45;2010-87774;168.082;-23.404;
22/08/2021;05:28;2010-87774;168.049;-23.426;
22/08/2021;07:23;2010-87774;168.101;-23.47;
22/08/2021;14:59;2010-87774;168.072;-23.39;
22/08/2021;15:03;2010-87774;168.071;-23.392;
22/08/2021;16:42;2010-87774;168.054;-23.399;
22/08/2021;18:39;2010-87774;168.06;-23.418;
22/08/2021;20:26;2010-87774;168.054;-23.407;
23/08/2021;03:30;2010-87774;168.1;-23.414;
23/08/2021;03:30;2010-87774;168.106;-23.392;
23/08/2021;05:06;2010-87774;168.103;-23.412;
23/08/2021;08:50;2010-87774;168.074;-23.468;
23/08/2021;08:52;2010-87774;168.08;-23.464;
23/08/2021;14:47;2010-87774;168.08;-23.391;
23/08/2021;14:51;2010-87774;168.083;-23.393;
23/08/2021;16:15;2010-87774;168.071;-23.396;
23/08/2021;18:26;2010-87774;167.998;-23.409;
23/08/2021;20:01;2010-87774;168.046;-23.446;
23/08/2021;20:08;2010-87774;168.08;-23.444;
24/08/2021;03:17;2010-87774;167.978;-23.473;
24/08/2021;06:18;2010-87774;167.848;-23.417;
24/08/2021;06:56;2010-87774;167.914;-23.433;
24/08/2021;08:26;2010-87774;167.886;-23.364;
24/08/2021;08:42;2010-87774;167.908;-23.358;
24/08/2021;14:38;2010-87774;168.109;-23.333;
24/08/2021;14:42;2010-87774;168.114;-23.334;
24/08/2021;15:52;2010-87774;168.073;-23.345;
24/08/2021;17:32;2010-87774;168.069;-23.335;
24/08/2021;18:13;2010-87774;168.069;-23.319;
24/08/2021;19:57;2010-87774;168.058;-23.354;
25/08/2021;03:10;2010-87774;168.05;-23.434;
25/08/2021;03:13;2010-87774;168.066;-23.427;
25/08/2021;04:18;2010-87774;168.051;-23.394;
25/08/2021;06:00;2010-87774;168.067;-23.396;
25/08/2021;06:49;2010-87774;168.068;-23.414;
25/08/2021;08:27;2010-87774;168.052;-23.449;
25/08/2021;14:22;2010-87774;167.641;-23.494;
25/08/2021;18:04;2010-87774;168.044;-23.402;
25/08/2021;19:45;2010-87774;168.066;-23.409;
26/08/2021;02:59;2010-87774;168.087;-23.44;
26/08/2021;02:59;2010-87774;167.97;-23.539;
26/08/2021;05:35;2010-87774;168.068;-23.413;
26/08/2021;06:39;2010-87774;168.22;-23.447;
26/08/2021;08:17;2010-87774;168.054;-23.402;
26/08/2021;14:20;2010-87774;168.206;-23.485;
26/08/2021;14:20;2010-87774;168.085;-23.397;
26/08/2021;17:55;2010-87774;168.032;-23.404;
26/08/2021;18:24;2010-87774;168.026;-23.392;
26/08/2021;19:33;2010-87774;167.964;-23.368;
26/08/2021;20:28;2010-87774;167.982;-23.348;
26/08/2021;20:30;2010-87774;167.967;-23.34;
27/08/2021;05:12;2010-87774;168.105;-23.182;
27/08/2021;08:06;2010-87774;167.964;-23.222;
27/08/2021;14:06;2010-87774;168.073;-23.236;
27/08/2021;15:47;2010-87774;168.049;-23.207;
27/08/2021;16:19;2010-87774;168.057;-23.196;
27/08/2021;17:40;2010-87774;168.087;-23.214;
27/08/2021;20:06;2010-87774;168.056;-23.167;
28/08/2021;02:40;2010-87774;167.881;-23.151;
28/08/2021;04:20;2010-87774;167.902;-23.084;
28/08/2021;04:43;2010-87774;167.881;-23.086;
28/08/2021;06:30;2010-87774;167.851;-23.065;
28/08/2021;07:54;2010-87774;167.794;-23.059;
28/08/2021;08:30;2010-87774;167.796;-23.045;
28/08/2021;14:04;2010-87774;168.053;-23.109;
28/08/2021;15:36;2010-87774;167.974;-23.054;
28/08/2021;15:41;2010-87774;167.98;-23.058;
28/08/2021;15:56;2010-87774;167.978;-23.053;
28/08/2021;17:40;2010-87774;167.894;-23.096;
28/08/2021;19:11;2010-87774;167.933;-23.108;
29/08/2021;02:28;2010-87774;167.9;-23.187;
29/08/2021;02:35;2010-87774;167.919;-23.174;
29/08/2021;04:08;2010-87774;167.932;-23.187;
29/08/2021;05:59;2010-87774;167.94;-23.173;
29/08/2021;15:26;2010-87774;167.907;-23.145;
29/08/2021;15:30;2010-87774;167.894;-23.15;
29/08/2021;20:58;2010-87774;167.839;-23.128;
30/08/2021;02:24;2010-87774;167.833;-23.13;
30/08/2021;03:57;2010-87774;167.843;-23.091;
30/08/2021;07:17;2010-87774;167.832;-23.075;
30/08/2021;07:30;2010-87774;167.827;-23.095;
30/08/2021;20:44;2010-87774;167.779;-22.998;
31/08/2021;02:07;2010-87774;167.845;-23.05;
31/08/2021;03:48;2010-87774;167.873;-22.988;
31/08/2021;03:48;2010-87774;167.881;-23.037;
31/08/2021;06:52;2010-87774;167.835;-23.021;
31/08/2021;07:18;2010-87774;167.808;-23.031;
31/08/2021;08:58;2010-87774;167.772;-22.99;
31/08/2021;15:04;2010-87774;167.741;-22.911;
31/08/2021;15:09;2010-87774;167.734;-22.91;
31/08/2021;18:03;2010-87774;167.69;-22.851;
31/08/2021;18:36;2010-87774;167.672;-22.838;
01/09/2021;02:03;2010-87774;167.677;-22.869;
01/09/2021;03:34;2010-87774;167.658;-22.871;
01/09/2021;03:40;2010-87774;167.657;-22.875;
01/09/2021;04:52;2010-87774;167.669;-22.869;
01/09/2021;06:28;2010-87774;167.694;-22.88;
01/09/2021;07:07;2010-87774;167.703;-22.874;
01/09/2021;08:47;2010-87774;167.688;-22.872;
01/09/2021;14:53;2010-87774;167.661;-22.882;
01/09/2021;15:00;2010-87774;167.664;-22.881;
02/09/2021;04:22;2010-87774;167.796;-22.987;
02/09/2021;06:04;2010-87774;167.823;-23.027;
02/09/2021;06:57;2010-87774;167.796;-22.994;
02/09/2021;08:16;2010-87774;167.788;-23.001;
02/09/2021;08:29;2010-87774;167.769;-23.041;
02/09/2021;14:41;2010-87774;167.765;-23.017;
02/09/2021;14:47;2010-87774;167.77;-23.022;
02/09/2021;15:35;2010-87774;167.778;-23.032;
02/09/2021;17:14;2010-87774;167.836;-23.039;
02/09/2021;18:11;2010-87774;167.83;-23.043;
02/09/2021;19:50;2010-87774;167.878;-23.047;
03/09/2021;03:21;2010-87774;167.965;-23.175;
03/09/2021;04:03;2010-87774;167.935;-23.188;
03/09/2021;06:43;2010-87774;168.049;-23.246;
03/09/2021;07:19;2010-87774;168.01;-23.296;
03/09/2021;08:20;2010-87774;167.995;-23.34;
03/09/2021;14:32;2010-87774;167.839;-23.358;
03/09/2021;14:40;2010-87774;168.05;-23.406;
03/09/2021;16:51;2010-87774;168.074;-23.471;
03/09/2021;17:59;2010-87774;168.083;-23.439;
03/09/2021;19:42;2010-87774;168.122;-23.425;
03/09/2021;20:37;2010-87774;168.259;-23.334;
04/09/2021;05:18;2010-87774;168.06;-23.461;
04/09/2021;06:58;2010-87774;168.084;-23.464;
04/09/2021;08:08;2010-87774;168.084;-23.466;
04/09/2021;14:21;2010-87774;168.071;-23.395;
04/09/2021;14:28;2010-87774;168.089;-23.401;
04/09/2021;19:27;2010-87774;168.184;-23.501;
04/09/2021;20:43;2010-87774;168.104;-23.513;
05/09/2021;04:57;2010-87774;168.108;-23.391;
05/09/2021;06:34;2010-87774;168.088;-23.271;
05/09/2021;07:59;2010-87774;168.207;-23.261;
05/09/2021;08:44;2010-87774;168.023;-23.267;
05/09/2021;14:16;2010-87774;168.158;-23.307;
05/09/2021;14:16;2010-87774;168.142;-23.225;
05/09/2021;16:00;2010-87774;168.074;-23.179;
05/09/2021;17:36;2010-87774;168.053;-23.202;
05/09/2021;19:57;2010-87774;168.023;-23.271;
06/09/2021;02:49;2010-87774;168.05;-23.385;
06/09/2021;06:11;2010-87774;168.069;-23.416;
06/09/2021;08:45;2010-87774;168.104;-23.467;
07/09/2021;08:45;2010-87774;158.785994;-46.366811;out of domain 
04/08/2021;06:03;2010-87775;167.024;-22.77;
04/08/2021;07:36;2010-87775;167.117;-22.842;
04/08/2021;14:49;2010-87775;167.12;-23.014;
04/08/2021;20:35;2010-87775;167.198;-22.977;
04/08/2021;20:43;2010-87775;167.282;-22.97;
05/08/2021;03:23;2010-87775;167.438;-23.125;
05/08/2021;05:38;2010-87775;167.387;-23.151;
05/08/2021;07:23;2010-87775;167.28;-23.128;
05/08/2021;18:29;2010-87775;166.91;-22.977;
06/08/2021;08:56;2010-87775;167.117;-23.047;
10/08/2021;02:26;2010-87775;168.153;-23.475;
10/08/2021;08:06;2010-87775;168.069;-23.472;
11/08/2021;02:18;2010-87775;168.075;-23.471;
11/08/2021;19:11;2010-87775;168.054;-23.391;
12/08/2021;15:42;2010-87775;168.082;-23.397;
13/08/2021;14:52;2010-87775;168.027;-23.222;
15/08/2021;05:01;2010-87775;168.132;-23.36;
15/08/2021;07:07;2010-87775;168.175;-23.386;
15/08/2021;08:34;2010-87775;168.112;-23.359;
17/08/2021;17:00;2010-87775;168.071;-23.485;
17/08/2021;20:42;2010-87775;168.093;-23.439;
18/08/2021;05:26;2010-87775;168.052;-23.492;
18/08/2021;19:30;2010-87775;168.098;-23.497;
19/08/2021;02:34;2010-87775;168.089;-23.432;
19/08/2021;02:38;2010-87775;168.072;-23.434;
20/08/2021;02:38;2010-87775;158.785994;-46.366811;out of domain 
17/09/2021;08:15;2011-81122;167.801;-23.52;
17/09/2021;08:36;2011-81122;168.072;-23.453;
17/09/2021;09:05;2011-81122;167.11;-23.327;
17/09/2021;13:55;2011-81122;167.772;-23.415;
17/09/2021;15:30;2011-81122;168.042;-23.489;
17/09/2021;20:00;2011-81122;168.371;-23.608;
17/09/2021;21:00;2011-81122;168.048;-23.442;
17/09/2021;21:56;2011-81122;168.048;-23.442;
18/09/2021;01:09;2011-81122;168.04;-23.421;
18/09/2021;02:40;2011-81122;168.005;-23.347;
18/09/2021;08:26;2011-81122;168.034;-23.235;
18/09/2021;09:25;2011-81122;168.019;-23.205;
18/09/2021;13:37;2011-81122;168.023;-23.219;
18/09/2021;14:09;2011-81122;167.987;-23.336;
18/09/2021;15:20;2011-81122;168.065;-23.41;
18/09/2021;19:48;2011-81122;168.164;-23.522;
18/09/2021;20:42;2011-81122;168.189;-23.54;
18/09/2021;21:42;2011-81122;168.167;-23.583;
19/09/2021;02:09;2011-81122;168.245;-23.755;
19/09/2021;02:31;2011-81122;168.264;-23.723;
19/09/2021;03:51;2011-81122;168.045;-23.785;
19/09/2021;08:19;2011-81122;167.862;-23.829;
19/09/2021;08:55;2011-81122;167.871;-23.822;
19/09/2021;13:30;2011-81122;167.935;-23.817;
19/09/2021;13:56;2011-81122;167.911;-23.83;
19/09/2021;15:08;2011-81122;167.878;-23.84;
19/09/2021;19:32;2011-81122;167.882;-23.882;
19/09/2021;20:20;2011-81122;167.865;-23.888;
19/09/2021;21:15;2011-81122;167.847;-23.898;
19/09/2021;21:23;2011-81122;167.844;-23.906;
19/09/2021;21:54;2011-81122;167.805;-23.914;
20/09/2021;02:21;2011-81122;167.579;-24.008;
20/09/2021;03:38;2011-81122;167.511;-24.059;
20/09/2021;07:18;2011-81122;167.373;-24.161;
20/09/2021;08:02;2011-81122;167.319;-24.191;
20/09/2021;08:40;2011-81122;167.266;-24.187;
20/09/2021;09:43;2011-81122;167.214;-24.208;
20/09/2021;09:43;2011-81122;167.225;-24.205;
20/09/2021;13:47;2011-81122;167.173;-24.305;
20/09/2021;15:02;2011-81122;167.117;-24.356;
20/09/2021;15:24;2011-81122;167.142;-24.39;
20/09/2021;19:26;2011-81122;167.038;-24.591;
20/09/2021;19:56;2011-81122;167.033;-24.624;
20/09/2021;20:59;2011-81122;166.998;-24.662;
20/09/2021;21:07;2011-81122;167.073;-24.7;
20/09/2021;21:29;2011-81122;167.071;-24.741;
21/09/2021;02:11;2011-81122;166.992;-25.015;
21/09/2021;03:25;2011-81122;167.037;-25.098;
21/09/2021;07:48;2011-81122;166.964;-25.343;
21/09/2021;08:14;2011-81122;166.995;-25.35;
21/09/2021;09:22;2011-81122;166.971;-25.425;
21/09/2021;09:35;2011-81122;166.971;-25.438;
21/09/2021;13:27;2011-81122;166.934;-25.507;
21/09/2021;14:47;2011-81122;167.031;-25.547;
21/09/2021;15:12;2011-81122;167.051;-25.489;
21/09/2021;19:16;2011-81122;167.081;-25.629;
21/09/2021;19:28;2011-81122;167.096;-25.597;
21/09/2021;20:39;2011-81122;167.125;-25.627;
21/09/2021;20:55;2011-81122;167.137;-25.63;
21/09/2021;21:09;2011-81122;167.135;-25.638;
22/09/2021;02:01;2011-81122;167.183;-25.848;
22/09/2021;03:18;2011-81122;167.139;-25.895;
22/09/2021;03:48;2011-81122;167.138;-25.912;
22/09/2021;07:54;2011-81122;167.112;-26.14;
22/09/2021;09:35;2011-81122;167.138;-26.104;
22/09/2021;13:24;2011-81122;167.131;-26.17;
22/09/2021;15:02;2011-81122;167.059;-26.106;
22/09/2021;19:01;2011-81122;167.007;-26.169;
22/09/2021;19:01;2011-81122;167.058;-26.201;
22/09/2021;20:38;2011-81122;167.102;-26.138;
22/09/2021;20:38;2011-81122;167.065;-26.107;
22/09/2021;21:55;2011-81122;167.153;-26.041;
23/09/2021;01:47;2011-81122;167.131;-26.071;
23/09/2021;03:02;2011-81122;167.159;-26.075;
23/09/2021;09:01;2011-81122;167.181;-26.085;
23/09/2021;09:15;2011-81122;167.312;-26.682;
23/09/2021;13:10;2011-81122;167.681;-26.794;
23/09/2021;14:30;2011-81122;167.559;-26.839;
23/09/2021;14:53;2011-81122;167.586;-26.871;
24/09/2021;01:46;2011-81122;167.708;-27.181;
24/09/2021;02:50;2011-81122;167.836;-27.199;
24/09/2021;03:16;2011-81122;167.87;-27.194;
24/09/2021;08:43;2011-81122;167.864;-27.647;
24/09/2021;08:55;2011-81122;168.387;-27.751;
24/09/2021;13:04;2011-81122;168.564;-27.914;
24/09/2021;14:38;2011-81122;168.644;-27.978;
24/09/2021;15:50;2011-81122;168.67;-27.998;
24/09/2021;20:01;2011-81122;168.496;-27.992;
24/09/2021;20:17;2011-81122;168.521;-28.007;
24/09/2021;21:14;2011-81122;168.524;-28.064;
25/09/2021;01:30;2011-81122;168.632;-28.246;
25/09/2021;02:48;2011-81122;168.708;-28.291;
25/09/2021;03:11;2011-81122;168.71;-28.316;
25/09/2021;07:03;2011-81122;168.837;-28.444;
25/09/2021;08:20;2011-81122;168.87;-28.415;
25/09/2021;08:43;2011-81122;168.886;-28.412;
25/09/2021;09:40;2011-81122;168.975;-28.342;
25/09/2021;09:57;2011-81122;168.975;-28.342;
25/09/2021;14:11;2011-81122;169.158;-28.383;
25/09/2021;14:31;2011-81122;169.153;-28.404;
25/09/2021;15:45;2011-81122;169.219;-28.403;
25/09/2021;19:39;2011-81122;169.38;-28.535;
25/09/2021;20:08;2011-81122;169.386;-28.55;
25/09/2021;20:56;2011-81122;169.452;-28.591;
25/09/2021;21:14;2011-81122;169.476;-28.556;
26/09/2021;01:18;2011-81122;169.679;-28.735;
26/09/2021;02:35;2011-81122;169.751;-28.757;
26/09/2021;02:59;2011-81122;169.741;-28.821;
26/09/2021;08:00;2011-81122;170.029;-28.905;
26/09/2021;08:27;2011-81122;170.019;-28.978;
26/09/2021;09:40;2011-81122;170.081;-29.004;
26/09/2021;14:16;2011-81122;170.276;-29.078;
26/09/2021;19:06;2011-81122;170.406;-29.11;
26/09/2021;19:55;2011-81122;170.169;-29.032;
26/09/2021;20:41;2011-81122;170.445;-29.147;
26/09/2021;20:53;2011-81122;170.428;-29.197;
27/09/2021;01:06;2011-81122;170.721;-29.382;
27/09/2021;02:19;2011-81122;170.646;-29.454;
27/09/2021;02:47;2011-81122;170.661;-29.493;
27/09/2021;08:59;2011-81122;170.841;-29.781;
27/09/2021;13:42;2011-81122;170.843;-29.758;
27/09/2021;14:10;2011-81122;170.955;-29.788;
27/09/2021;15:46;2011-81122;171.002;-29.85;
27/09/2021;19:44;2011-81122;171.362;-29.817;
27/09/2021;20:17;2011-81122;171.39;-29.832;
27/09/2021;20:31;2011-81122;171.401;-29.838;
27/09/2021;21:17;2011-81122;171.443;-29.858;
27/09/2021;21:53;2011-81122;171.455;-29.828;
28/09/2021;02:09;2011-81122;171.647;-29.954;
28/09/2021;02:39;2011-81122;171.647;-29.972;
28/09/2021;03:49;2011-81122;171.712;-30.02;
28/09/2021;08:07;2011-81122;171.934;-30.019;
28/09/2021;08:37;2011-81122;171.955;-30.022;
28/09/2021;08:48;2011-81122;171.922;-30.007;
28/09/2021;13:33;2011-81122;172.064;-29.994;
28/09/2021;13:57;2011-81122;172.128;-29.964;
28/09/2021;15:12;2011-81122;172.161;-29.927;
28/09/2021;19:26;2011-81122;172.312;-29.919;
28/09/2021;20:04;2011-81122;172.434;-29.913;
29/09/2021;01:56;2011-81122;173.083;-29.916;
29/09/2021;02:27;2011-81122;173.069;-29.863;
29/09/2021;07:55;2011-81122;173.224;-29.955;
29/09/2021;08:23;2011-81122;173.251;-29.96;
29/09/2021;13:23;2011-81122;173.228;-30.184;
29/09/2021;13:47;2011-81122;173.091;-30.186;
29/09/2021;14:54;2011-81122;173.167;-30.192;
29/09/2021;15:04;2011-81122;173.221;-30.195;
29/09/2021;19:20;2011-81122;173.157;-30.177;
30/09/2021;01:52;2011-81122;173.373;-30.375;
30/09/2021;07:40;2011-81122;173.618;-30.423;
30/09/2021;08:04;2011-81122;173.732;-30.589;
30/09/2021;13:14;2011-81122;173.876;-30.648;
30/09/2021;13:40;2011-81122;173.9;-30.649;
30/09/2021;14:54;2011-81122;173.945;-30.658;
30/09/2021;15:19;2011-81122;173.915;-30.653;
30/09/2021;19:02;2011-81122;174.081;-30.624;
30/09/2021;19:15;2011-81122;174.034;-30.6;
30/09/2021;20:42;2011-81122;174.097;-30.603;
30/09/2021;20:52;2011-81122;174.078;-30.6;
30/09/2021;20:54;2011-81122;174.127;-30.603;
01/10/2021;01:40;2011-81122;174.323;-30.552;
01/10/2021;02:08;2011-81122;174.446;-30.432;
01/10/2021;03:20;2011-81122;174.58;-30.425;
01/10/2021;09:15;2011-81122;174.944;-30.451;
01/10/2021;09:15;2011-81122;174.929;-30.455;
01/10/2021;09:16;2011-81122;174.924;-30.457;
01/10/2021;13:27;2011-81122;175.177;-30.479;
01/10/2021;14:36;2011-81122;175.104;-30.476;
01/10/2021;15:42;2011-81122;175.174;-30.485;
01/10/2021;20:31;2011-81122;175.438;-30.423;
01/10/2021;20:32;2011-81122;175.44;-30.422;
02/10/2021;01:32;2011-81122;175.717;-30.411;
02/10/2021;01:54;2011-81122;175.783;-30.353;
02/10/2021;07:12;2011-81122;176.076;-30.336;
02/10/2021;07:17;2011-81122;176.028;-30.332;
02/10/2021;08:55;2011-81122;176.392;-30.366;
02/10/2021;13:12;2011-81122;176.671;-30.439;
02/10/2021;15:24;2011-81122;176.786;-30.409;
02/10/2021;20:07;2011-81122;177.182;-30.435;
02/10/2021;20:24;2011-81122;177.13;-30.425;
03/10/2021;01:15;2011-81122;177.545;-30.355;
03/10/2021;01:53;2011-81122;177.601;-30.352;
03/10/2021;02:58;2011-81122;177.666;-30.378;
03/10/2021;03:40;2011-81122;177.719;-30.381;
03/10/2021;07:05;2011-81122;178.027;-30.434;
03/10/2021;08:37;2011-81122;178.159;-30.448;
03/10/2021;08:50;2011-81122;178.178;-30.45;
03/10/2021;13:08;2011-81122;178.167;-30.475;
03/10/2021;14:58;2011-81122;178.334;-30.514;
03/10/2021;19:50;2011-81122;178.999;-30.633;
03/10/2021;20:09;2011-81122;178.787;-30.627;
03/10/2021;21:29;2011-81122;178.944;-30.656;
04/10/2021;08:05;2011-81122;-179.281;-31.348;
04/10/2021;19:25;2011-81122;-178.552;-32.055;
04/10/2021;19:31;2011-81122;-179.428;-31.631;
04/10/2021;21:10;2011-81122;-179.331;-31.634;
05/10/2021;01:25;2011-81122;-179.077;-31.646;
05/10/2021;02:38;2011-81122;-178.998;-31.581;
05/10/2021;07:41;2011-81122;-178.923;-31.475;
05/10/2021;09:22;2011-81122;-178.67;-31.392;
05/10/2021;15:47;2011-81122;-178.357;-31.375;
05/10/2021;19:03;2011-81122;-178.52;-31.385;
05/10/2021;19:46;2011-81122;-178.382;-31.409;
06/10/2021;01:16;2011-81122;-178.553;-31.236;
06/10/2021;08:11;2011-81122;-178.565;-31.276;
06/10/2021;13:49;2011-81122;-178.602;-31.322;
06/10/2021;19:34;2011-81122;-178.481;-31.239;
06/10/2021;20:14;2011-81122;-178.582;-31.185;
06/10/2021;20:27;2011-81122;-178.628;-31.19;
07/10/2021;20:27;2011-81122;158.785994;-46.366811;out of domain 
29/08/2021;01:16;2011-81123;167.494;-22.352;
29/08/2021;02:40;2011-81123;167.303;-22.42;
29/08/2021;07:14;2011-81123;166.938;-22.491;
29/08/2021;07:28;2011-81123;167.149;-22.752;
29/08/2021;08:50;2011-81123;167.142;-22.794;
29/08/2021;08:59;2011-81123;167.147;-22.79;
29/08/2021;09:06;2011-81123;167.159;-22.783;
29/08/2021;13:58;2011-81123;167.21;-22.86;
29/08/2021;14:14;2011-81123;167.232;-22.839;
29/08/2021;15:35;2011-81123;167.204;-22.838;
29/08/2021;15:41;2011-81123;167.21;-22.84;
29/08/2021;15:51;2011-81123;167.205;-22.849;
29/08/2021;20:07;2011-81123;167.213;-22.867;
29/08/2021;20:17;2011-81123;167.197;-22.897;
29/08/2021;20:30;2011-81123;167.229;-22.869;
29/08/2021;21:49;2011-81123;167.269;-22.897;
29/08/2021;21:53;2011-81123;167.279;-22.904;
30/08/2021;01:06;2011-81123;167.352;-22.923;
30/08/2021;02:23;2011-81123;167.479;-22.995;
30/08/2021;02:45;2011-81123;167.484;-23.009;
30/08/2021;03:59;2011-81123;167.537;-23.052;
30/08/2021;07:12;2011-81123;167.754;-23.097;
30/08/2021;07:26;2011-81123;167.766;-23.104;
30/08/2021;08:30;2011-81123;167.761;-23.119;
30/08/2021;08:52;2011-81123;167.747;-23.139;
30/08/2021;13:47;2011-81123;168.005;-23.182;
30/08/2021;14:04;2011-81123;167.994;-23.158;
30/08/2021;15:26;2011-81123;168.063;-23.151;
30/08/2021;15:41;2011-81123;168.045;-23.149;
30/08/2021;19:50;2011-81123;168.07;-23.209;
30/08/2021;20:14;2011-81123;168.085;-23.234;
30/08/2021;21:26;2011-81123;168.105;-23.294;
30/08/2021;21:52;2011-81123;168.113;-23.305;
31/08/2021;02:14;2011-81123;168.103;-23.423;
31/08/2021;02:28;2011-81123;168.093;-23.458;
31/08/2021;03:53;2011-81123;168.106;-23.472;
31/08/2021;07:05;2011-81123;168.161;-23.528;
31/08/2021;08:05;2011-81123;168.051;-23.475;
31/08/2021;08:41;2011-81123;168.046;-23.478;
31/08/2021;09:48;2011-81123;168.059;-23.485;
31/08/2021;09:55;2011-81123;168.06;-23.483;
31/08/2021;13:32;2011-81123;168.098;-23.496;
31/08/2021;13:47;2011-81123;168.133;-23.479;
31/08/2021;15:12;2011-81123;168.106;-23.456;
31/08/2021;15:34;2011-81123;168.101;-23.457;
31/08/2021;19:20;2011-81123;168.074;-23.415;
31/08/2021;20:01;2011-81123;168.088;-23.429;
31/08/2021;21:04;2011-81123;168.104;-23.462;
31/08/2021;21:10;2011-81123;168.094;-23.459;
31/08/2021;21:40;2011-81123;168.095;-23.459;
01/09/2021;02:01;2011-81123;168.095;-23.471;
01/09/2021;02:20;2011-81123;168.106;-23.469;
01/09/2021;03:43;2011-81123;168.097;-23.463;
01/09/2021;03:59;2011-81123;168.097;-23.464;
01/09/2021;07:43;2011-81123;168.056;-23.437;
01/09/2021;08:28;2011-81123;168.058;-23.457;
01/09/2021;09:24;2011-81123;168.039;-23.419;
01/09/2021;09:41;2011-81123;168.045;-23.422;
01/09/2021;13:23;2011-81123;168.057;-23.438;
01/09/2021;13:44;2011-81123;168.059;-23.454;
01/09/2021;15:02;2011-81123;168.076;-23.471;
01/09/2021;15:21;2011-81123;168.075;-23.477;
01/09/2021;19:01;2011-81123;168.082;-23.478;
01/09/2021;19:52;2011-81123;168.077;-23.465;
01/09/2021;20:37;2011-81123;168.073;-23.464;
01/09/2021;20:50;2011-81123;168.086;-23.463;
02/09/2021;02:07;2011-81123;168.054;-23.452;
02/09/2021;03:32;2011-81123;168.08;-23.43;
02/09/2021;03:48;2011-81123;168.08;-23.428;
02/09/2021;07:23;2011-81123;168.088;-23.398;
02/09/2021;08:17;2011-81123;168.072;-23.374;
02/09/2021;09:00;2011-81123;168.069;-23.363;
02/09/2021;09:19;2011-81123;168.038;-23.394;
02/09/2021;13:10;2011-81123;168.046;-23.399;
02/09/2021;13:32;2011-81123;168.048;-23.42;
02/09/2021;14:53;2011-81123;168.078;-23.428;
02/09/2021;15:10;2011-81123;168.072;-23.425;
02/09/2021;15:47;2011-81123;168.078;-23.428;
02/09/2021;19:38;2011-81123;168.101;-23.411;
02/09/2021;20:14;2011-81123;168.1;-23.41;
02/09/2021;20:28;2011-81123;168.078;-23.409;
02/09/2021;21:18;2011-81123;168.072;-23.413;
02/09/2021;21:52;2011-81123;168.054;-23.402;
03/09/2021;02:00;2011-81123;168.088;-23.407;
03/09/2021;03:22;2011-81123;168.096;-23.396;
03/09/2021;03:40;2011-81123;168.096;-23.396;
03/09/2021;08:05;2011-81123;168.046;-23.388;
03/09/2021;08:34;2011-81123;168.041;-23.398;
03/09/2021;08:57;2011-81123;168.04;-23.404;
03/09/2021;09:50;2011-81123;168.036;-23.401;
03/09/2021;13:18;2011-81123;168.043;-23.424;
03/09/2021;14:41;2011-81123;168.062;-23.433;
03/09/2021;15:00;2011-81123;168.041;-23.424;
03/09/2021;15:21;2011-81123;168.048;-23.426;
03/09/2021;19:23;2011-81123;168.062;-23.418;
03/09/2021;19:46;2011-81123;168.062;-23.415;
03/09/2021;20:10;2011-81123;168.063;-23.417;
03/09/2021;21:03;2011-81123;168.064;-23.418;
03/09/2021;21:31;2011-81123;168.061;-23.417;
03/09/2021;21:44;2011-81123;168.047;-23.41;
04/09/2021;01:47;2011-81123;168.05;-23.374;
04/09/2021;03:07;2011-81123;168.086;-23.376;
04/09/2021;03:34;2011-81123;168.09;-23.377;
04/09/2021;07:59;2011-81123;168.149;-23.481;
04/09/2021;08:13;2011-81123;168.112;-23.466;
04/09/2021;09:37;2011-81123;168.112;-23.462;
04/09/2021;13:06;2011-81123;168.112;-23.487;
04/09/2021;14:28;2011-81123;168.098;-23.481;
04/09/2021;14:53;2011-81123;168.112;-23.469;
04/09/2021;21:08;2011-81123;168.036;-23.48;
04/09/2021;21:26;2011-81123;168.054;-23.466;
05/09/2021;01:40;2011-81123;168.044;-23.421;
05/09/2021;07:44;2011-81123;167.976;-23.314;
05/09/2021;07:53;2011-81123;167.984;-23.314;
05/09/2021;09:25;2011-81123;168.004;-23.252;
05/09/2021;09:31;2011-81123;167.857;-23.095;
05/09/2021;14:12;2011-81123;167.757;-23.006;
05/09/2021;14:39;2011-81123;167.766;-23.03;
05/09/2021;15:55;2011-81123;167.76;-23.009;
05/09/2021;20:35;2011-81123;167.733;-22.936;
05/09/2021;21:08;2011-81123;167.699;-22.949;
06/09/2021;01:36;2011-81123;167.57;-22.839;
06/09/2021;03:12;2011-81123;167.606;-22.869;
06/09/2021;07:30;2011-81123;167.426;-22.764;
06/09/2021;09:08;2011-81123;167.711;-22.919;
06/09/2021;09:08;2011-81123;167.71;-22.911;
06/09/2021;09:35;2011-81123;167.708;-22.9;
06/09/2021;20:31;2011-81123;167.599;-22.793;
06/09/2021;20:54;2011-81123;167.631;-22.817;
06/09/2021;21:59;2011-81123;167.645;-22.841;
07/09/2021;01:23;2011-81123;167.659;-22.891;
07/09/2021;02:38;2011-81123;167.859;-22.969;
07/09/2021;03:00;2011-81123;167.859;-22.969;
07/09/2021;07:22;2011-81123;168.06;-23.059;
07/09/2021;08:41;2011-81123;168.053;-23.069;
07/09/2021;08:54;2011-81123;168.105;-23.178;
07/09/2021;13:58;2011-81123;168.109;-23.443;
07/09/2021;14:21;2011-81123;168.067;-23.454;
07/09/2021;15:24;2011-81123;168.074;-23.48;
07/09/2021;15:38;2011-81123;168.077;-23.491;
07/09/2021;19:57;2011-81123;168.087;-23.504;
07/09/2021;20:20;2011-81123;168.093;-23.486;
07/09/2021;20:25;2011-81123;168.094;-23.487;
07/09/2021;21:36;2011-81123;168.113;-23.516;
07/09/2021;21:59;2011-81123;168.104;-23.507;
08/09/2021;01:06;2011-81123;168.226;-23.688;
08/09/2021;02:48;2011-81123;168.195;-23.768;
08/09/2021;08:22;2011-81123;168.34;-23.907;
08/09/2021;08:45;2011-81123;168.317;-23.869;
08/09/2021;08:56;2011-81123;168.313;-23.878;
08/09/2021;14:08;2011-81123;168.428;-24.04;
08/09/2021;14:08;2011-81123;168.428;-24.04;
08/09/2021;15:28;2011-81123;168.435;-24.045;
08/09/2021;20:06;2011-81123;168.526;-24.166;
08/09/2021;20:08;2011-81123;168.54;-24.178;
08/09/2021;21:16;2011-81123;168.622;-24.233;
08/09/2021;21:41;2011-81123;168.639;-24.24;
09/09/2021;02:18;2011-81123;168.791;-24.385;
09/09/2021;03:55;2011-81123;168.84;-24.442;
09/09/2021;07:55;2011-81123;168.964;-24.608;
09/09/2021;08:33;2011-81123;168.877;-24.546;
09/09/2021;08:34;2011-81123;168.877;-24.547;
09/09/2021;09:33;2011-81123;168.877;-24.556;
09/09/2021;15:12;2011-81123;168.858;-24.622;
10/09/2021;03:40;2011-81123;168.851;-24.652;
10/09/2021;08:27;2011-81123;169.068;-25.309;
11/09/2021;02:23;2011-81123;169.291;-25.982;
11/09/2021;08:09;2011-81123;169.629;-25.772;
11/09/2021;13:40;2011-81123;170.226;-26.165;
11/09/2021;20:06;2011-81123;170.587;-26.432;
11/09/2021;20:42;2011-81123;170.552;-26.413;
11/09/2021;21:14;2011-81123;170.566;-26.423;
12/09/2021;02:04;2011-81123;170.683;-26.506;
12/09/2021;08:01;2011-81123;170.794;-26.594;
12/09/2021;20:55;2011-81123;171.097;-26.904;
14/09/2021;13:02;2011-81123;172.177;-27.802;
14/09/2021;14:44;2011-81123;172.627;-27.629;
14/09/2021;15:58;2011-81123;172.723;-27.618;
15/09/2021;15:58;2011-81123;158.785994;-46.366811;out of domain 
28/08/2021;01:20;2011-81124;165.928;-22.121;
28/08/2021;02:46;2011-81124;166.83;-22.527;
28/08/2021;03:03;2011-81124;166.9;-22.499;
28/08/2021;07:38;2011-81124;166.964;-22.463;
28/08/2021;07:39;2011-81124;166.957;-22.454;
28/08/2021;09:25;2011-81124;166.966;-22.451;
28/08/2021;14:24;2011-81124;166.981;-22.435;
28/08/2021;20:33;2011-81124;166.989;-22.423;
28/08/2021;20:34;2011-81124;167.047;-22.433;
28/08/2021;20:34;2011-81124;166.996;-22.445;
29/08/2021;01:10;2011-81124;167.127;-22.627;
30/08/2021;01:10;2011-81124;158.785994;-46.366811;out of domain 
25/08/2021;03:21;2011-81125;166.929;-22.615;
25/08/2021;03:36;2011-81125;167.06;-22.589;
25/08/2021;08:20;2011-81125;167.093;-22.641;
25/08/2021;09:59;2011-81125;167.102;-22.663;
25/08/2021;19:34;2011-81125;167.191;-22.789;
25/08/2021;20:00;2011-81125;167.263;-22.817;
25/08/2021;21:11;2011-81125;167.332;-22.845;
25/08/2021;21:37;2011-81125;167.32;-22.861;
25/08/2021;21:40;2011-81125;167.342;-22.871;
26/08/2021;01:45;2011-81125;167.283;-22.886;
26/08/2021;03:04;2011-81125;167.275;-22.906;
26/08/2021;03:26;2011-81125;167.266;-22.916;
26/08/2021;07:58;2011-81125;167.226;-22.963;
26/08/2021;08:27;2011-81125;167.26;-22.962;
26/08/2021;19:19;2011-81125;167.39;-23.016;
26/08/2021;19:37;2011-81125;167.271;-22.905;
27/08/2021;19:37;2011-81125;158.785994;-46.366811;out of domain 
09/09/2021;02:18;2011-81126;167.192;-22.805;
09/09/2021;02:46;2011-81126;167.2;-22.806;
09/09/2021;03:57;2011-81126;167.232;-22.888;
09/09/2021;07:52;2011-81126;167.46;-22.976;
09/09/2021;08:33;2011-81126;167.509;-22.826;
09/09/2021;09:38;2011-81126;167.572;-22.791;
09/09/2021;13:35;2011-81126;167.828;-22.716;
09/09/2021;13:57;2011-81126;167.705;-22.885;
09/09/2021;15:14;2011-81126;167.755;-22.87;
09/09/2021;15:37;2011-81126;167.791;-22.859;
09/09/2021;19:56;2011-81126;167.879;-23.139;
09/09/2021;20:45;2011-81126;167.898;-23.149;
09/09/2021;21:26;2011-81126;167.932;-23.162;
10/09/2021;02:07;2011-81126;168.091;-23.247;
10/09/2021;02:27;2011-81126;168.129;-23.329;
10/09/2021;03:44;2011-81126;168.173;-23.344;
10/09/2021;07:31;2011-81126;168.212;-23.41;
10/09/2021;08:24;2011-81126;168.043;-23.482;
10/09/2021;09:15;2011-81126;168.108;-23.446;
10/09/2021;09:54;2011-81126;168.085;-23.484;
10/09/2021;13:45;2011-81126;168.055;-23.485;
10/09/2021;15:06;2011-81126;168.059;-23.463;
10/09/2021;15:29;2011-81126;168.072;-23.448;
10/09/2021;15:55;2011-81126;168.084;-23.338;
10/09/2021;19:45;2011-81126;168.199;-23.385;
10/09/2021;20:31;2011-81126;168.196;-23.277;
10/09/2021;21:08;2011-81126;168.215;-23.302;
10/09/2021;21:17;2011-81126;168.165;-23.259;
11/09/2021;02:16;2011-81126;168.463;-23.291;
11/09/2021;03:35;2011-81126;168.368;-23.346;
11/09/2021;08:09;2011-81126;168.415;-23.35;
11/09/2021;08:56;2011-81126;168.343;-23.368;
11/09/2021;09:27;2011-81126;168.224;-23.398;
11/09/2021;09:50;2011-81126;168.204;-23.41;
11/09/2021;13:11;2011-81126;167.962;-23.468;
11/09/2021;13:38;2011-81126;168.088;-23.424;
11/09/2021;14:54;2011-81126;168.019;-23.406;
11/09/2021;15:16;2011-81126;168.049;-23.414;
11/09/2021;15:25;2011-81126;168.038;-23.415;
11/09/2021;19:33;2011-81126;168.005;-23.429;
11/09/2021;20:07;2011-81126;168.012;-23.435;
11/09/2021;20:44;2011-81126;168.012;-23.436;
11/09/2021;21:14;2011-81126;168.011;-23.428;
11/09/2021;21:37;2011-81126;168.014;-23.429;
12/09/2021;01:46;2011-81126;168.021;-23.404;
12/09/2021;02:03;2011-81126;168.04;-23.346;
12/09/2021;03:22;2011-81126;167.991;-23.331;
12/09/2021;03:50;2011-81126;167.987;-23.327;
12/09/2021;07:10;2011-81126;168.004;-23.419;
12/09/2021;07:57;2011-81126;167.989;-23.422;
12/09/2021;08:25;2011-81126;168.048;-23.412;
12/09/2021;09:10;2011-81126;167.971;-23.434;
12/09/2021;09:42;2011-81126;168.039;-23.432;
12/09/2021;13:05;2011-81126;168.098;-23.436;
12/09/2021;13:30;2011-81126;168.088;-23.446;
12/09/2021;14:44;2011-81126;168.112;-23.463;
12/09/2021;15:06;2011-81126;168.114;-23.464;
12/09/2021;19:15;2011-81126;168.196;-23.506;
12/09/2021;19:39;2011-81126;168.081;-23.57;
12/09/2021;20:26;2011-81126;168.127;-23.504;
12/09/2021;20:59;2011-81126;168.272;-23.56;
12/09/2021;21:18;2011-81126;168.133;-23.643;
13/09/2021;01:57;2011-81126;168.366;-23.82;
13/09/2021;03:16;2011-81126;168.274;-23.849;
13/09/2021;07:53;2011-81126;168.344;-23.989;
13/09/2021;08:04;2011-81126;168.06;-23.972;
13/09/2021;13:12;2011-81126;168.099;-24.086;
13/09/2021;14:40;2011-81126;168.105;-23.841;
13/09/2021;20:05;2011-81126;168.16;-23.793;
13/09/2021;20:48;2011-81126;168.174;-23.785;
13/09/2021;21:42;2011-81126;168.221;-23.868;
14/09/2021;03:28;2011-81126;168.384;-23.955;
14/09/2021;09:12;2011-81126;168.364;-23.954;
14/09/2021;09:24;2011-81126;168.307;-24.011;
14/09/2021;13:06;2011-81126;168.182;-24.032;
14/09/2021;14:18;2011-81126;168.184;-24.027;
14/09/2021;14:44;2011-81126;168.217;-24.03;
14/09/2021;15:55;2011-81126;168.206;-24.044;
14/09/2021;20:34;2011-81126;168.248;-24.227;
14/09/2021;20:35;2011-81126;168.253;-24.225;
14/09/2021;21:23;2011-81126;168.226;-24.256;
15/09/2021;01:36;2011-81126;168.232;-24.375;
15/09/2021;02:54;2011-81126;168.234;-24.486;
15/09/2021;03:17;2011-81126;168.241;-24.5;
15/09/2021;07:25;2011-81126;168.174;-24.666;
15/09/2021;09:04;2011-81126;168.192;-24.664;
15/09/2021;09:46;2011-81126;168.17;-24.665;
15/09/2021;14:16;2011-81126;168.144;-24.785;
15/09/2021;14:32;2011-81126;168.135;-24.783;
15/09/2021;15:54;2011-81126;168.119;-24.817;
15/09/2021;20:08;2011-81126;168.18;-24.91;
15/09/2021;20:23;2011-81126;168.204;-24.921;
15/09/2021;21:02;2011-81126;168.198;-24.938;
15/09/2021;21:48;2011-81126;168.25;-24.981;
16/09/2021;01:29;2011-81126;168.311;-25.109;
16/09/2021;02:43;2011-81126;168.436;-25.119;
16/09/2021;03:06;2011-81126;168.437;-25.122;
16/09/2021;07:09;2011-81126;168.551;-25.216;
16/09/2021;07:14;2011-81126;168.523;-25.243;
16/09/2021;08:28;2011-81126;168.567;-25.276;
16/09/2021;08:56;2011-81126;168.561;-25.272;
16/09/2021;14:01;2011-81126;168.603;-25.353;
16/09/2021;14:28;2011-81126;168.586;-25.39;
16/09/2021;15:43;2011-81126;168.59;-25.424;
16/09/2021;19:40;2011-81126;168.676;-25.522;
16/09/2021;20:05;2011-81126;168.684;-25.531;
16/09/2021;21:22;2011-81126;168.689;-25.548;
16/09/2021;21:50;2011-81126;168.696;-25.558;
17/09/2021;02:32;2011-81126;168.694;-25.74;
17/09/2021;02:55;2011-81126;168.7;-25.792;
17/09/2021;08:40;2011-81126;168.74;-25.968;
17/09/2021;09:06;2011-81126;168.689;-25.973;
17/09/2021;13:48;2011-81126;168.646;-26.182;
17/09/2021;14:14;2011-81126;168.638;-26.167;
17/09/2021;15:26;2011-81126;168.641;-26.151;
17/09/2021;19:57;2011-81126;168.656;-26.259;
17/09/2021;21:01;2011-81126;168.623;-26.268;
17/09/2021;21:59;2011-81126;168.62;-26.283;
18/09/2021;01:01;2011-81126;168.602;-26.333;
18/09/2021;02:24;2011-81126;168.565;-26.341;
18/09/2021;02:44;2011-81126;168.56;-26.39;
18/09/2021;03:55;2011-81126;168.547;-26.41;
18/09/2021;08:29;2011-81126;168.655;-26.49;
18/09/2021;08:44;2011-81126;168.497;-26.481;
18/09/2021;13:42;2011-81126;168.517;-26.474;
18/09/2021;13:58;2011-81126;168.615;-26.482;
18/09/2021;15:20;2011-81126;168.73;-26.526;
18/09/2021;15:58;2011-81126;168.742;-26.535;
18/09/2021;19:00;2011-81126;168.8;-26.59;
18/09/2021;19:49;2011-81126;168.814;-26.607;
18/09/2021;20:02;2011-81126;168.818;-26.611;
18/09/2021;20:42;2011-81126;168.863;-26.644;
18/09/2021;21:25;2011-81126;168.888;-26.665;
18/09/2021;21:38;2011-81126;168.906;-26.695;
19/09/2021;02:07;2011-81126;169.049;-26.796;
19/09/2021;02:32;2011-81126;169.07;-26.793;
19/09/2021;03:47;2011-81126;169.057;-26.835;
19/09/2021;08:12;2011-81126;169.064;-26.822;
19/09/2021;13:57;2011-81126;169.283;-26.854;
19/09/2021;15:03;2011-81126;169.314;-26.859;
19/09/2021;15:33;2011-81126;169.315;-26.858;
19/09/2021;15:33;2011-81126;169.326;-26.862;
19/09/2021;19:34;2011-81126;169.414;-26.894;
19/09/2021;20:18;2011-81126;169.424;-26.913;
19/09/2021;21:13;2011-81126;169.492;-26.932;
19/09/2021;21:19;2011-81126;169.496;-26.935;
19/09/2021;21:55;2011-81126;169.507;-26.946;
20/09/2021;02:00;2011-81126;169.584;-27.082;
20/09/2021;02:21;2011-81126;169.561;-27.084;
20/09/2021;03:41;2011-81126;169.557;-27.117;
20/09/2021;07:14;2011-81126;169.659;-27.204;
20/09/2021;08:03;2011-81126;169.679;-27.257;
20/09/2021;09:51;2011-81126;169.65;-27.195;
20/09/2021;13:38;2011-81126;169.814;-27.371;
20/09/2021;14:57;2011-81126;169.747;-27.368;
20/09/2021;15:20;2011-81126;169.738;-27.385;
20/09/2021;19:25;2011-81126;169.765;-27.476;
20/09/2021;19:54;2011-81126;169.774;-27.496;
20/09/2021;20:57;2011-81126;169.747;-27.546;
20/09/2021;20:59;2011-81126;169.77;-27.559;
20/09/2021;21:30;2011-81126;169.764;-27.574;
21/09/2021;02:08;2011-81126;169.77;-27.769;
21/09/2021;03:28;2011-81126;169.742;-27.853;
21/09/2021;08:18;2011-81126;169.672;-28.032;
21/09/2021;09:33;2011-81126;169.729;-28.06;
21/09/2021;09:49;2011-81126;169.747;-28.019;
21/09/2021;13:07;2011-81126;169.739;-28.109;
21/09/2021;14:48;2011-81126;169.752;-28.047;
21/09/2021;15:12;2011-81126;169.758;-28.058;
21/09/2021;19:07;2011-81126;169.75;-28.142;
21/09/2021;19:26;2011-81126;169.783;-28.138;
21/09/2021;20:39;2011-81126;169.813;-28.186;
21/09/2021;20:53;2011-81126;169.828;-28.196;
21/09/2021;21:10;2011-81126;169.834;-28.207;
22/09/2021;02:02;2011-81126;169.908;-28.365;
22/09/2021;03:17;2011-81126;169.968;-28.419;
22/09/2021;03:42;2011-81126;169.97;-28.447;
22/09/2021;07:39;2011-81126;170.001;-28.563;
22/09/2021;07:51;2011-81126;170.001;-28.564;
22/09/2021;09:25;2011-81126;170.029;-28.604;
22/09/2021;09:25;2011-81126;170.047;-28.61;
22/09/2021;13:23;2011-81126;170.041;-28.624;
22/09/2021;14:40;2011-81126;170.113;-28.694;
22/09/2021;14:59;2011-81126;170.109;-28.699;
22/09/2021;19:00;2011-81126;170.183;-28.772;
22/09/2021;19:04;2011-81126;170.121;-28.698;
22/09/2021;20:37;2011-81126;170.152;-28.736;
22/09/2021;21:56;2011-81126;170.175;-28.797;
23/09/2021;01:53;2011-81126;170.292;-29.016;
23/09/2021;03:03;2011-81126;170.289;-29.092;
23/09/2021;03:30;2011-81126;170.301;-29.143;
23/09/2021;09:12;2011-81126;170.394;-29.421;
23/09/2021;09:12;2011-81126;170.394;-29.416;
23/09/2021;13:14;2011-81126;170.36;-29.381;
23/09/2021;14:32;2011-81126;170.366;-29.423;
23/09/2021;15:40;2011-81126;170.371;-29.432;
23/09/2021;19:57;2011-81126;170.384;-29.542;
23/09/2021;20:20;2011-81126;170.4;-29.566;
23/09/2021;20:23;2011-81126;170.399;-29.566;
23/09/2021;21:36;2011-81126;170.363;-29.616;
24/09/2021;01:39;2011-81126;170.432;-29.805;
24/09/2021;02:59;2011-81126;170.42;-29.863;
24/09/2021;03:26;2011-81126;170.409;-29.887;
24/09/2021;07:17;2011-81126;170.401;-30.026;
24/09/2021;07:18;2011-81126;170.375;-30.058;
24/09/2021;09:01;2011-81126;170.379;-30.135;
24/09/2021;14:11;2011-81126;170.382;-30.327;
24/09/2021;14:45;2011-81126;170.542;-30.145;
24/09/2021;15:59;2011-81126;170.542;-30.145;
24/09/2021;19:59;2011-81126;170.517;-30.273;
24/09/2021;20:11;2011-81126;170.563;-30.274;
24/09/2021;21:18;2011-81126;170.576;-30.271;
24/09/2021;21:36;2011-81126;170.591;-30.269;
25/09/2021;01:28;2011-81126;170.589;-30.326;
25/09/2021;02:43;2011-81126;170.725;-30.464;
25/09/2021;03:09;2011-81126;170.733;-30.485;
25/09/2021;06:59;2011-81126;170.872;-30.647;
25/09/2021;08:44;2011-81126;170.867;-30.686;
25/09/2021;09:42;2011-81126;170.794;-30.771;
25/09/2021;14:04;2011-81126;170.809;-30.864;
25/09/2021;14:32;2011-81126;170.808;-30.864;
25/09/2021;15:44;2011-81126;170.81;-30.928;
25/09/2021;19:38;2011-81126;170.924;-31.033;
25/09/2021;20:04;2011-81126;170.817;-31.058;
25/09/2021;20:58;2011-81126;170.814;-31.095;
25/09/2021;21:14;2011-81126;170.99;-31.132;
26/09/2021;01:19;2011-81126;171.047;-31.374;
26/09/2021;02:35;2011-81126;171.038;-31.479;
26/09/2021;03:05;2011-81126;171.038;-31.483;
26/09/2021;09:17;2011-81126;171.19;-31.863;
26/09/2021;13:57;2011-81126;171.272;-32.095;
26/09/2021;14:22;2011-81126;171.137;-31.819;
26/09/2021;15:38;2011-81126;171.087;-31.93;
26/09/2021;19:12;2011-81126;171.025;-31.958;
26/09/2021;19:54;2011-81126;171.055;-31.931;
26/09/2021;20:38;2011-81126;171.014;-31.919;
26/09/2021;20:55;2011-81126;171.016;-31.942;
26/09/2021;21:32;2011-81126;171.013;-31.955;
27/09/2021;01:08;2011-81126;170.991;-32.073;
27/09/2021;02:21;2011-81126;170.894;-32.189;
27/09/2021;02:47;2011-81126;170.865;-32.215;
27/09/2021;03:59;2011-81126;170.831;-32.275;
27/09/2021;07:32;2011-81126;170.655;-32.489;
27/09/2021;08:17;2011-81126;170.616;-32.5;
27/09/2021;08:59;2011-81126;170.624;-32.5;
27/09/2021;09:16;2011-81126;170.66;-32.508;
27/09/2021;13:43;2011-81126;170.619;-32.607;
27/09/2021;19:40;2011-81126;170.555;-32.719;
27/09/2021;20:17;2011-81126;170.54;-32.712;
27/09/2021;20:30;2011-81126;170.604;-32.691;
27/09/2021;21:18;2011-81126;170.571;-32.698;
27/09/2021;21:54;2011-81126;170.562;-32.708;
28/09/2021;02:13;2011-81126;170.535;-32.864;
28/09/2021;03:54;2011-81126;170.581;-33.053;
28/09/2021;08:12;2011-81126;170.545;-33.279;
28/09/2021;09:51;2011-81126;170.535;-33.364;
28/09/2021;13:34;2011-81126;170.502;-33.464;
28/09/2021;14:02;2011-81126;170.512;-33.456;
28/09/2021;15:18;2011-81126;170.537;-33.48;
28/09/2021;20:04;2011-81126;170.577;-33.553;
29/09/2021;02:25;2011-81126;171.017;-33.782;
29/09/2021;03:41;2011-81126;171.041;-33.811;
29/09/2021;07:00;2011-81126;171.111;-33.91;
29/09/2021;08:24;2011-81126;171.111;-33.919;
29/09/2021;09:35;2011-81126;171.188;-33.938;
29/09/2021;13:22;2011-81126;171.549;-33.991;
29/09/2021;13:49;2011-81126;171.561;-33.982;
29/09/2021;15:02;2011-81126;171.61;-33.975;
29/09/2021;19:20;2011-81126;171.689;-33.979;
29/09/2021;19:40;2011-81126;171.703;-33.987;
29/09/2021;21:00;2011-81126;171.722;-34.067;
29/09/2021;21:22;2011-81126;171.717;-34.075;
30/09/2021;01:52;2011-81126;171.895;-34.21;
30/09/2021;02:17;2011-81126;171.885;-34.287;
30/09/2021;03:29;2011-81126;171.902;-34.268;
30/09/2021;03:58;2011-81126;171.903;-34.268;
30/09/2021;07:41;2011-81126;171.888;-34.259;
30/09/2021;08:03;2011-81126;171.82;-34.259;
30/09/2021;09:40;2011-81126;171.901;-34.269;
30/09/2021;13:09;2011-81126;171.954;-34.301;
30/09/2021;13:39;2011-81126;171.874;-34.308;
30/09/2021;14:50;2011-81126;171.852;-34.393;
30/09/2021;19:09;2011-81126;171.895;-34.51;
30/09/2021;19:16;2011-81126;171.778;-34.377;
30/09/2021;20:57;2011-81126;171.789;-34.39;
30/09/2021;20:57;2011-81126;171.811;-34.428;
01/10/2021;01:37;2011-81126;171.926;-34.432;
01/10/2021;02:02;2011-81126;171.931;-34.416;
01/10/2021;03:18;2011-81126;171.917;-34.375;
01/10/2021;03:47;2011-81126;171.947;-34.367;
01/10/2021;07:33;2011-81126;171.982;-34.367;
01/10/2021;09:11;2011-81126;172.051;-34.416;
01/10/2021;09:13;2011-81126;172.064;-34.416;
01/10/2021;09:16;2011-81126;172.065;-34.418;
01/10/2021;13:00;2011-81126;172.138;-34.463;
01/10/2021;13:24;2011-81126;172.138;-34.469;
01/10/2021;14:35;2011-81126;172.193;-34.488;
01/10/2021;15:12;2011-81126;172.208;-34.5;
01/10/2021;15:42;2011-81126;172.221;-34.51;
01/10/2021;20:33;2011-81126;172.316;-34.488;
01/10/2021;20:35;2011-81126;172.317;-34.485;
02/10/2021;01:57;2011-81126;172.316;-34.553;
02/10/2021;03:05;2011-81126;172.316;-34.577;
02/10/2021;03:37;2011-81126;172.309;-34.598;
02/10/2021;07:12;2011-81126;172.312;-34.589;
02/10/2021;07:15;2011-81126;172.319;-34.609;
02/10/2021;07:25;2011-81126;172.311;-34.602;
02/10/2021;08:55;2011-81126;172.302;-34.546;
02/10/2021;09:01;2011-81126;172.324;-34.533;
02/10/2021;13:19;2011-81126;172.308;-34.563;
02/10/2021;14:31;2011-81126;172.3;-34.569;
02/10/2021;14:59;2011-81126;172.362;-34.584;
02/10/2021;20:11;2011-81126;172.337;-34.65;
02/10/2021;20:23;2011-81126;172.34;-34.644;
03/10/2021;01:47;2011-81126;172.41;-34.641;
03/10/2021;02:57;2011-81126;172.405;-34.641;
03/10/2021;03:28;2011-81126;172.404;-34.636;
03/10/2021;07:00;2011-81126;172.405;-34.635;
03/10/2021;07:06;2011-81126;172.391;-34.625;
03/10/2021;08:32;2011-81126;172.399;-34.623;
03/10/2021;08:48;2011-81126;172.431;-34.627;
03/10/2021;13:13;2011-81126;172.513;-34.566;
03/10/2021;14:19;2011-81126;172.561;-34.628;
03/10/2021;14:50;2011-81126;172.584;-34.616;
03/10/2021;15:59;2011-81126;172.617;-34.627;
03/10/2021;19:47;2011-81126;172.5;-34.667;
03/10/2021;19:55;2011-81126;172.511;-34.68;
03/10/2021;20:13;2011-81126;172.514;-34.683;
03/10/2021;21:25;2011-81126;172.512;-34.671;
03/10/2021;21:29;2011-81126;172.515;-34.669;
04/10/2021;01:35;2011-81126;172.455;-34.767;
04/10/2021;02:45;2011-81126;172.488;-34.771;
04/10/2021;03:16;2011-81126;172.482;-34.774;
04/10/2021;08:05;2011-81126;172.476;-34.772;
04/10/2021;08:36;2011-81126;172.442;-34.767;
04/10/2021;09:44;2011-81126;172.524;-34.717;
04/10/2021;09:55;2011-81126;172.519;-34.718;
04/10/2021;13:02;2011-81126;172.591;-34.679;
04/10/2021;14:05;2011-81126;172.619;-34.672;
04/10/2021;14:44;2011-81126;172.627;-34.663;
04/10/2021;15:46;2011-81126;172.642;-34.66;
04/10/2021;19:24;2011-81126;172.569;-34.696;
04/10/2021;19:35;2011-81126;172.677;-34.66;
04/10/2021;20:01;2011-81126;172.536;-34.687;
04/10/2021;21:04;2011-81126;172.516;-34.673;
04/10/2021;21:10;2011-81126;172.519;-34.667;
05/10/2021;01:25;2011-81126;172.43;-34.612;
05/10/2021;02:37;2011-81126;172.441;-34.634;
05/10/2021;03:04;2011-81126;172.422;-34.652;
05/10/2021;07:39;2011-81126;172.414;-34.629;
05/10/2021;08:25;2011-81126;172.431;-34.623;
05/10/2021;09:22;2011-81126;172.412;-34.59;
05/10/2021;09:29;2011-81126;172.441;-34.589;
05/10/2021;14:28;2011-81126;172.467;-34.512;
05/10/2021;15:35;2011-81126;172.489;-34.476;
05/10/2021;15:52;2011-81126;172.489;-34.509;
05/10/2021;19:02;2011-81126;172.517;-34.507;
05/10/2021;19:49;2011-81126;172.503;-34.532;
05/10/2021;20:42;2011-81126;172.496;-34.525;
05/10/2021;20:52;2011-81126;172.519;-34.523;
06/10/2021;01:14;2011-81126;172.461;-34.358;
06/10/2021;02:27;2011-81126;172.469;-34.35;
06/10/2021;02:54;2011-81126;172.463;-34.355;
06/10/2021;07:18;2011-81126;172.454;-34.331;
06/10/2021;08:13;2011-81126;172.473;-34.394;
06/10/2021;08:59;2011-81126;172.49;-34.384;
06/10/2021;09:12;2011-81126;172.483;-34.385;
06/10/2021;09:53;2011-81126;172.487;-34.367;
06/10/2021;13:51;2011-81126;172.496;-34.37;
06/10/2021;14:20;2011-81126;172.499;-34.365;
06/10/2021;15:31;2011-81126;172.495;-34.395;
06/10/2021;15:31;2011-81126;172.485;-34.393;
06/10/2021;19:37;2011-81126;172.48;-34.405;
06/10/2021;20:16;2011-81126;172.479;-34.413;
06/10/2021;20:27;2011-81126;172.479;-34.415;
06/10/2021;21:16;2011-81126;172.468;-34.413;
07/10/2021;01:04;2011-81126;172.493;-34.366;
07/10/2021;02:15;2011-81126;172.462;-34.336;
07/10/2021;02:45;2011-81126;172.474;-34.336;
07/10/2021;03:43;2011-81126;172.475;-34.331;
07/10/2021;03:53;2011-81126;172.464;-34.35;
07/10/2021;07:04;2011-81126;172.41;-34.447;
07/10/2021;08:01;2011-81126;172.408;-34.448;
07/10/2021;08:38;2011-81126;172.405;-34.446;
07/10/2021;08:52;2011-81126;172.408;-34.446;
07/10/2021;09:42;2011-81126;172.397;-34.447;
07/10/2021;13:38;2011-81126;172.413;-34.426;
07/10/2021;14:08;2011-81126;172.446;-34.387;
07/10/2021;15:00;2011-81126;172.459;-34.368;
07/10/2021;15:15;2011-81126;172.459;-34.376;
07/10/2021;19:25;2011-81126;172.426;-34.43;
07/10/2021;19:54;2011-81126;172.425;-34.448;
07/10/2021;20:10;2011-81126;172.435;-34.458;
07/10/2021;21:02;2011-81126;172.443;-34.453;
07/10/2021;21:32;2011-81126;172.441;-34.453;
07/10/2021;21:44;2011-81126;172.425;-34.446;
08/10/2021;02:02;2011-81126;172.329;-34.396;
08/10/2021;02:33;2011-81126;172.33;-34.347;
08/10/2021;03:41;2011-81126;172.361;-34.37;
08/10/2021;07:48;2011-81126;172.322;-34.435;
08/10/2021;08:12;2011-81126;172.328;-34.439;
08/10/2021;09:29;2011-81126;172.339;-34.431;
08/10/2021;09:51;2011-81126;172.337;-34.436;
08/10/2021;13:27;2011-81126;172.418;-34.381;
08/10/2021;13:57;2011-81126;172.405;-34.363;
08/10/2021;15:07;2011-81126;172.418;-34.348;
08/10/2021;19:12;2011-81126;172.46;-34.358;
08/10/2021;19:29;2011-81126;172.369;-34.389;
08/10/2021;19:51;2011-81126;172.425;-34.359;
08/10/2021;20:54;2011-81126;172.317;-34.419;
08/10/2021;21:07;2011-81126;172.31;-34.422;
08/10/2021;21:27;2011-81126;172.314;-34.42;
09/10/2021;01:54;2011-81126;172.352;-34.246;
09/10/2021;02:24;2011-81126;172.402;-34.246;
09/10/2021;03:34;2011-81126;172.387;-34.258;
09/10/2021;07:37;2011-81126;172.459;-34.317;
09/10/2021;07:49;2011-81126;172.459;-34.319;
09/10/2021;09:18;2011-81126;172.486;-34.372;
09/10/2021;09:27;2011-81126;172.489;-34.379;
09/10/2021;09:53;2011-81126;172.507;-34.377;
09/10/2021;13:17;2011-81126;172.621;-34.435;
09/10/2021;13:43;2011-81126;172.689;-34.403;
09/10/2021;14:53;2011-81126;172.661;-34.409;
09/10/2021;15:54;2011-81126;172.676;-34.413;
09/10/2021;19:03;2011-81126;172.742;-34.407;
09/10/2021;19:07;2011-81126;172.603;-34.341;
09/10/2021;19:31;2011-81126;172.604;-34.341;
09/10/2021;20:41;2011-81126;172.606;-34.357;
09/10/2021;20:48;2011-81126;172.526;-34.286;
09/10/2021;21:07;2011-81126;172.513;-34.282;
10/10/2021;02:17;2011-81126;172.465;-34.269;
10/10/2021;03:23;2011-81126;172.464;-34.297;
10/10/2021;07:25;2011-81126;172.482;-34.329;
10/10/2021;09:33;2011-81126;172.477;-34.361;
10/10/2021;13:36;2011-81126;172.516;-34.395;
10/10/2021;14:40;2011-81126;172.508;-34.411;
10/10/2021;15:18;2011-81126;172.447;-34.384;
10/10/2021;15:30;2011-81126;172.448;-34.384;
10/10/2021;20:22;2011-81126;172.325;-34.417;
10/10/2021;20:31;2011-81126;172.327;-34.407;
10/10/2021;20:49;2011-81126;172.287;-34.399;
11/10/2021;01:33;2011-81126;172.184;-34.417;
11/10/2021;02:03;2011-81126;172.402;-34.395;
11/10/2021;03:08;2011-81126;172.39;-34.39;
11/10/2021;03:45;2011-81126;172.366;-34.385;
11/10/2021;07:02;2011-81126;172.284;-34.395;
11/10/2021;07:09;2011-81126;172.312;-34.416;
11/10/2021;07:10;2011-81126;172.311;-34.399;
11/10/2021;08:40;2011-81126;172.412;-34.497;
11/10/2021;08:53;2011-81126;172.409;-34.495;
11/10/2021;09:10;2011-81126;172.413;-34.499;
11/10/2021;13:27;2011-81126;172.44;-34.491;
11/10/2021;14:35;2011-81126;172.437;-34.504;
11/10/2021;15:03;2011-81126;172.441;-34.484;
11/10/2021;19:59;2011-81126;172.322;-34.541;
11/10/2021;20:19;2011-81126;172.341;-34.539;
11/10/2021;20:26;2011-81126;172.347;-34.543;
11/10/2021;21:41;2011-81126;172.34;-34.558;
12/10/2021;01:52;2011-81126;172.342;-34.52;
12/10/2021;03:02;2011-81126;172.356;-34.499;
12/10/2021;03:35;2011-81126;172.359;-34.485;
12/10/2021;08:20;2011-81126;172.402;-34.551;
12/10/2021;08:39;2011-81126;172.401;-34.584;
12/10/2021;08:48;2011-81126;172.404;-34.584;
12/10/2021;09:55;2011-81126;172.415;-34.605;
12/10/2021;13:14;2011-81126;172.53;-34.524;
12/10/2021;14:24;2011-81126;172.533;-34.469;
12/10/2021;19:35;2011-81126;172.572;-34.455;
12/10/2021;20:04;2011-81126;172.311;-34.403;
12/10/2021;21:14;2011-81126;172.289;-34.375;
12/10/2021;21:43;2011-81126;172.232;-34.381;
13/10/2021;01:40;2011-81126;172.218;-34.272;
13/10/2021;02:49;2011-81126;172.286;-34.244;
13/10/2021;03:23;2011-81126;172.332;-34.213;
13/10/2021;07:56;2011-81126;172.341;-34.205;
13/10/2021;08:32;2011-81126;172.343;-34.206;
13/10/2021;09:34;2011-81126;172.333;-34.214;
13/10/2021;13:03;2011-81126;172.307;-34.242;
13/10/2021;14:09;2011-81126;172.315;-34.208;
13/10/2021;15:52;2011-81126;172.307;-34.161;
13/10/2021;19:14;2011-81126;172.392;-34.172;
13/10/2021;19:47;2011-81126;172.406;-34.17;
13/10/2021;19:55;2011-81126;172.416;-34.176;
13/10/2021;20:54;2011-81126;172.426;-34.159;
13/10/2021;21:26;2011-81126;172.429;-34.165;
13/10/2021;21:32;2011-81126;172.446;-34.151;
14/10/2021;01:29;2011-81126;172.498;-34.133;
14/10/2021;02:39;2011-81126;172.637;-34.087;
14/10/2021;03:16;2011-81126;172.667;-34.087;
14/10/2021;08:18;2011-81126;172.696;-34.213;
14/10/2021;09:11;2011-81126;172.681;-34.255;
14/10/2021;09:43;2011-81126;172.703;-34.285;
14/10/2021;09:56;2011-81126;172.709;-34.297;
14/10/2021;14:00;2011-81126;172.846;-34.356;
14/10/2021;14:34;2011-81126;172.918;-34.351;
14/10/2021;15:33;2011-81126;172.992;-34.369;
14/10/2021;15:42;2011-81126;172.996;-34.351;
14/10/2021;19:38;2011-81126;173.339;-34.384;
14/10/2021;20:32;2011-81126;173.328;-34.376;
14/10/2021;21:05;2011-81126;173.152;-34.361;
15/10/2021;01:21;2011-81126;173.149;-34.451;
15/10/2021;02:31;2011-81126;173.129;-34.526;
15/10/2021;03:03;2011-81126;173.175;-34.546;
15/10/2021;08:07;2011-81126;173.211;-34.695;
15/10/2021;08:45;2011-81126;173.194;-34.709;
15/10/2021;09:27;2011-81126;173.215;-34.728;
15/10/2021;09:51;2011-81126;173.218;-34.739;
15/10/2021;13:52;2011-81126;173.321;-34.83;
15/10/2021;14:24;2011-81126;173.362;-34.845;
15/10/2021;15:08;2011-81126;173.378;-34.868;
15/10/2021;15:32;2011-81126;173.314;-34.847;
15/10/2021;19:29;2011-81126;173.209;-34.737;
15/10/2021;20:05;2011-81126;173.201;-34.73;
15/10/2021;20:41;2011-81126;173.156;-34.72;
15/10/2021;21:07;2011-81126;173.14;-34.714;
16/10/2021;01:09;2011-81126;173.065;-34.674;
16/10/2021;02:18;2011-81126;173.014;-34.649;
16/10/2021;02:49;2011-81126;173.044;-34.615;
16/10/2021;03:54;2011-81126;173.034;-34.589;
16/10/2021;07:53;2011-81126;173.035;-34.574;
16/10/2021;08:22;2011-81126;173.055;-34.577;
16/10/2021;09:04;2011-81126;173.054;-34.57;
16/10/2021;09:35;2011-81126;173.132;-34.615;
16/10/2021;13:43;2011-81126;173.105;-34.421;
16/10/2021;14:17;2011-81126;173.118;-34.412;
16/10/2021;15:23;2011-81126;173.14;-34.402;
16/10/2021;19:17;2011-81126;173.138;-34.4;
16/10/2021;19:39;2011-81126;173.219;-34.332;
16/10/2021;20:25;2011-81126;172.963;-34.257;
16/10/2021;20:55;2011-81126;173.057;-34.381;
17/10/2021;02:08;2011-81126;172.525;-34.101;
17/10/2021;02:40;2011-81126;172.622;-34.219;
17/10/2021;03:48;2011-81126;172.705;-34.255;
17/10/2021;07:41;2011-81126;172.638;-34.237;
17/10/2021;08:01;2011-81126;172.638;-34.237;
17/10/2021;09:25;2011-81126;172.61;-34.236;
17/10/2021;09:46;2011-81126;172.629;-34.237;
17/10/2021;13:30;2011-81126;172.58;-34.215;
17/10/2021;14:07;2011-81126;172.608;-34.215;
17/10/2021;15:11;2011-81126;172.663;-34.2;
17/10/2021;15:57;2011-81126;172.669;-34.195;
17/10/2021;19:06;2011-81126;172.683;-34.176;
17/10/2021;19:17;2011-81126;172.69;-34.177;
17/10/2021;20:04;2011-81126;172.689;-34.176;
17/10/2021;20:48;2011-81126;172.64;-34.204;
17/10/2021;21:03;2011-81126;172.63;-34.205;
17/10/2021;21:43;2011-81126;172.619;-34.199;
18/10/2021;02:31;2011-81126;172.551;-34.212;
18/10/2021;07:28;2011-81126;172.507;-34.222;
18/10/2021;09:21;2011-81126;172.505;-34.224;
18/10/2021;13:54;2011-81126;172.325;-34.366;
18/10/2021;20:32;2011-81126;172.191;-34.393;
18/10/2021;20:32;2011-81126;172.246;-34.396;
18/10/2021;21:24;2011-81126;172.272;-34.429;
19/10/2021;02:19;2011-81126;172.333;-34.489;
19/10/2021;07:13;2011-81126;172.356;-34.59;
19/10/2021;07:13;2011-81126;172.326;-34.596;
19/10/2021;09:48;2011-81126;172.358;-34.619;
19/10/2021;13:07;2011-81126;172.362;-34.814;
19/10/2021;13:45;2011-81126;172.365;-34.826;
19/10/2021;14:51;2011-81126;172.378;-34.861;
19/10/2021;21:03;2011-81126;172.615;-34.998;
20/10/2021;02:08;2011-81126;172.697;-35.102;
20/10/2021;03:12;2011-81126;172.719;-35.078;
20/10/2021;07:04;2011-81126;172.682;-35.092;
20/10/2021;08:46;2011-81126;172.683;-35.083;
20/10/2021;09:22;2011-81126;172.693;-35.085;
20/10/2021;13:36;2011-81126;172.727;-35.135;
20/10/2021;14:41;2011-81126;172.695;-35.129;
20/10/2021;19:49;2011-81126;172.696;-35.116;
20/10/2021;20:12;2011-81126;172.695;-35.116;
20/10/2021;20:40;2011-81126;172.69;-35.112;
20/10/2021;21:32;2011-81126;172.689;-35.113;
21/10/2021;01:20;2011-81126;172.69;-35.097;
21/10/2021;01:58;2011-81126;172.698;-35.046;
21/10/2021;03:01;2011-81126;172.693;-35.044;
21/10/2021;03:35;2011-81126;172.682;-35.017;
21/10/2021;08:05;2011-81126;172.621;-34.955;
21/10/2021;08:35;2011-81126;172.676;-35.041;
21/10/2021;08:58;2011-81126;172.652;-35.037;
21/10/2021;09:47;2011-81126;172.641;-35.03;
21/10/2021;13:18;2011-81126;172.646;-35.053;
21/10/2021;14:22;2011-81126;172.63;-35.017;
21/10/2021;15:01;2011-81126;172.635;-35.077;
21/10/2021;19:26;2011-81126;172.648;-35.071;
21/10/2021;19:58;2011-81126;172.729;-35.066;
21/10/2021;20:20;2011-81126;172.696;-35.058;
21/10/2021;21:04;2011-81126;172.734;-35.08;
22/10/2021;01:44;2011-81126;172.771;-35.195;
22/10/2021;02:53;2011-81126;172.785;-35.213;
22/10/2021;03:32;2011-81126;172.803;-35.226;
22/10/2021;08:22;2011-81126;172.799;-35.31;
22/10/2021;09:20;2011-81126;172.816;-35.298;
22/10/2021;13:07;2011-81126;172.882;-35.356;
22/10/2021;14:18;2011-81126;172.79;-35.446;
22/10/2021;15:42;2011-81126;172.793;-35.497;
22/10/2021;15:56;2011-81126;172.793;-35.506;
22/10/2021;19:43;2011-81126;172.792;-35.634;
22/10/2021;20:03;2011-81126;172.818;-35.637;
22/10/2021;20:43;2011-81126;172.987;-35.618;
23/10/2021;01:36;2011-81126;173.092;-35.682;
23/10/2021;02:41;2011-81126;173.101;-35.633;
23/10/2021;03:13;2011-81126;173.124;-35.632;
23/10/2021;08:12;2011-81126;173.138;-35.781;
23/10/2021;08:53;2011-81126;173.171;-35.786;
23/10/2021;09:48;2011-81126;173.174;-35.781;
23/10/2021;13:03;2011-81126;173.166;-35.784;
23/10/2021;14:05;2011-81126;173.236;-35.817;
23/10/2021;14:42;2011-81126;173.25;-35.828;
23/10/2021;15:46;2011-81126;173.294;-35.848;
23/10/2021;20:18;2011-81126;173.429;-35.934;
24/10/2021;03:08;2011-81126;173.621;-36.06;
24/10/2021;07:57;2011-81126;173.781;-36.159;
24/10/2021;13:55;2011-81126;173.884;-36.345;
24/10/2021;14:31;2011-81126;173.881;-36.384;
24/10/2021;15:35;2011-81126;173.908;-36.429;
24/10/2021;19:24;2011-81126;174.001;-36.579;
24/10/2021;19:56;2011-81126;174;-36.586;
25/10/2021;01:16;2011-81126;174.064;-36.466;
25/10/2021;02:21;2011-81126;174.009;-36.447;
25/10/2021;02:56;2011-81126;174.006;-36.447;
25/10/2021;07:44;2011-81126;173.831;-36.271;
25/10/2021;08:08;2011-81126;173.832;-36.271;
25/10/2021;09:28;2011-81126;173.77;-36.224;
25/10/2021;13:46;2011-81126;173.607;-36.187;
25/10/2021;14:24;2011-81126;173.515;-36.113;
25/10/2021;15:23;2011-81126;173.452;-36.07;
25/10/2021;19:09;2011-81126;173.215;-35.919;
25/10/2021;21:14;2011-81126;173.331;-35.91;
26/10/2021;02:08;2011-81126;173.137;-35.699;
26/10/2021;02:47;2011-81126;173.032;-35.744;
26/10/2021;03:51;2011-81126;173.075;-35.669;
26/10/2021;07:46;2011-81126;172.948;-35.534;
26/10/2021;09:16;2011-81126;172.934;-35.512;
26/10/2021;09:29;2011-81126;172.926;-35.505;
26/10/2021;14:12;2011-81126;172.786;-35.374;
26/10/2021;15:14;2011-81126;172.761;-35.384;
26/10/2021;15:45;2011-81126;172.745;-35.376;
26/10/2021;19:08;2011-81126;172.621;-35.265;
26/10/2021;20:40;2011-81126;172.571;-35.19;
26/10/2021;20:48;2011-81126;172.652;-35.206;
27/10/2021;01:56;2011-81126;172.521;-35.003;
27/10/2021;02:32;2011-81126;172.505;-34.997;
27/10/2021;03:43;2011-81126;172.483;-34.961;
27/10/2021;07:18;2011-81126;172.385;-34.858;
27/10/2021;09:00;2011-81126;172.377;-34.839;
27/10/2021;13:21;2011-81126;172.235;-34.665;
27/10/2021;13:59;2011-81126;172.202;-34.611;
27/10/2021;15:18;2011-81126;172.426;-34.544;
28/10/2021;02:24;2011-81126;172.733;-34.147;
28/10/2021;03:26;2011-81126;172.717;-34.096;
28/10/2021;08:40;2011-81126;172.676;-34.112;
28/10/2021;08:53;2011-81126;172.676;-34.112;
28/10/2021;14:54;2011-81126;172.721;-33.907;
28/10/2021;20:15;2011-81126;172.715;-33.815;
29/10/2021;02:09;2011-81126;172.745;-33.624;
29/10/2021;03:18;2011-81126;172.718;-33.718;
29/10/2021;08:22;2011-81126;173.04;-33.892;
29/10/2021;08:39;2011-81126;172.67;-33.924;
29/10/2021;19:37;2011-81126;173.397;-34.248;
29/10/2021;19:59;2011-81126;173.405;-34.253;
30/10/2021;02:06;2011-81126;173.523;-34.521;
30/10/2021;03:08;2011-81126;173.566;-34.554;
30/10/2021;09:34;2011-81126;173.752;-34.716;
30/10/2021;15:50;2011-81126;173.785;-34.771;
30/10/2021;19:15;2011-81126;173.984;-34.939;
01/11/2021;03:20;2011-81126;173.139;-34.373;
02/11/2021;03:20;2011-81126;158.785994;-46.366811;out of domain 
31/08/2021;02:18;2011-84485;167.199;-22.395;
31/08/2021;02:30;2011-84485;167.186;-22.632;
31/08/2021;03:53;2011-84485;167.194;-22.633;
31/08/2021;13:50;2011-84485;167.232;-22.754;
31/08/2021;19:23;2011-84485;167.229;-22.832;
31/08/2021;19:59;2011-84485;167.241;-22.807;
31/08/2021;20:59;2011-84485;167.237;-22.866;
31/08/2021;21:19;2011-84485;167.24;-22.866;
31/08/2021;21:42;2011-84485;167.255;-22.89;
01/09/2021;02:03;2011-84485;167.284;-23.026;
01/09/2021;02:16;2011-84485;167.283;-23.024;
01/09/2021;03:45;2011-84485;167.289;-23.041;
01/09/2021;08:32;2011-84485;167.298;-23.143;
01/09/2021;09:25;2011-84485;167.709;-22.934;
01/09/2021;15:23;2011-84485;167.341;-23.345;
01/09/2021;20:48;2011-84485;167.359;-23.483;
18/09/2021;08:34;2011-84485;168.903;-34.301;
19/09/2021;02:12;2011-84485;167.831;-25.9;
19/09/2021;02:31;2011-84485;168.082;-25.893;
19/09/2021;03:48;2011-84485;168.01;-25.978;
19/09/2021;08:15;2011-84485;168.29;-26.248;
19/09/2021;13:31;2011-84485;167.883;-26.205;
19/09/2021;13:54;2011-84485;167.879;-26.149;
19/09/2021;15:32;2011-84485;167.933;-26.143;
19/09/2021;20:20;2011-84485;167.95;-25.955;
19/09/2021;21:15;2011-84485;167.865;-26.201;
19/09/2021;21:20;2011-84485;168.032;-26.218;
19/09/2021;21:52;2011-84485;168.051;-26.23;
20/09/2021;08:02;2011-84485;168.152;-26.506;
20/09/2021;08:39;2011-84485;168.375;-26.442;
20/09/2021;09:40;2011-84485;168.399;-26.488;
20/09/2021;09:43;2011-84485;168.4;-26.488;
20/09/2021;13:19;2011-84485;168.407;-26.583;
20/09/2021;13:37;2011-84485;168.44;-26.598;
20/09/2021;15:00;2011-84485;168.456;-26.597;
20/09/2021;15:13;2011-84485;168.455;-26.597;
20/09/2021;15:23;2011-84485;168.455;-26.596;
20/09/2021;19:27;2011-84485;168.544;-26.661;
20/09/2021;19:48;2011-84485;168.55;-26.668;
20/09/2021;21:01;2011-84485;168.564;-26.74;
20/09/2021;21:05;2011-84485;168.588;-26.74;
20/09/2021;21:31;2011-84485;168.602;-26.756;
21/09/2021;01:47;2011-84485;168.695;-26.892;
21/09/2021;02:13;2011-84485;168.691;-26.893;
21/09/2021;03:22;2011-84485;168.721;-26.934;
21/09/2021;03:53;2011-84485;168.697;-26.956;
21/09/2021;07:47;2011-84485;168.811;-27.025;
21/09/2021;08:08;2011-84485;168.698;-26.98;
21/09/2021;09:24;2011-84485;168.823;-27.054;
21/09/2021;09:32;2011-84485;168.841;-27.047;
21/09/2021;13:08;2011-84485;168.866;-27.088;
21/09/2021;13:37;2011-84485;168.868;-27.086;
21/09/2021;14:46;2011-84485;168.889;-27.127;
21/09/2021;15:11;2011-84485;168.891;-27.129;
21/09/2021;19:11;2011-84485;168.977;-27.239;
21/09/2021;19:30;2011-84485;168.98;-27.236;
21/09/2021;20:37;2011-84485;168.973;-27.251;
21/09/2021;20:50;2011-84485;169.036;-27.309;
21/09/2021;21:09;2011-84485;169.048;-27.308;
22/09/2021;02:09;2011-84485;169.257;-27.548;
22/09/2021;03:15;2011-84485;169.31;-27.554;
22/09/2021;03:43;2011-84485;169.242;-27.566;
22/09/2021;07:50;2011-84485;169.4;-27.689;
22/09/2021;09:07;2011-84485;169.443;-27.725;
22/09/2021;09:20;2011-84485;169.444;-27.718;
22/09/2021;09:29;2011-84485;169.429;-27.717;
22/09/2021;13:21;2011-84485;169.578;-27.773;
22/09/2021;14:41;2011-84485;169.528;-27.768;
22/09/2021;20:34;2011-84485;169.628;-27.866;
22/09/2021;21:52;2011-84485;169.632;-27.87;
23/09/2021;03:07;2011-84485;169.717;-28.063;
23/09/2021;08:43;2011-84485;169.839;-28.205;
23/09/2021;09:05;2011-84485;169.889;-28.267;
23/09/2021;09:09;2011-84485;169.893;-28.271;
23/09/2021;14:24;2011-84485;170.026;-28.34;
23/09/2021;14:58;2011-84485;169.922;-28.317;
23/09/2021;21:38;2011-84485;169.861;-28.479;
24/09/2021;01:39;2011-84485;169.826;-28.556;
24/09/2021;02:57;2011-84485;169.852;-28.515;
24/09/2021;03:21;2011-84485;170.048;-28.659;
24/09/2021;08:45;2011-84485;170.158;-28.886;
24/09/2021;08:52;2011-84485;170.063;-28.713;
24/09/2021;13:00;2011-84485;170.247;-28.895;
24/09/2021;14:48;2011-84485;170.27;-28.93;
24/09/2021;15:52;2011-84485;170.267;-28.938;
24/09/2021;19:59;2011-84485;170.302;-29.012;
24/09/2021;20:17;2011-84485;170.315;-29.046;
24/09/2021;21:11;2011-84485;170.293;-29.077;
24/09/2021;21:38;2011-84485;170.295;-29.091;
25/09/2021;01:31;2011-84485;170.311;-29.209;
25/09/2021;02:46;2011-84485;170.487;-29.18;
25/09/2021;03:10;2011-84485;170.578;-29.235;
25/09/2021;08:19;2011-84485;170.741;-29.413;
25/09/2021;08:51;2011-84485;170.762;-29.423;
25/09/2021;09:40;2011-84485;170.759;-29.44;
25/09/2021;09:57;2011-84485;170.758;-29.43;
25/09/2021;14:08;2011-84485;170.789;-29.487;
25/09/2021;14:32;2011-84485;170.777;-29.488;
25/09/2021;14:51;2011-84485;170.806;-29.5;
25/09/2021;15:44;2011-84485;170.825;-29.532;
25/09/2021;19:37;2011-84485;170.945;-29.615;
25/09/2021;20:11;2011-84485;170.975;-29.636;
25/09/2021;20:55;2011-84485;171.004;-29.656;
25/09/2021;21:13;2011-84485;171.021;-29.667;
25/09/2021;21:43;2011-84485;171.032;-29.683;
26/09/2021;01:19;2011-84485;171.204;-29.754;
26/09/2021;02:39;2011-84485;171.273;-29.805;
26/09/2021;03:03;2011-84485;171.29;-29.818;
26/09/2021;07:56;2011-84485;171.379;-30.058;
26/09/2021;08:31;2011-84485;171.35;-30.088;
26/09/2021;09:21;2011-84485;171.322;-30.118;
26/09/2021;09:37;2011-84485;171.333;-30.14;
26/09/2021;13:58;2011-84485;171.301;-30.16;
26/09/2021;14:20;2011-84485;171.3;-30.164;
26/09/2021;15:33;2011-84485;171.296;-30.198;
26/09/2021;19:10;2011-84485;171.283;-30.273;
26/09/2021;19:56;2011-84485;171.249;-30.294;
26/09/2021;20:33;2011-84485;171.238;-30.318;
26/09/2021;20:52;2011-84485;171.288;-30.317;
26/09/2021;21:30;2011-84485;171.229;-30.371;
27/09/2021;02:23;2011-84485;171.152;-30.628;
27/09/2021;02:48;2011-84485;171.304;-30.694;
27/09/2021;03:59;2011-84485;171.288;-30.749;
27/09/2021;07:33;2011-84485;171.327;-30.826;
27/09/2021;08:18;2011-84485;171.446;-30.978;
27/09/2021;08:54;2011-84485;171.473;-31.033;
27/09/2021;09:15;2011-84485;171.475;-31.01;
27/09/2021;13:45;2011-84485;171.412;-31.236;
27/09/2021;14:12;2011-84485;171.553;-31.096;
27/09/2021;15:24;2011-84485;171.561;-31.122;
27/09/2021;15:45;2011-84485;171.559;-31.122;
27/09/2021;19:37;2011-84485;171.633;-31.366;
27/09/2021;20:31;2011-84485;171.591;-31.356;
27/09/2021;21:19;2011-84485;171.606;-31.411;
27/09/2021;21:56;2011-84485;171.602;-31.455;
28/09/2021;02:14;2011-84485;171.629;-31.755;
28/09/2021;02:38;2011-84485;171.632;-31.797;
28/09/2021;03:53;2011-84485;171.644;-31.91;
28/09/2021;08:11;2011-84485;171.677;-32.22;
28/09/2021;08:54;2011-84485;171.654;-32.261;
28/09/2021;09:46;2011-84485;171.737;-32.23;
28/09/2021;14:05;2011-84485;171.843;-32.386;
28/09/2021;15:08;2011-84485;171.841;-32.421;
28/09/2021;19:33;2011-84485;171.839;-32.489;
28/09/2021;21:11;2011-84485;171.877;-32.564;
28/09/2021;21:45;2011-84485;171.83;-32.615;
29/09/2021;01:59;2011-84485;171.882;-32.877;
29/09/2021;02:29;2011-84485;171.87;-32.926;
29/09/2021;07:53;2011-84485;171.855;-33.234;
29/09/2021;08:27;2011-84485;171.958;-33.383;
29/09/2021;09:30;2011-84485;172.009;-33.476;
29/09/2021;13:49;2011-84485;172.049;-33.308;
29/09/2021;14:55;2011-84485;172.137;-33.388;
29/09/2021;15:29;2011-84485;172.047;-33.389;
29/09/2021;20:57;2011-84485;172.39;-33.699;
29/09/2021;21:19;2011-84485;172.339;-33.678;
30/09/2021;03:28;2011-84485;172.149;-33.864;
30/09/2021;03:58;2011-84485;172.149;-33.865;
30/09/2021;13:43;2011-84485;172.556;-34.384;
30/09/2021;15:19;2011-84485;172.4;-34.068;
30/09/2021;19:07;2011-84485;172.489;-34.095;
01/10/2021;02:08;2011-84485;172.443;-34.237;
01/10/2021;03:53;2011-84485;172.721;-34.169;
01/10/2021;07:26;2011-84485;172.853;-34.161;
01/10/2021;07:40;2011-84485;172.971;-34.139;
01/10/2021;09:16;2011-84485;173.051;-34.247;
01/10/2021;09:16;2011-84485;173.008;-34.261;
01/10/2021;14:42;2011-84485;173.037;-34.533;
01/10/2021;15:11;2011-84485;173.004;-34.526;
01/10/2021;15:50;2011-84485;173.036;-34.541;
01/10/2021;20:40;2011-84485;173.05;-34.545;
01/10/2021;20:40;2011-84485;173.043;-34.542;
02/10/2021;01:26;2011-84485;173.421;-34.719;
02/10/2021;01:51;2011-84485;173.353;-34.693;
02/10/2021;03:12;2011-84485;173.317;-34.699;
02/10/2021;03:36;2011-84485;173.328;-34.707;
02/10/2021;07:12;2011-84485;173.279;-34.805;
02/10/2021;07:13;2011-84485;173.277;-34.811;
02/10/2021;07:26;2011-84485;173.244;-34.859;
02/10/2021;08:54;2011-84485;173.263;-34.888;
02/10/2021;09:00;2011-84485;173.261;-34.883;
02/10/2021;13:19;2011-84485;173.202;-34.858;
02/10/2021;14:33;2011-84485;173.209;-34.871;
02/10/2021;15:00;2011-84485;173.176;-34.841;
02/10/2021;15:24;2011-84485;173.196;-34.855;
03/10/2021;02:54;2011-84485;173.223;-34.81;
03/10/2021;03:28;2011-84485;173.252;-34.852;
03/10/2021;07:04;2011-84485;173.245;-34.851;
03/10/2021;08:28;2011-84485;173.247;-34.847;
03/10/2021;08:50;2011-84485;173.294;-34.828;
03/10/2021;14:21;2011-84485;173.57;-34.911;
03/10/2021;14:53;2011-84485;173.584;-34.918;
03/10/2021;15:57;2011-84485;173.622;-34.922;
03/10/2021;19:43;2011-84485;173.619;-34.91;
03/10/2021;19:56;2011-84485;173.833;-34.987;
03/10/2021;20:08;2011-84485;173.952;-34.985;
03/10/2021;21:29;2011-84485;173.947;-34.984;
03/10/2021;21:31;2011-84485;173.948;-34.984;
04/10/2021;01:40;2011-84485;174.057;-34.981;
04/10/2021;02:41;2011-84485;174.077;-34.983;
04/10/2021;03:15;2011-84485;174.112;-35;
04/10/2021;08:07;2011-84485;174.379;-35.177;
04/10/2021;08:34;2011-84485;174.404;-35.197;
04/10/2021;09:47;2011-84485;174.371;-35.244;
04/10/2021;09:52;2011-84485;174.377;-35.262;
04/10/2021;14:42;2011-84485;174.519;-35.372;
04/10/2021;15:49;2011-84485;174.448;-35.422;
04/10/2021;19:24;2011-84485;174.538;-35.551;
04/10/2021;20:01;2011-84485;174.561;-35.588;
04/10/2021;21:06;2011-84485;174.583;-35.63;
04/10/2021;21:12;2011-84485;174.566;-35.653;
04/10/2021;21:38;2011-84485;174.566;-35.664;
05/10/2021;01:27;2011-84485;174.601;-35.802;
05/10/2021;02:39;2011-84485;174.606;-35.805;
05/10/2021;03:06;2011-84485;174.603;-35.812;
05/10/2021;07:43;2011-84485;174.549;-35.979;
05/10/2021;08:25;2011-84485;174.538;-35.991;
05/10/2021;09:27;2011-84485;174.539;-36.022;
05/10/2021;09:34;2011-84485;174.537;-36.002;
05/10/2021;13:56;2011-84485;174.559;-35.986;
05/10/2021;14:29;2011-84485;174.56;-35.999;
05/10/2021;15:37;2011-84485;174.533;-36.023;
05/10/2021;18:59;2011-84485;174.513;-36.02;
05/10/2021;19:48;2011-84485;174.535;-35.992;
05/10/2021;20:39;2011-84485;174.487;-35.984;
05/10/2021;20:51;2011-84485;174.483;-35.985;
05/10/2021;21:32;2011-84485;174.473;-35.988;
06/10/2021;01:11;2011-84485;174.479;-35.981;
06/10/2021;02:26;2011-84485;174.483;-35.961;
06/10/2021;02:54;2011-84485;174.483;-35.961;
06/10/2021;07:14;2011-84485;174.519;-35.956;
06/10/2021;08:57;2011-84485;174.51;-35.991;
06/10/2021;09:13;2011-84485;174.503;-35.998;
06/10/2021;09:50;2011-84485;174.501;-36.009;
06/10/2021;13:53;2011-84485;174.521;-36;
06/10/2021;14:14;2011-84485;174.582;-36.024;
06/10/2021;15:27;2011-84485;174.612;-36.019;
06/10/2021;15:27;2011-84485;174.61;-36.026;
06/10/2021;19:40;2011-84485;174.638;-36.037;
06/10/2021;20:33;2011-84485;174.612;-35.998;
06/10/2021;21:13;2011-84485;174.608;-35.99;
07/10/2021;01:05;2011-84485;174.616;-35.967;
07/10/2021;02:08;2011-84485;174.607;-35.97;
07/10/2021;02:46;2011-84485;174.578;-36.01;
07/10/2021;07:58;2011-84485;174.51;-35.992;
07/10/2021;08:35;2011-84485;174.587;-35.967;
07/10/2021;09:46;2011-84485;174.581;-35.979;
07/10/2021;13:41;2011-84485;174.605;-35.986;
07/10/2021;14:11;2011-84485;174.601;-36.016;
07/10/2021;19:27;2011-84485;174.594;-36.007;
07/10/2021;19:54;2011-84485;174.604;-36.007;
07/10/2021;20:12;2011-84485;174.612;-36.009;
07/10/2021;21:04;2011-84485;174.619;-36.008;
07/10/2021;21:33;2011-84485;174.627;-36.003;
08/10/2021;01:57;2011-84485;174.653;-36.012;
08/10/2021;02:31;2011-84485;174.708;-36.082;
08/10/2021;03:42;2011-84485;174.66;-36.136;
08/10/2021;07:49;2011-84485;174.775;-36.246;
08/10/2021;08:33;2011-84485;174.772;-36.243;
08/10/2021;09:32;2011-84485;174.719;-36.196;
08/10/2021;09:51;2011-84485;174.696;-36.205;
08/10/2021;13:31;2011-84485;174.696;-36.213;
08/10/2021;15:05;2011-84485;174.796;-36.229;
08/10/2021;19:14;2011-84485;174.908;-36.35;
08/10/2021;19:31;2011-84485;174.897;-36.344;
08/10/2021;19:50;2011-84485;174.901;-36.359;
08/10/2021;20:53;2011-84485;174.946;-36.349;
08/10/2021;21:11;2011-84485;174.96;-36.355;
08/10/2021;21:28;2011-84485;174.978;-36.322;
09/10/2021;01:51;2011-84485;175.086;-36.374;
09/10/2021;02:20;2011-84485;175.097;-36.378;
09/10/2021;03:29;2011-84485;175.116;-36.386;
09/10/2021;07:36;2011-84485;175.172;-36.431;
09/10/2021;07:49;2011-84485;175.154;-36.439;
09/10/2021;09:16;2011-84485;175.198;-36.465;
09/10/2021;09:29;2011-84485;175.191;-36.462;
09/10/2021;09:47;2011-84485;175.207;-36.466;
09/10/2021;13:18;2011-84485;175.287;-36.493;
09/10/2021;13:46;2011-84485;175.279;-36.478;
09/10/2021;14:50;2011-84485;175.273;-36.505;
09/10/2021;15:57;2011-84485;175.29;-36.517;
09/10/2021;19:09;2011-84485;175.345;-36.548;
09/10/2021;20:42;2011-84485;175.322;-36.523;
09/10/2021;20:46;2011-84485;175.345;-36.464;
09/10/2021;21:07;2011-84485;175.328;-36.464;
10/10/2021;01:40;2011-84485;175.252;-36.446;
10/10/2021;02:14;2011-84485;175.277;-36.414;
10/10/2021;03:23;2011-84485;175.298;-36.408;
10/10/2021;07:24;2011-84485;175.231;-36.529;
10/10/2021;07:27;2011-84485;175.23;-36.53;
10/10/2021;09:01;2011-84485;175.254;-36.542;
10/10/2021;09:01;2011-84485;175.249;-36.547;
10/10/2021;09:25;2011-84485;175.206;-36.56;
10/10/2021;13:06;2011-84485;175.188;-36.567;
10/10/2021;13:35;2011-84485;175.181;-36.576;
10/10/2021;14:45;2011-84485;175.195;-36.585;
10/10/2021;15:19;2011-84485;175.22;-36.579;
10/10/2021;15:34;2011-84485;175.22;-36.579;
10/10/2021;20:21;2011-84485;175.265;-36.641;
10/10/2021;20:26;2011-84485;175.265;-36.643;
10/10/2021;20:43;2011-84485;175.264;-36.639;
11/10/2021;01:32;2011-84485;175.333;-36.635;
11/10/2021;02:05;2011-84485;175.201;-36.63;
11/10/2021;03:04;2011-84485;175.161;-36.63;
11/10/2021;07:01;2011-84485;175.161;-36.609;
11/10/2021;08:38;2011-84485;175.083;-36.6;
11/10/2021;08:53;2011-84485;175.157;-36.585;
11/10/2021;09:05;2011-84485;175.15;-36.58;
11/10/2021;13:24;2011-84485;175.298;-36.586;
11/10/2021;14:31;2011-84485;175.217;-36.598;
11/10/2021;15:10;2011-84485;175.193;-36.606;
11/10/2021;19:59;2011-84485;175.101;-36.698;
11/10/2021;20:21;2011-84485;175.16;-36.673;
11/10/2021;20:29;2011-84485;175.161;-36.683;
12/10/2021;01:53;2011-84485;175.174;-36.664;
12/10/2021;03:34;2011-84485;175.146;-36.675;
12/10/2021;06:59;2011-84485;175.085;-36.697;
12/10/2021;08:15;2011-84485;175.237;-36.698;
12/10/2021;08:43;2011-84485;175.236;-36.694;
12/10/2021;09:52;2011-84485;175.257;-36.704;
12/10/2021;13:13;2011-84485;175.305;-36.671;
12/10/2021;14:23;2011-84485;175.295;-36.672;
12/10/2021;14:45;2011-84485;175.266;-36.663;
12/10/2021;19:37;2011-84485;175.261;-36.617;
12/10/2021;20:09;2011-84485;175.245;-36.62;
12/10/2021;20:09;2011-84485;175.241;-36.611;
12/10/2021;21:49;2011-84485;175.25;-36.549;
13/10/2021;01:41;2011-84485;175.367;-36.464;
13/10/2021;02:51;2011-84485;175.382;-36.455;
13/10/2021;03:22;2011-84485;175.384;-36.452;
13/10/2021;07:52;2011-84485;175.397;-36.44;
13/10/2021;08:26;2011-84485;175.426;-36.403;
13/10/2021;09:34;2011-84485;175.667;-36.529;
13/10/2021;13:05;2011-84485;175.844;-36.605;
13/10/2021;14:12;2011-84485;175.836;-36.62;
13/10/2021;14:45;2011-84485;175.88;-36.635;
13/10/2021;15:58;2011-84485;175.972;-36.678;
13/10/2021;19:13;2011-84485;175.969;-36.846;
13/10/2021;19:53;2011-84485;175.968;-36.882;
13/10/2021;20:52;2011-84485;176.004;-36.929;
13/10/2021;21:23;2011-84485;176.031;-36.951;
14/10/2021;01:31;2011-84485;176.076;-37.192;
14/10/2021;02:37;2011-84485;175.97;-37.2;
14/10/2021;03:15;2011-84485;175.968;-37.222;
14/10/2021;08:13;2011-84485;175.948;-37.395;
14/10/2021;09:10;2011-84485;176.052;-37.421;
14/10/2021;09:42;2011-84485;176.08;-37.47;
14/10/2021;09:57;2011-84485;176.072;-37.473;
14/10/2021;14:01;2011-84485;176.225;-37.655;
14/10/2021;15:36;2011-84485;176.253;-37.61;
14/10/2021;19:44;2011-84485;176.364;-37.677;
14/10/2021;20:28;2011-84485;176.399;-37.698;
14/10/2021;21:08;2011-84485;176.489;-37.701;
15/10/2021;01:20;2011-84485;176.684;-37.803;
15/10/2021;02:29;2011-84485;176.677;-37.784;
15/10/2021;03:00;2011-84485;176.73;-37.789;
15/10/2021;03:49;2011-84485;176.776;-37.799;
15/10/2021;08:03;2011-84485;176.944;-37.855;
15/10/2021;08:45;2011-84485;176.941;-37.881;
15/10/2021;09:26;2011-84485;177.003;-37.872;
15/10/2021;09:45;2011-84485;177.026;-37.875;
15/10/2021;13:51;2011-84485;177.289;-37.834;
15/10/2021;14:22;2011-84485;177.31;-37.827;
15/10/2021;15:13;2011-84485;177.354;-37.826;
15/10/2021;19:30;2011-84485;177.593;-37.776;
15/10/2021;20:07;2011-84485;177.538;-37.757;
16/10/2021;01:07;2011-84485;177.823;-37.719;
16/10/2021;02:18;2011-84485;177.844;-37.661;
16/10/2021;02:50;2011-84485;177.802;-37.648;
16/10/2021;03:55;2011-84485;177.821;-37.618;
16/10/2021;07:50;2011-84485;177.896;-37.519;
16/10/2021;08:24;2011-84485;177.966;-37.523;
16/10/2021;09:06;2011-84485;178.005;-37.503;
16/10/2021;14:16;2011-84485;178.393;-37.472;
16/10/2021;19:19;2011-84485;178.296;-37.546;
16/10/2021;19:43;2011-84485;178.41;-37.603;
16/10/2021;20:25;2011-84485;178.49;-37.598;
16/10/2021;21:00;2011-84485;178.465;-37.593;
17/10/2021;02:03;2011-84485;178.829;-37.723;
17/10/2021;02:41;2011-84485;178.88;-37.796;
17/10/2021;03:46;2011-84485;178.927;-37.816;
17/10/2021;07:37;2011-84485;179.216;-37.934;
17/10/2021;07:59;2011-84485;179.107;-37.933;
17/10/2021;08:45;2011-84485;179.188;-37.931;
17/10/2021;09:21;2011-84485;179.132;-37.981;
17/10/2021;13:32;2011-84485;179.175;-38.14;
17/10/2021;13:59;2011-84485;179.162;-38.112;
17/10/2021;15:13;2011-84485;179.232;-38.169;
17/10/2021;15:59;2011-84485;179.254;-38.201;
18/10/2021;15:59;2011-84485;158.785994;-46.366811;out of domain 
26/08/2021;01:48;2011-84487;166.996;-22.439;
26/08/2021;03:19;2011-84487;167.004;-22.43;
26/08/2021;07:25;2011-84487;166.952;-22.464;
26/08/2021;09:43;2011-84487;166.931;-22.455;
26/08/2021;13:05;2011-84487;166.872;-22.477;
26/08/2021;14:27;2011-84487;166.855;-22.41;
26/08/2021;14:47;2011-84487;166.892;-22.4;
26/08/2021;19:17;2011-84487;166.854;-22.337;
26/08/2021;19:36;2011-84487;166.87;-22.354;
26/08/2021;21:01;2011-84487;166.895;-22.373;
26/08/2021;21:19;2011-84487;166.97;-22.346;
26/08/2021;21:19;2011-84487;166.991;-22.352;
27/08/2021;01:32;2011-84487;167.142;-22.284;
27/08/2021;02:54;2011-84487;167.153;-22.279;
27/08/2021;03:13;2011-84487;167.192;-22.302;
27/08/2021;07:02;2011-84487;167.18;-22.325;
27/08/2021;07:51;2011-84487;167.265;-22.343;
27/08/2021;08:07;2011-84487;167.235;-22.383;
27/08/2021;09:29;2011-84487;167.199;-22.538;
27/08/2021;09:43;2011-84487;167.382;-22.582;
27/08/2021;09:44;2011-84487;167.403;-22.584;
27/08/2021;14:16;2011-84487;167.437;-22.523;
27/08/2021;14:33;2011-84487;167.523;-22.518;
27/08/2021;15:59;2011-84487;167.543;-22.554;
27/08/2021;20:44;2011-84487;167.61;-22.716;
27/08/2021;20:56;2011-84487;167.641;-22.736;
28/08/2021;01:21;2011-84487;167.704;-22.867;
28/08/2021;02:48;2011-84487;167.671;-22.843;
28/08/2021;03:05;2011-84487;167.698;-22.86;
28/08/2021;07:36;2011-84487;167.663;-22.861;
28/08/2021;07:37;2011-84487;167.668;-22.858;
28/08/2021;09:25;2011-84487;167.672;-22.879;
28/08/2021;09:25;2011-84487;167.671;-22.88;
28/08/2021;09:25;2011-84487;167.671;-22.868;
28/08/2021;14:05;2011-84487;167.707;-22.88;
28/08/2021;14:25;2011-84487;167.674;-22.816;
28/08/2021;15:44;2011-84487;167.628;-22.812;
28/08/2021;20:33;2011-84487;167.492;-22.819;
28/08/2021;20:35;2011-84487;167.526;-22.817;
28/08/2021;20:39;2011-84487;167.568;-22.849;
29/08/2021;01:11;2011-84487;167.496;-22.882;
29/08/2021;02:31;2011-84487;167.49;-22.891;
29/08/2021;02:51;2011-84487;167.537;-22.905;
29/08/2021;07:26;2011-84487;167.495;-22.921;
29/08/2021;08:56;2011-84487;167.676;-22.865;
29/08/2021;09:08;2011-84487;167.67;-22.858;
29/08/2021;14:07;2011-84487;167.671;-22.886;
29/08/2021;15:28;2011-84487;167.672;-22.883;
29/08/2021;20:11;2011-84487;167.664;-22.866;
29/08/2021;20:28;2011-84487;167.641;-22.919;
29/08/2021;21:47;2011-84487;167.643;-22.911;
29/08/2021;21:56;2011-84487;167.656;-22.856;
30/08/2021;01:04;2011-84487;167.658;-22.858;
30/08/2021;02:25;2011-84487;167.662;-22.852;
30/08/2021;02:45;2011-84487;167.671;-22.864;
30/08/2021;08:28;2011-84487;167.654;-22.871;
30/08/2021;08:52;2011-84487;167.66;-22.876;
30/08/2021;13:41;2011-84487;167.696;-22.83;
30/08/2021;19:40;2011-84487;167.725;-22.813;
30/08/2021;20:09;2011-84487;167.701;-22.822;
30/08/2021;21:19;2011-84487;167.615;-22.869;
30/08/2021;21:35;2011-84487;167.575;-22.837;
31/08/2021;02:11;2011-84487;167.587;-22.779;
31/08/2021;02:29;2011-84487;167.586;-22.787;
31/08/2021;03:51;2011-84487;167.55;-22.776;
31/08/2021;08:37;2011-84487;167.478;-22.773;
31/08/2021;09:49;2011-84487;167.516;-22.779;
31/08/2021;13:47;2011-84487;167.491;-22.736;
31/08/2021;15:15;2011-84487;167.494;-22.734;
31/08/2021;15:32;2011-84487;167.496;-22.736;
31/08/2021;19:22;2011-84487;167.245;-22.725;
31/08/2021;20:02;2011-84487;167.178;-22.745;
31/08/2021;21:02;2011-84487;167.17;-22.714;
31/08/2021;21:11;2011-84487;167.139;-22.776;
01/09/2021;02:23;2011-84487;167.115;-22.925;
01/09/2021;03:42;2011-84487;167.07;-22.943;
01/09/2021;07:46;2011-84487;166.945;-22.996;
01/09/2021;08:32;2011-84487;166.926;-22.99;
01/09/2021;09:23;2011-84487;166.898;-22.953;
01/09/2021;09:41;2011-84487;166.916;-22.928;
01/09/2021;13:44;2011-84487;166.851;-22.931;
01/09/2021;15:07;2011-84487;166.814;-22.923;
01/09/2021;15:19;2011-84487;166.784;-22.863;
01/09/2021;19:47;2011-84487;166.728;-22.718;
01/09/2021;20:39;2011-84487;166.691;-22.69;
01/09/2021;20:50;2011-84487;166.674;-22.702;
01/09/2021;21:26;2011-84487;166.656;-22.698;
02/09/2021;02:10;2011-84487;166.417;-22.681;
02/09/2021;03:29;2011-84487;166.368;-22.685;
02/09/2021;03:49;2011-84487;166.365;-22.685;
02/09/2021;08:17;2011-84487;166.107;-22.891;
02/09/2021;08:59;2011-84487;166.076;-22.916;
02/09/2021;09:20;2011-84487;166.043;-22.928;
02/09/2021;13:10;2011-84487;165.891;-22.927;
02/09/2021;13:24;2011-84487;165.835;-22.729;
02/09/2021;14:54;2011-84487;165.822;-22.683;
02/09/2021;15:09;2011-84487;165.744;-22.644;
02/09/2021;19:39;2011-84487;165.488;-22.408;
02/09/2021;20:18;2011-84487;165.451;-22.379;
02/09/2021;20:32;2011-84487;165.431;-22.361;
02/09/2021;21:16;2011-84487;165.348;-22.326;
02/09/2021;21:55;2011-84487;165.317;-22.292;
03/09/2021;02:00;2011-84487;165.037;-22.123;
03/09/2021;03:20;2011-84487;164.962;-22.026;
03/09/2021;03:42;2011-84487;164.965;-21.997;
03/09/2021;07:28;2011-84487;164.722;-21.827;
03/09/2021;08:05;2011-84487;164.648;-21.816;
03/09/2021;08:36;2011-84487;164.607;-21.79;
03/09/2021;08:57;2011-84487;164.586;-21.795;
03/09/2021;09:46;2011-84487;164.5;-21.75;
03/09/2021;13:19;2011-84487;164.212;-21.795;
03/09/2021;14:40;2011-84487;164.169;-21.816;
03/09/2021;14:58;2011-84487;164.16;-21.81;
03/09/2021;19:23;2011-84487;163.796;-21.705;
03/09/2021;19:51;2011-84487;163.755;-21.652;
03/09/2021;21:10;2011-84487;163.666;-21.623;
03/09/2021;21:30;2011-84487;163.639;-21.613;
03/09/2021;21:44;2011-84487;163.612;-21.604;
04/09/2021;01:52;2011-84487;163.339;-21.391;
04/09/2021;03:11;2011-84487;163.306;-21.415;
04/09/2021;03:31;2011-84487;163.275;-21.429;
04/09/2021;07:54;2011-84487;163.079;-21.494;
04/09/2021;08:13;2011-84487;163.079;-21.494;
04/09/2021;09:35;2011-84487;162.918;-21.415;
04/09/2021;09:53;2011-84487;162.876;-21.398;
04/09/2021;14:30;2011-84487;162.492;-21.335;
04/09/2021;14:48;2011-84487;162.431;-21.32;
04/09/2021;20:46;2011-84487;161.982;-21.207;
04/09/2021;21:05;2011-84487;162.178;-21.221;
04/09/2021;21:26;2011-84487;162.17;-21.214;
05/09/2021;03:28;2011-84487;162.176;-21.217;
05/09/2021;09:27;2011-84487;162.039;-21.181;
05/09/2021;09:56;2011-84487;162.028;-21.176;
05/09/2021;14:19;2011-84487;162.092;-21.22;
05/09/2021;14:35;2011-84487;162.082;-21.218;
05/09/2021;20:47;2011-84487;161.869;-21.123;
05/09/2021;20:47;2011-84487;162.089;-21.217;
06/09/2021;02:49;2011-84487;162.035;-21.188;
06/09/2021;03:10;2011-84487;162.021;-21.191;
06/09/2021;09:04;2011-84487;161.929;-21.213;
06/09/2021;09:11;2011-84487;161.952;-21.187;
06/09/2021;09:39;2011-84487;161.952;-21.18;
06/09/2021;14:30;2011-84487;162.076;-21.225;
06/09/2021;15:46;2011-84487;162.26;-21.292;
06/09/2021;20:20;2011-84487;162.224;-21.229;
06/09/2021;20:34;2011-84487;162.206;-21.22;
06/09/2021;20:50;2011-84487;162.219;-21.227;
06/09/2021;21:54;2011-84487;162.24;-21.233;
07/09/2021;03:02;2011-84487;162.014;-21.12;
07/09/2021;08:44;2011-84487;162.034;-21.093;
07/09/2021;09:06;2011-84487;162.028;-21.063;
07/09/2021;14:12;2011-84487;162.074;-21.046;
07/09/2021;15:36;2011-84487;162.038;-21.086;
07/09/2021;21:39;2011-84487;162.081;-21.214;
07/09/2021;21:54;2011-84487;162.107;-21.205;
08/09/2021;02:49;2011-84487;162.122;-21.219;
08/09/2021;08:21;2011-84487;162.107;-21.247;
08/09/2021;14:12;2011-84487;162.108;-21.236;
08/09/2021;20:10;2011-84487;162.105;-21.247;
08/09/2021;21:47;2011-84487;162.049;-21.18;
09/09/2021;03:57;2011-84487;162.014;-21.162;
09/09/2021;08:35;2011-84487;162.105;-21.222;
09/09/2021;09:40;2011-84487;162.114;-21.202;
09/09/2021;13:55;2011-84487;162.111;-21.209;
09/09/2021;15:18;2011-84487;162.113;-21.203;
09/09/2021;19:53;2011-84487;162.127;-21.192;
09/09/2021;20:48;2011-84487;162.156;-21.196;
09/09/2021;21:26;2011-84487;162.179;-21.184;
09/09/2021;21:30;2011-84487;162.178;-21.182;
10/09/2021;21:30;2011-84487;158.785994;-46.366811;out of domain 
02/09/2021;03:48;2011-84494;166.588;-22.426;
02/09/2021;08:23;2011-84494;166.716;-22.286;
02/09/2021;09:56;2011-84494;166.656;-22.331;
02/09/2021;13:13;2011-84494;166.659;-22.331;
02/09/2021;13:23;2011-84494;166.629;-22.34;
02/09/2021;19:37;2011-84494;166.591;-22.357;
02/09/2021;20:17;2011-84494;166.595;-22.356;
02/09/2021;21:48;2011-84494;166.634;-22.373;
03/09/2021;08:39;2011-84494;166.657;-22.581;
03/09/2021;14:55;2011-84494;166.664;-22.637;
03/09/2021;19:48;2011-84494;166.701;-22.734;
03/09/2021;21:00;2011-84494;166.707;-22.651;
03/09/2021;21:54;2011-84494;166.702;-22.631;
07/09/2021;01:23;2011-84494;166.902;-23.124;
07/09/2021;09:05;2011-84494;167.108;-22.762;
07/09/2021;20:20;2011-84494;167.287;-22.644;
08/09/2021;02:52;2011-84494;167.318;-22.68;
08/09/2021;07:10;2011-84494;167.429;-22.657;
08/09/2021;15:49;2011-84494;167.597;-22.742;
08/09/2021;21:50;2011-84494;167.647;-22.751;
09/09/2021;08:35;2011-84494;167.748;-22.847;
09/09/2021;19:57;2011-84494;167.368;-22.872;
10/09/2021;02:26;2011-84494;167.22;-22.747;
10/09/2021;13:39;2011-84494;167.211;-22.693;
10/09/2021;15:07;2011-84494;167.233;-22.654;
10/09/2021;15:53;2011-84494;167.037;-22.489;
10/09/2021;19:46;2011-84494;166.718;-22.225;
10/09/2021;20:27;2011-84494;166.642;-22.198;
11/09/2021;02:16;2011-84494;166.617;-22.261;
11/09/2021;14:55;2011-84494;166.784;-22.468;
11/09/2021;19:25;2011-84494;167.091;-22.56;
11/09/2021;20:02;2011-84494;166.384;-22.268;
11/09/2021;21:46;2011-84494;166.947;-22.484;
12/09/2021;02:03;2011-84494;166.739;-22.426;
12/09/2021;03:27;2011-84494;167.076;-22.733;
12/09/2021;19:39;2011-84494;167.204;-23.553;
13/09/2021;02:01;2011-84494;167.169;-23.686;
13/09/2021;09:32;2011-84494;167.448;-23.854;
13/09/2021;09:42;2011-84494;167.35;-23.723;
13/09/2021;20:47;2011-84494;167.335;-23.601;
14/09/2021;07:31;2011-84494;167.517;-23.824;
14/09/2021;21:24;2011-84494;167.369;-23.606;
15/09/2021;20:11;2011-84494;167.732;-23.988;
15/09/2021;21:05;2011-84494;167.238;-23.361;
16/09/2021;01:22;2011-84494;167.628;-23.702;
16/09/2021;08:52;2011-84494;167.444;-23.482;
17/09/2021;08:52;2011-84494;158.785994;-46.366811;out of domain 
28/08/2021;03:10;2011-87631;166.268;-20.727;
28/08/2021;09:19;2011-87631;167.87;-22.233;
28/08/2021;14:02;2011-87631;166.413;-22.233;
28/08/2021;14:18;2011-87631;166.809;-22.497;
28/08/2021;15:49;2011-87631;166.86;-22.562;
28/08/2021;20:31;2011-87631;167.078;-22.751;
28/08/2021;20:40;2011-87631;167.042;-22.752;
29/08/2021;02:39;2011-87631;167.153;-22.89;
29/08/2021;02:51;2011-87631;167.141;-22.897;
29/08/2021;08:54;2011-87631;167.239;-22.952;
29/08/2021;09:10;2011-87631;167.242;-22.951;
29/08/2021;14:15;2011-87631;167.338;-23.059;
29/08/2021;20:06;2011-87631;167.106;-22.993;
29/08/2021;21:53;2011-87631;167.088;-23.046;
30/08/2021;02:25;2011-87631;167.045;-23.071;
30/08/2021;02:42;2011-87631;167.053;-23.063;
30/08/2021;08:33;2011-87631;167.076;-23.019;
30/08/2021;08:56;2011-87631;167.074;-23.02;
30/08/2021;13:44;2011-87631;167.102;-23.043;
30/08/2021;13:58;2011-87631;167.107;-23.018;
30/08/2021;20:15;2011-87631;167.123;-23.069;
30/08/2021;21:24;2011-87631;167.16;-23.077;
30/08/2021;21:35;2011-87631;167.191;-23.054;
31/08/2021;02:15;2011-87631;167.272;-23.073;
31/08/2021;02:29;2011-87631;167.161;-23.012;
31/08/2021;03:53;2011-87631;167.183;-23.027;
31/08/2021;07:05;2011-87631;167.317;-22.99;
31/08/2021;08:08;2011-87631;167.315;-22.81;
31/08/2021;08:41;2011-87631;167.328;-22.766;
31/08/2021;15:15;2011-87631;167.555;-22.497;
31/08/2021;21:00;2011-87631;167.506;-22.679;
31/08/2021;21:17;2011-87631;167.495;-22.668;
01/09/2021;02:21;2011-87631;167.104;-22.892;
01/09/2021;03:44;2011-87631;167.096;-22.88;
01/09/2021;09:26;2011-87631;167.094;-22.99;
01/09/2021;09:41;2011-87631;167.086;-23.024;
01/09/2021;13:38;2011-87631;167.015;-22.986;
01/09/2021;15:02;2011-87631;166.994;-22.959;
01/09/2021;15:18;2011-87631;166.99;-22.956;
01/09/2021;19:44;2011-87631;166.96;-22.956;
01/09/2021;20:37;2011-87631;166.948;-23.018;
02/09/2021;02:11;2011-87631;167.106;-22.984;
02/09/2021;03:31;2011-87631;167.098;-22.992;
02/09/2021;08:17;2011-87631;167.12;-22.948;
02/09/2021;09:00;2011-87631;167.144;-22.926;
02/09/2021;09:58;2011-87631;167.147;-22.905;
02/09/2021;13:27;2011-87631;167.056;-23.029;
02/09/2021;14:51;2011-87631;166.965;-23.001;
02/09/2021;15:09;2011-87631;166.948;-22.985;
02/09/2021;19:37;2011-87631;166.739;-22.871;
02/09/2021;20:14;2011-87631;166.759;-22.821;
02/09/2021;20:33;2011-87631;166.716;-22.843;
02/09/2021;21:14;2011-87631;166.699;-22.78;
03/09/2021;02:01;2011-87631;166.458;-22.571;
03/09/2021;03:21;2011-87631;166.42;-22.505;
03/09/2021;03:43;2011-87631;166.409;-22.49;
03/09/2021;08:08;2011-87631;166.283;-22.415;
03/09/2021;08:40;2011-87631;166.277;-22.377;
03/09/2021;14:37;2011-87631;166.167;-22.26;
03/09/2021;15:02;2011-87631;166.167;-22.258;
03/09/2021;19:48;2011-87631;166.035;-22.141;
03/09/2021;21:04;2011-87631;165.838;-22.126;
03/09/2021;21:29;2011-87631;165.81;-22.117;
03/09/2021;21:48;2011-87631;165.806;-22.122;
04/09/2021;01:52;2011-87631;165.508;-22.021;
04/09/2021;03:12;2011-87631;165.408;-21.985;
04/09/2021;08:17;2011-87631;165.393;-21.945;
04/09/2021;09:36;2011-87631;165.038;-21.957;
04/09/2021;09:56;2011-87631;165.018;-21.953;
04/09/2021;20:55;2011-87631;164.708;-22.249;
04/09/2021;21:06;2011-87631;164.677;-22.241;
04/09/2021;21:27;2011-87631;164.647;-22.25;
05/09/2021;09:27;2011-87631;163.918;-22.224;
05/09/2021;14:38;2011-87631;163.321;-22.238;
05/09/2021;20:41;2011-87631;162.686;-22.247;
05/09/2021;20:42;2011-87631;162.61;-22.229;
06/09/2021;02:54;2011-87631;162.059;-22.2;
06/09/2021;03:14;2011-87631;162.038;-22.082;
06/09/2021;09:17;2011-87631;161.523;-22.057;
06/09/2021;14:27;2011-87631;161.135;-21.998;
06/09/2021;21:58;2011-87631;160.446;-22.014;
07/09/2021;02:59;2011-87631;159.998;-22.064;
08/09/2021;02:59;2011-87631;158.785994;-46.366811;out of domain 
16/09/2021;01:23;2011-87633;168.067;-23.484;
16/09/2021;02:48;2011-87633;168.102;-23.51;
16/09/2021;03:12;2011-87633;168.104;-23.509;
16/09/2021;03:53;2011-87633;168.126;-23.523;
16/09/2021;07:16;2011-87633;168.171;-23.541;
16/09/2021;08:28;2011-87633;168.075;-23.472;
16/09/2021;08:49;2011-87633;168.072;-23.475;
16/09/2021;09:28;2011-87633;168.086;-23.475;
16/09/2021;14:01;2011-87633;168.143;-23.487;
16/09/2021;14:24;2011-87633;168.083;-23.475;
16/09/2021;15:43;2011-87633;168.074;-23.5;
16/09/2021;19:44;2011-87633;168.093;-23.474;
16/09/2021;20:10;2011-87633;168.072;-23.481;
16/09/2021;20:43;2011-87633;168.088;-23.487;
16/09/2021;21:22;2011-87633;168.09;-23.488;
16/09/2021;21:50;2011-87633;168.035;-23.472;
17/09/2021;02:34;2011-87633;168.088;-23.415;
17/09/2021;02:56;2011-87633;168.091;-23.415;
17/09/2021;08:08;2011-87633;168.071;-23.502;
17/09/2021;08:39;2011-87633;168.078;-23.47;
17/09/2021;09:10;2011-87633;168.115;-23.466;
17/09/2021;09:50;2011-87633;168.074;-23.467;
17/09/2021;14:13;2011-87633;168.082;-23.433;
17/09/2021;15:28;2011-87633;168.074;-23.433;
17/09/2021;19:20;2011-87633;168.052;-23.383;
17/09/2021;20:02;2011-87633;168.082;-23.422;
17/09/2021;20:21;2011-87633;168.041;-23.407;
17/09/2021;21:00;2011-87633;168.07;-23.422;
18/09/2021;02:22;2011-87633;168.062;-23.453;
18/09/2021;02:43;2011-87633;168.093;-23.455;
18/09/2021;03:57;2011-87633;168.096;-23.465;
18/09/2021;08:27;2011-87633;168.077;-23.412;
18/09/2021;09:25;2011-87633;168.062;-23.411;
18/09/2021;13:36;2011-87633;167.998;-23.394;
18/09/2021;14:08;2011-87633;167.954;-23.442;
18/09/2021;15:22;2011-87633;167.96;-23.503;
18/09/2021;15:57;2011-87633;168.018;-23.49;
18/09/2021;18:59;2011-87633;168.073;-23.543;
18/09/2021;19:43;2011-87633;167.988;-23.562;
18/09/2021;21:27;2011-87633;168.097;-23.459;
18/09/2021;21:41;2011-87633;168.102;-23.457;
19/09/2021;02:32;2011-87633;168.183;-23.425;
19/09/2021;03:51;2011-87633;168.053;-23.415;
19/09/2021;08:16;2011-87633;168.061;-23.254;
19/09/2021;09:05;2011-87633;168.054;-23.252;
19/09/2021;09:57;2011-87633;168.047;-23.245;
19/09/2021;13:31;2011-87633;168.001;-23.236;
19/09/2021;13:54;2011-87633;167.977;-23.297;
19/09/2021;15:04;2011-87633;168.069;-23.386;
19/09/2021;20:19;2011-87633;168.012;-23.347;
19/09/2021;21:15;2011-87633;168.071;-23.413;
20/09/2021;02:23;2011-87633;168.042;-23.424;
21/09/2021;02:23;2011-87633;158.785994;-46.366811;out of domain 
16/09/2021;01:21;2011-87634;170.571;-25.713;
16/09/2021;02:42;2011-87634;170.193;-23.167;
16/09/2021;03:07;2011-87634;168.16;-23.462;
16/09/2021;07:15;2011-87634;168.156;-23.451;
16/09/2021;08:52;2011-87634;168.05;-23.481;
16/09/2021;09:26;2011-87634;168.062;-23.475;
16/09/2021;13:59;2011-87634;168.108;-23.433;
16/09/2021;14:27;2011-87634;168.107;-23.421;
16/09/2021;15:42;2011-87634;168.129;-23.389;
16/09/2021;19:50;2011-87634;168.283;-23.444;
16/09/2021;20:13;2011-87634;168.295;-23.45;
16/09/2021;20:40;2011-87634;168.305;-23.472;
16/09/2021;21:26;2011-87634;168.344;-23.488;
17/09/2021;01:18;2011-87634;168.42;-23.587;
17/09/2021;02:32;2011-87634;168.471;-23.619;
17/09/2021;02:57;2011-87634;168.486;-23.624;
17/09/2021;07:03;2011-87634;168.591;-23.678;
17/09/2021;09:45;2011-87634;168.641;-23.698;
17/09/2021;19:24;2011-87634;168.867;-23.609;
17/09/2021;19:55;2011-87634;168.96;-23.856;
17/09/2021;20:25;2011-87634;169.199;-23.927;
17/09/2021;20:58;2011-87634;169.261;-23.959;
17/09/2021;21:35;2011-87634;169.342;-23.991;
17/09/2021;21:58;2011-87634;169.358;-23.807;
18/09/2021;01:05;2011-87634;169.399;-23.828;
18/09/2021;02:19;2011-87634;169.513;-23.858;
18/09/2021;02:41;2011-87634;169.573;-23.872;
18/09/2021;03:57;2011-87634;169.664;-23.906;
18/09/2021;09:25;2011-87634;169.827;-23.785;
19/09/2021;09:25;2011-87634;158.785994;-46.366811;out of domain 
31/08/2021;02:14;2011-87638;166.783;-22.914;
31/08/2021;02:31;2011-87638;167.084;-22.969;
31/08/2021;03:55;2011-87638;167.098;-23.017;
31/08/2021;07:02;2011-87638;167.108;-23.062;
31/08/2021;07:03;2011-87638;167.162;-23.13;
31/08/2021;08:08;2011-87638;167.199;-23.095;
31/08/2021;08:41;2011-87638;167.205;-23.097;
31/08/2021;09:47;2011-87638;167.207;-23.087;
31/08/2021;09:57;2011-87638;167.22;-23.084;
31/08/2021;13:33;2011-87638;167.283;-23.033;
31/08/2021;13:52;2011-87638;167.279;-23.029;
31/08/2021;15:18;2011-87638;167.242;-23.027;
31/08/2021;15:32;2011-87638;167.243;-23.024;
31/08/2021;19:21;2011-87638;167.316;-22.986;
31/08/2021;20:04;2011-87638;167.297;-22.99;
31/08/2021;21:01;2011-87638;167.293;-22.983;
31/08/2021;21:14;2011-87638;167.303;-22.997;
31/08/2021;21:44;2011-87638;167.308;-22.989;
01/09/2021;02:01;2011-87638;167.413;-22.903;
01/09/2021;02:26;2011-87638;167.414;-22.893;
01/09/2021;03:43;2011-87638;167.489;-22.856;
01/09/2021;08:31;2011-87638;167.603;-22.773;
01/09/2021;09:23;2011-87638;167.578;-22.766;
01/09/2021;09:38;2011-87638;167.572;-22.77;
01/09/2021;13:20;2011-87638;167.611;-22.73;
01/09/2021;13:42;2011-87638;167.599;-22.756;
01/09/2021;15:05;2011-87638;167.656;-22.761;
01/09/2021;15:19;2011-87638;167.615;-22.779;
01/09/2021;19:42;2011-87638;167.695;-22.691;
01/09/2021;20:38;2011-87638;167.921;-22.766;
01/09/2021;20:52;2011-87638;167.663;-22.75;
01/09/2021;21:28;2011-87638;167.674;-22.744;
02/09/2021;02:06;2011-87638;167.711;-22.881;
02/09/2021;03:31;2011-87638;167.706;-22.877;
02/09/2021;03:51;2011-87638;167.713;-22.877;
02/09/2021;08:19;2011-87638;167.67;-22.896;
02/09/2021;08:57;2011-87638;167.607;-22.904;
02/09/2021;09:18;2011-87638;167.612;-22.903;
02/09/2021;09:57;2011-87638;167.601;-22.883;
02/09/2021;13:28;2011-87638;167.584;-22.907;
02/09/2021;14:56;2011-87638;167.553;-22.94;
02/09/2021;15:11;2011-87638;167.567;-22.943;
02/09/2021;15:46;2011-87638;167.555;-22.946;
02/09/2021;19:39;2011-87638;167.629;-22.967;
02/09/2021;20:17;2011-87638;167.649;-22.958;
02/09/2021;20:27;2011-87638;167.64;-22.958;
02/09/2021;21:53;2011-87638;167.678;-22.939;
03/09/2021;01:38;2011-87638;167.683;-22.925;
03/09/2021;01:58;2011-87638;167.648;-22.875;
03/09/2021;03:17;2011-87638;167.688;-22.856;
03/09/2021;03:43;2011-87638;167.69;-22.865;
03/09/2021;08:07;2011-87638;167.654;-22.875;
03/09/2021;08:36;2011-87638;167.633;-22.878;
03/09/2021;08:58;2011-87638;167.631;-22.89;
03/09/2021;09:46;2011-87638;167.615;-22.841;
03/09/2021;13:00;2011-87638;167.633;-22.767;
03/09/2021;13:19;2011-87638;167.536;-22.738;
03/09/2021;14:39;2011-87638;167.53;-22.728;
03/09/2021;15:03;2011-87638;167.529;-22.72;
03/09/2021;15:20;2011-87638;167.528;-22.722;
03/09/2021;19:22;2011-87638;167.521;-22.755;
03/09/2021;19:49;2011-87638;167.534;-22.801;
03/09/2021;21:03;2011-87638;167.584;-22.814;
03/09/2021;21:30;2011-87638;167.585;-22.824;
03/09/2021;21:52;2011-87638;167.59;-22.832;
04/09/2021;01:55;2011-87638;167.662;-22.866;
04/09/2021;03:05;2011-87638;167.688;-22.846;
04/09/2021;03:32;2011-87638;167.7;-22.846;
04/09/2021;07:55;2011-87638;167.663;-22.897;
04/09/2021;08:14;2011-87638;167.664;-22.888;
04/09/2021;09:39;2011-87638;167.684;-22.866;
04/09/2021;09:53;2011-87638;167.654;-22.885;
04/09/2021;13:11;2011-87638;167.681;-22.886;
04/09/2021;14:31;2011-87638;167.698;-22.895;
04/09/2021;14:50;2011-87638;167.701;-22.893;
04/09/2021;19:09;2011-87638;167.716;-22.928;
04/09/2021;19:23;2011-87638;167.672;-22.899;
04/09/2021;20:55;2011-87638;167.58;-22.855;
04/09/2021;21:07;2011-87638;167.624;-22.853;
04/09/2021;21:31;2011-87638;167.616;-22.843;
05/09/2021;01:47;2011-87638;167.561;-22.812;
05/09/2021;02:58;2011-87638;167.513;-22.804;
05/09/2021;03:24;2011-87638;167.481;-22.786;
05/09/2021;07:42;2011-87638;167.431;-22.751;
05/09/2021;07:53;2011-87638;167.434;-22.741;
05/09/2021;09:22;2011-87638;167.403;-22.742;
05/09/2021;09:29;2011-87638;167.401;-22.743;
05/09/2021;09:56;2011-87638;167.397;-22.742;
05/09/2021;13:01;2011-87638;167.333;-22.715;
05/09/2021;14:22;2011-87638;167.357;-22.703;
05/09/2021;14:37;2011-87638;167.363;-22.706;
05/09/2021;15:57;2011-87638;167.339;-22.692;
05/09/2021;19:07;2011-87638;167.318;-22.676;
05/09/2021;20:46;2011-87638;167.377;-22.706;
05/09/2021;20:47;2011-87638;167.375;-22.706;
05/09/2021;21:08;2011-87638;167.383;-22.684;
06/09/2021;01:35;2011-87638;167.376;-22.683;
06/09/2021;02:53;2011-87638;167.383;-22.693;
06/09/2021;03:06;2011-87638;167.308;-22.715;
06/09/2021;07:25;2011-87638;167.296;-22.712;
06/09/2021;07:32;2011-87638;167.298;-22.711;
06/09/2021;09:08;2011-87638;167.296;-22.687;
06/09/2021;09:12;2011-87638;167.326;-22.695;
06/09/2021;09:39;2011-87638;167.329;-22.709;
06/09/2021;14:08;2011-87638;167.297;-22.676;
06/09/2021;14:30;2011-87638;167.296;-22.675;
06/09/2021;15:52;2011-87638;167.299;-22.673;
06/09/2021;20:24;2011-87638;167.289;-22.665;
06/09/2021;20:29;2011-87638;167.293;-22.663;
06/09/2021;20:53;2011-87638;167.293;-22.666;
06/09/2021;21:56;2011-87638;167.293;-22.662;
07/09/2021;02:41;2011-87638;167.295;-22.656;
07/09/2021;02:58;2011-87638;167.341;-22.671;
07/09/2021;08:43;2011-87638;167.365;-22.704;
07/09/2021;08:58;2011-87638;167.36;-22.717;
07/09/2021;13:58;2011-87638;167.337;-22.656;
07/09/2021;14:15;2011-87638;167.338;-22.642;
07/09/2021;15:25;2011-87638;167.319;-22.647;
07/09/2021;15:38;2011-87638;167.307;-22.636;
07/09/2021;19:59;2011-87638;167.258;-22.629;
07/09/2021;20:19;2011-87638;167.157;-22.668;
07/09/2021;20:29;2011-87638;167.25;-22.698;
07/09/2021;21:58;2011-87638;167.162;-22.687;
08/09/2021;01:07;2011-87638;167.113;-22.684;
08/09/2021;02:25;2011-87638;167.087;-22.678;
08/09/2021;02:49;2011-87638;167.121;-22.652;
08/09/2021;07:09;2011-87638;167.025;-22.618;
08/09/2021;07:09;2011-87638;167.064;-22.618;
08/09/2021;08:19;2011-87638;167.06;-22.611;
08/09/2021;08:49;2011-87638;167.156;-22.556;
08/09/2021;09:59;2011-87638;167.153;-22.537;
08/09/2021;13:47;2011-87638;167.035;-22.585;
08/09/2021;14:10;2011-87638;167.033;-22.578;
08/09/2021;15:24;2011-87638;167.029;-22.575;
08/09/2021;15:48;2011-87638;167.026;-22.572;
08/09/2021;19:34;2011-87638;166.963;-22.636;
08/09/2021;20:10;2011-87638;167.008;-22.661;
08/09/2021;21:13;2011-87638;167.059;-22.688;
08/09/2021;21:41;2011-87638;167.06;-22.69;
08/09/2021;21:41;2011-87638;167.06;-22.688;
09/09/2021;02:23;2011-87638;167.167;-22.766;
09/09/2021;02:37;2011-87638;167.123;-22.782;
09/09/2021;03:54;2011-87638;167.176;-22.812;
09/09/2021;07:54;2011-87638;167.147;-22.843;
09/09/2021;09:41;2011-87638;167.18;-22.871;
09/09/2021;14:00;2011-87638;167.233;-22.948;
09/09/2021;15:14;2011-87638;167.038;-23.053;
09/09/2021;15:39;2011-87638;167.019;-23.074;
09/09/2021;19:58;2011-87638;166.922;-23.154;
09/09/2021;20:53;2011-87638;167.144;-23.208;
09/09/2021;21:25;2011-87638;167.208;-23.18;
10/09/2021;02:05;2011-87638;167.577;-23.263;
10/09/2021;02:25;2011-87638;167.59;-23.21;
10/09/2021;03:48;2011-87638;167.647;-23.225;
10/09/2021;07:33;2011-87638;167.756;-23.226;
10/09/2021;08:25;2011-87638;167.846;-23.102;
10/09/2021;09:15;2011-87638;167.909;-23.088;
10/09/2021;09:51;2011-87638;167.908;-23.088;
10/09/2021;13:22;2011-87638;167.998;-23.058;
10/09/2021;13:49;2011-87638;168.092;-23.023;
10/09/2021;15:07;2011-87638;168.058;-23.031;
10/09/2021;15:29;2011-87638;167.957;-23.072;
10/09/2021;15:49;2011-87638;167.959;-23.075;
10/09/2021;19:44;2011-87638;167.909;-23.118;
10/09/2021;20:29;2011-87638;167.938;-23.114;
10/09/2021;21:06;2011-87638;167.908;-23.116;
11/09/2021;01:58;2011-87638;167.897;-23.129;
11/09/2021;02:15;2011-87638;167.768;-23.013;
11/09/2021;03:35;2011-87638;167.764;-22.936;
11/09/2021;08:08;2011-87638;167.787;-22.854;
11/09/2021;08:50;2011-87638;167.771;-22.821;
11/09/2021;09:31;2011-87638;167.769;-22.803;
11/09/2021;09:51;2011-87638;167.693;-22.856;
11/09/2021;13:38;2011-87638;167.689;-22.854;
11/09/2021;14:53;2011-87638;167.639;-22.776;
11/09/2021;15:13;2011-87638;167.637;-22.779;
11/09/2021;19:29;2011-87638;167.563;-22.735;
11/09/2021;20:06;2011-87638;167.558;-22.787;
11/09/2021;20:43;2011-87638;167.558;-22.797;
11/09/2021;21:05;2011-87638;167.556;-22.798;
11/09/2021;21:39;2011-87638;167.559;-22.757;
12/09/2021;02:06;2011-87638;167.538;-22.706;
12/09/2021;03:25;2011-87638;167.637;-22.697;
12/09/2021;03:51;2011-87638;167.59;-22.693;
12/09/2021;03:52;2011-87638;167.636;-22.698;
12/09/2021;07:10;2011-87638;167.518;-22.743;
12/09/2021;07:57;2011-87638;167.522;-22.741;
12/09/2021;08:24;2011-87638;167.518;-22.753;
12/09/2021;09:10;2011-87638;167.474;-22.705;
12/09/2021;09:39;2011-87638;167.527;-22.729;
12/09/2021;13:24;2011-87638;167.525;-22.783;
12/09/2021;14:37;2011-87638;167.515;-22.773;
12/09/2021;15:06;2011-87638;167.59;-22.825;
12/09/2021;19:20;2011-87638;167.697;-22.913;
12/09/2021;19:43;2011-87638;167.699;-22.901;
12/09/2021;20:26;2011-87638;167.72;-22.873;
13/09/2021;01:56;2011-87638;167.706;-22.876;
13/09/2021;03:12;2011-87638;167.674;-22.85;
13/09/2021;03:40;2011-87638;167.643;-22.844;
13/09/2021;07:46;2011-87638;167.594;-22.799;
13/09/2021;08:02;2011-87638;167.581;-22.789;
13/09/2021;08:53;2011-87638;167.614;-22.793;
13/09/2021;09:28;2011-87638;167.56;-22.762;
13/09/2021;09:43;2011-87638;167.552;-22.764;
13/09/2021;13:19;2011-87638;167.475;-22.784;
13/09/2021;14:37;2011-87638;167.457;-22.757;
13/09/2021;14:57;2011-87638;167.439;-22.736;
13/09/2021;19:08;2011-87638;167.406;-22.741;
13/09/2021;19:16;2011-87638;167.465;-22.754;
14/09/2021;01:45;2011-87638;167.277;-22.827;
14/09/2021;03:06;2011-87638;167.27;-22.829;
14/09/2021;03:26;2011-87638;167.266;-22.832;
14/09/2021;07:35;2011-87638;167.149;-22.862;
14/09/2021;07:41;2011-87638;167.137;-22.877;
14/09/2021;09:25;2011-87638;167.137;-22.874;
14/09/2021;13:07;2011-87638;167.083;-22.918;
14/09/2021;14:16;2011-87638;167.088;-22.922;
14/09/2021;14:46;2011-87638;167.11;-22.938;
14/09/2021;20:33;2011-87638;167.087;-23.038;
14/09/2021;20:35;2011-87638;167.081;-23.037;
14/09/2021;21:24;2011-87638;167.076;-23.05;
15/09/2021;01:33;2011-87638;166.941;-23.054;
15/09/2021;02:50;2011-87638;166.957;-23.037;
15/09/2021;03:19;2011-87638;166.947;-23.033;
15/09/2021;07:18;2011-87638;166.919;-23.025;
15/09/2021;07:24;2011-87638;166.925;-23.023;
15/09/2021;07:38;2011-87638;166.924;-23.023;
15/09/2021;08:55;2011-87638;166.844;-22.929;
15/09/2021;09:02;2011-87638;166.878;-22.909;
15/09/2021;09:44;2011-87638;166.821;-22.915;
15/09/2021;14:12;2011-87638;166.727;-22.813;
15/09/2021;14:36;2011-87638;166.724;-22.806;
15/09/2021;15:51;2011-87638;166.781;-22.804;
15/09/2021;20:12;2011-87638;166.677;-22.892;
15/09/2021;20:22;2011-87638;166.649;-22.9;
15/09/2021;20:58;2011-87638;166.681;-22.945;
15/09/2021;21:46;2011-87638;166.677;-22.955;
15/09/2021;21:59;2011-87638;166.664;-22.957;
16/09/2021;01:27;2011-87638;166.657;-22.984;
16/09/2021;02:44;2011-87638;166.737;-22.984;
16/09/2021;03:04;2011-87638;166.741;-22.993;
16/09/2021;07:13;2011-87638;166.806;-22.929;
16/09/2021;07:15;2011-87638;166.858;-22.966;
16/09/2021;08:31;2011-87638;166.865;-22.913;
16/09/2021;08:50;2011-87638;166.862;-22.908;
16/09/2021;09:32;2011-87638;166.873;-22.901;
16/09/2021;14:05;2011-87638;166.937;-22.893;
16/09/2021;14:24;2011-87638;166.925;-22.901;
16/09/2021;15:42;2011-87638;166.93;-22.908;
16/09/2021;19:49;2011-87638;166.954;-22.89;
17/09/2021;02:32;2011-87638;167.037;-23.028;
17/09/2021;02:56;2011-87638;167.048;-23.039;
17/09/2021;08:05;2011-87638;167.098;-23.002;
17/09/2021;08:37;2011-87638;167.043;-22.982;
17/09/2021;09:10;2011-87638;167.076;-22.977;
17/09/2021;09:48;2011-87638;167.048;-22.946;
17/09/2021;13:52;2011-87638;166.99;-22.889;
17/09/2021;14:14;2011-87638;167.126;-22.901;
17/09/2021;15:30;2011-87638;167.163;-22.885;
17/09/2021;15:53;2011-87638;167.162;-22.88;
17/09/2021;19:19;2011-87638;167.258;-22.772;
17/09/2021;19:58;2011-87638;167.214;-22.799;
17/09/2021;20:25;2011-87638;167.217;-22.799;
17/09/2021;21:01;2011-87638;167.307;-22.753;
17/09/2021;21:01;2011-87638;167.307;-22.753;
17/09/2021;21:37;2011-87638;167.325;-22.737;
17/09/2021;21:59;2011-87638;167.336;-22.724;
18/09/2021;02:20;2011-87638;167.441;-22.65;
18/09/2021;02:52;2011-87638;167.411;-22.698;
18/09/2021;03:57;2011-87638;167.427;-22.692;
18/09/2021;07:46;2011-87638;167.468;-22.708;
18/09/2021;08:31;2011-87638;167.401;-22.725;
18/09/2021;08:47;2011-87638;167.439;-22.713;
18/09/2021;09:28;2011-87638;167.395;-22.717;
18/09/2021;13:37;2011-87638;167.377;-22.707;
18/09/2021;14:03;2011-87638;167.373;-22.706;
18/09/2021;15:20;2011-87638;167.375;-22.71;
18/09/2021;19:47;2011-87638;167.35;-22.702;
18/09/2021;20:31;2011-87638;167.357;-22.66;
18/09/2021;21:38;2011-87638;167.338;-22.697;
19/09/2021;02:08;2011-87638;167.351;-22.717;
19/09/2021;02:31;2011-87638;167.356;-22.705;
19/09/2021;03:49;2011-87638;167.369;-22.711;
19/09/2021;08:13;2011-87638;167.367;-22.715;
19/09/2021;09:02;2011-87638;167.386;-22.728;
19/09/2021;13:57;2011-87638;167.445;-22.862;
19/09/2021;15:09;2011-87638;167.491;-22.878;
19/09/2021;15:34;2011-87638;167.498;-22.883;
19/09/2021;15:36;2011-87638;167.493;-22.872;
19/09/2021;19:37;2011-87638;167.663;-22.869;
19/09/2021;20:15;2011-87638;167.674;-22.873;
19/09/2021;21:15;2011-87638;167.697;-22.883;
19/09/2021;21:19;2011-87638;167.682;-22.882;
19/09/2021;21:56;2011-87638;167.696;-22.888;
20/09/2021;03:39;2011-87638;167.777;-22.888;
20/09/2021;08:40;2011-87638;167.734;-22.86;
20/09/2021;19:22;2011-87638;167.972;-22.851;
20/09/2021;21:00;2011-87638;167.862;-22.83;
20/09/2021;21:00;2011-87638;167.875;-22.835;
20/09/2021;21:28;2011-87638;167.906;-22.842;
21/09/2021;01:50;2011-87638;167.919;-22.987;
21/09/2021;03:54;2011-87638;167.985;-23.03;
22/09/2021;03:54;2011-87638;158.785994;-46.366811;out of domain 
31/08/2021;19:22;2011-87759;166.696;-22.389;
31/08/2021;20:03;2011-87759;166.703;-22.454;
01/09/2021;02:29;2011-87759;166.638;-22.451;
01/09/2021;13:37;2011-87759;167.442;-22.819;
01/09/2021;19:43;2011-87759;167.504;-22.88;
01/09/2021;21:28;2011-87759;167.253;-23.231;
02/09/2021;02:14;2011-87759;167.577;-23.651;
02/09/2021;08:57;2011-87759;167.62;-24.197;
02/09/2021;13:33;2011-87759;167.651;-24.478;
03/09/2021;08:37;2011-87759;167.587;-24.747;
04/09/2021;03:17;2011-87759;167.807;-25.703;
04/09/2021;08:16;2011-87759;167.877;-25.969;
04/09/2021;09:30;2011-87759;167.884;-26.068;
04/09/2021;09:52;2011-87759;167.773;-26.078;
04/09/2021;13:09;2011-87759;167.75;-26.128;
04/09/2021;14:30;2011-87759;167.842;-26.269;
04/09/2021;19:17;2011-87759;167.854;-26.487;
04/09/2021;20:50;2011-87759;167.856;-26.441;
04/09/2021;21:26;2011-87759;167.716;-26.408;
05/09/2021;13:01;2011-87759;166.495;-26.603;
05/09/2021;20:47;2011-87759;166.119;-26.688;
05/09/2021;20:47;2011-87759;166.119;-26.652;
05/09/2021;21:13;2011-87759;167.069;-27.711;
06/09/2021;01:28;2011-87759;166.739;-27.806;
06/09/2021;02:53;2011-87759;166.906;-27.801;
06/09/2021;03:05;2011-87759;167.016;-27.847;
06/09/2021;09:10;2011-87759;166.914;-27.964;
06/09/2021;09:10;2011-87759;167.765;-28.23;
06/09/2021;14:32;2011-87759;167.608;-28.874;
06/09/2021;20:19;2011-87759;167.524;-29.066;
06/09/2021;20:34;2011-87759;167.318;-29.053;
07/09/2021;07:29;2011-87759;167.182;-29.536;
07/09/2021;08:57;2011-87759;167.149;-29.609;
07/09/2021;20:01;2011-87759;166.874;-30.241;
08/09/2021;02:23;2011-87759;167.173;-30.06;
08/09/2021;14:08;2011-87759;167.041;-30.643;
08/09/2021;20:10;2011-87759;166.956;-30.974;
08/09/2021;21:14;2011-87759;167.526;-30.934;
08/09/2021;21:53;2011-87759;167.525;-30.936;
09/09/2021;02:20;2011-87759;167.55;-30.961;
09/09/2021;02:36;2011-87759;167.643;-31.117;
09/09/2021;03:56;2011-87759;167.65;-31.125;
09/09/2021;09:33;2011-87759;167.672;-31.153;
09/09/2021;13:36;2011-87759;167.692;-31.325;
09/09/2021;14:05;2011-87759;167.657;-31.371;
09/09/2021;15:18;2011-87759;167.578;-31.39;
09/09/2021;19:15;2011-87759;167.447;-31.647;
09/09/2021;20:53;2011-87759;167.504;-31.739;
10/09/2021;03:46;2011-87759;167.583;-32.003;
10/09/2021;09:11;2011-87759;167.578;-32.168;
10/09/2021;13:52;2011-87759;167.592;-32.319;
10/09/2021;19:47;2011-87759;167.645;-32.529;
10/09/2021;20:25;2011-87759;167.676;-32.341;
11/09/2021;15:15;2011-87759;167.879;-32.279;
11/09/2021;19:32;2011-87759;167.591;-32.479;
11/09/2021;20:06;2011-87759;167.96;-32.57;
11/09/2021;20:52;2011-87759;167.961;-32.593;
11/09/2021;21:12;2011-87759;167.978;-32.586;
11/09/2021;21:48;2011-87759;167.947;-32.612;
12/09/2021;07:54;2011-87759;167.917;-32.744;
12/09/2021;14:41;2011-87759;167.932;-32.895;
12/09/2021;19:35;2011-87759;167.872;-32.827;
12/09/2021;20:25;2011-87759;167.899;-32.675;
13/09/2021;03:36;2011-87759;167.872;-32.737;
13/09/2021;14:31;2011-87759;167.841;-32.805;
14/09/2021;01:48;2011-87759;167.785;-32.746;
14/09/2021;14:52;2011-87759;167.672;-32.668;
15/09/2021;07:38;2011-87759;167.638;-32.484;
15/09/2021;08:54;2011-87759;167.639;-32.493;
16/09/2021;15:38;2011-87759;167.949;-32.37;
16/09/2021;20:18;2011-87759;168.076;-32.355;
17/09/2021;19:23;2011-87759;169.38;-32.392;
17/09/2021;19:23;2011-87759;169.38;-32.392;
17/09/2021;20:03;2011-87759;168.349;-32.165;
17/09/2021;21:03;2011-87759;168.37;-32.272;
18/09/2021;07:41;2011-87759;168.768;-32.402;
18/09/2021;08:29;2011-87759;169.763;-32.981;
18/09/2021;09:28;2011-87759;168.646;-32.298;
18/09/2021;14:07;2011-87759;168.902;-31.789;
18/09/2021;15:21;2011-87759;169.084;-31.978;
18/09/2021;20:04;2011-87759;169.553;-32.041;
20/09/2021;07:19;2011-87759;172.122;-33.342;
21/09/2021;07:19;2011-87759;158.785994;-46.366811;out of domain 
31/08/2021;03:54;2011-87760;167.215;-22.571;
31/08/2021;07:05;2011-87760;167.298;-22.588;
31/08/2021;08:07;2011-87760;167.266;-22.638;
31/08/2021;08:40;2011-87760;167.238;-22.627;
31/08/2021;09:47;2011-87760;167.214;-22.587;
31/08/2021;09:57;2011-87760;167.214;-22.592;
31/08/2021;13:34;2011-87760;167.15;-22.549;
31/08/2021;13:49;2011-87760;167.208;-22.531;
31/08/2021;15:14;2011-87760;167.189;-22.544;
31/08/2021;15:28;2011-87760;167.189;-22.546;
31/08/2021;20:05;2011-87760;167.2;-22.601;
31/08/2021;21:00;2011-87760;167.188;-22.609;
31/08/2021;21:11;2011-87760;167.226;-22.624;
31/08/2021;21:44;2011-87760;167.226;-22.612;
01/09/2021;02:04;2011-87760;167.22;-22.622;
01/09/2021;02:18;2011-87760;167.323;-22.685;
01/09/2021;03:43;2011-87760;167.311;-22.688;
01/09/2021;08:27;2011-87760;167.386;-22.722;
01/09/2021;09:25;2011-87760;167.416;-22.73;
01/09/2021;09:40;2011-87760;167.438;-22.722;
01/09/2021;13:43;2011-87760;167.563;-22.766;
01/09/2021;15:04;2011-87760;167.643;-22.781;
01/09/2021;15:21;2011-87760;167.652;-22.771;
01/09/2021;19:44;2011-87760;167.775;-22.814;
01/09/2021;20:37;2011-87760;167.619;-22.856;
01/09/2021;20:48;2011-87760;167.612;-22.854;
01/09/2021;21:28;2011-87760;167.566;-22.858;
02/09/2021;01:49;2011-87760;167.329;-22.907;
02/09/2021;02:07;2011-87760;167.327;-22.885;
02/09/2021;03:35;2011-87760;167.277;-22.894;
02/09/2021;03:54;2011-87760;167.254;-22.89;
02/09/2021;08:20;2011-87760;167.089;-22.912;
02/09/2021;09:02;2011-87760;167.094;-22.918;
02/09/2021;09:20;2011-87760;167.068;-22.937;
02/09/2021;09:57;2011-87760;167.065;-22.96;
02/09/2021;13:31;2011-87760;167.023;-23.013;
02/09/2021;14:51;2011-87760;167.026;-23.027;
02/09/2021;15:09;2011-87760;167.003;-23.022;
02/09/2021;15:44;2011-87760;166.994;-23.031;
02/09/2021;19:36;2011-87760;166.959;-23.02;
02/09/2021;20:17;2011-87760;167.001;-23.006;
02/09/2021;20:30;2011-87760;167.022;-23.02;
02/09/2021;21:15;2011-87760;167.047;-23.026;
02/09/2021;21:52;2011-87760;167.038;-23.017;
03/09/2021;02:04;2011-87760;167.048;-23.034;
03/09/2021;03:19;2011-87760;167.112;-22.993;
03/09/2021;08:05;2011-87760;167.148;-22.777;
03/09/2021;08:36;2011-87760;167.143;-22.752;
03/09/2021;09:01;2011-87760;167.148;-22.741;
03/09/2021;09:46;2011-87760;167.155;-22.693;
03/09/2021;13:20;2011-87760;167.086;-22.548;
03/09/2021;14:40;2011-87760;167.051;-22.495;
03/09/2021;15:02;2011-87760;167.051;-22.495;
03/09/2021;15:20;2011-87760;167.049;-22.488;
03/09/2021;19:25;2011-87760;166.9;-22.381;
03/09/2021;19:51;2011-87760;166.991;-22.37;
03/09/2021;21:05;2011-87760;166.869;-22.367;
03/09/2021;21:24;2011-87760;166.869;-22.372;
03/09/2021;21:52;2011-87760;166.871;-22.379;
04/09/2021;01:51;2011-87760;166.935;-22.344;
04/09/2021;03:08;2011-87760;166.935;-22.387;
04/09/2021;03:31;2011-87760;166.955;-22.38;
04/09/2021;07:08;2011-87760;166.955;-22.393;
04/09/2021;07:54;2011-87760;166.877;-22.392;
04/09/2021;08:12;2011-87760;166.925;-22.44;
04/09/2021;09:37;2011-87760;166.893;-22.451;
04/09/2021;09:54;2011-87760;166.88;-22.449;
04/09/2021;13:09;2011-87760;166.868;-22.424;
04/09/2021;14:30;2011-87760;166.9;-22.4;
04/09/2021;14:51;2011-87760;166.909;-22.391;
04/09/2021;19:12;2011-87760;166.896;-22.307;
04/09/2021;19:23;2011-87760;166.874;-22.347;
04/09/2021;20:54;2011-87760;167.112;-22.265;
04/09/2021;21:34;2011-87760;167.119;-22.256;
05/09/2021;03:28;2011-87760;167.325;-22.157;
05/09/2021;07:42;2011-87760;167.132;-22.292;
05/09/2021;07:53;2011-87760;167.083;-22.27;
05/09/2021;09:24;2011-87760;167.038;-22.227;
05/09/2021;09:29;2011-87760;167.033;-22.219;
05/09/2021;09:55;2011-87760;167.011;-22.2;
05/09/2021;13:00;2011-87760;167.022;-22.16;
05/09/2021;14:13;2011-87760;166.839;-22.009;
05/09/2021;14:35;2011-87760;166.84;-22.01;
05/09/2021;15:55;2011-87760;166.781;-21.951;
05/09/2021;19:05;2011-87760;166.64;-21.811;
05/09/2021;20:39;2011-87760;166.716;-21.89;
05/09/2021;20:42;2011-87760;166.689;-21.852;
05/09/2021;21:07;2011-87760;166.622;-21.851;
06/09/2021;01:33;2011-87760;166.616;-21.847;
06/09/2021;02:57;2011-87760;166.53;-21.828;
06/09/2021;03:14;2011-87760;166.583;-21.822;
06/09/2021;07:30;2011-87760;166.523;-21.792;
06/09/2021;09:05;2011-87760;166.367;-21.742;
06/09/2021;09:12;2011-87760;166.521;-21.72;
06/09/2021;09:36;2011-87760;166.499;-21.706;
06/09/2021;14:28;2011-87760;166.324;-21.589;
06/09/2021;15:47;2011-87760;166.39;-21.626;
06/09/2021;15:47;2011-87760;166.391;-21.626;
06/09/2021;20:19;2011-87760;166.426;-21.666;
06/09/2021;20:29;2011-87760;166.42;-21.656;
06/09/2021;20:47;2011-87760;166.458;-21.657;
06/09/2021;21:55;2011-87760;166.457;-21.672;
07/09/2021;01:19;2011-87760;166.493;-21.717;
07/09/2021;03:00;2011-87760;166.519;-21.759;
07/09/2021;07:17;2011-87760;166.553;-21.831;
07/09/2021;08:43;2011-87760;166.544;-21.864;
07/09/2021;08:59;2011-87760;166.558;-21.867;
07/09/2021;14:19;2011-87760;166.617;-21.867;
07/09/2021;15:37;2011-87760;166.668;-21.942;
07/09/2021;19:51;2011-87760;166.721;-22.046;
07/09/2021;20:10;2011-87760;166.76;-22.09;
07/09/2021;20:29;2011-87760;166.778;-22.047;
08/09/2021;02:33;2011-87760;167.151;-22.17;
08/09/2021;07:09;2011-87760;167.105;-22.333;
08/09/2021;08:20;2011-87760;167.175;-22.366;
08/09/2021;08:44;2011-87760;167.177;-22.385;
08/09/2021;09:56;2011-87760;167.223;-22.421;
08/09/2021;14:08;2011-87760;167.151;-22.502;
08/09/2021;15:28;2011-87760;167.355;-22.569;
08/09/2021;19:59;2011-87760;167.636;-22.605;
08/09/2021;21:12;2011-87760;167.205;-22.73;
08/09/2021;21:44;2011-87760;167.191;-22.712;
08/09/2021;21:44;2011-87760;167.218;-22.726;
09/09/2021;02:41;2011-87760;167.238;-22.858;
09/09/2021;03:58;2011-87760;167.245;-22.854;
09/09/2021;08:36;2011-87760;167.237;-22.9;
09/09/2021;09:37;2011-87760;167.223;-22.938;
09/09/2021;13:35;2011-87760;167.193;-22.99;
09/09/2021;13:56;2011-87760;167.214;-22.983;
09/09/2021;15:17;2011-87760;167.172;-22.963;
09/09/2021;15:38;2011-87760;167.173;-22.962;
09/09/2021;19:09;2011-87760;167.198;-22.979;
09/09/2021;19:58;2011-87760;167.215;-22.938;
09/09/2021;20:48;2011-87760;167.184;-22.903;
09/09/2021;21:24;2011-87760;167.192;-22.89;
09/09/2021;21:36;2011-87760;167.177;-22.887;
10/09/2021;02:06;2011-87760;167.19;-22.802;
10/09/2021;02:23;2011-87760;167.127;-22.797;
10/09/2021;03:52;2011-87760;167.118;-22.817;
10/09/2021;07:33;2011-87760;167.174;-22.802;
10/09/2021;08:25;2011-87760;167.176;-22.878;
10/09/2021;09:12;2011-87760;167.186;-22.887;
10/09/2021;09:53;2011-87760;167.212;-22.891;
10/09/2021;13:46;2011-87760;167.271;-22.891;
10/09/2021;15:08;2011-87760;167.292;-22.9;
10/09/2021;15:27;2011-87760;167.276;-22.899;
10/09/2021;15:51;2011-87760;167.302;-22.905;
10/09/2021;19:39;2011-87760;167.238;-22.914;
10/09/2021;20:29;2011-87760;167.234;-22.928;
10/09/2021;21:09;2011-87760;167.226;-22.927;
10/09/2021;21:24;2011-87760;167.239;-22.926;
11/09/2021;02:19;2011-87760;167.23;-22.788;
11/09/2021;03:35;2011-87760;167.257;-22.751;
11/09/2021;08:10;2011-87760;167.245;-22.701;
11/09/2021;08:47;2011-87760;167.255;-22.782;
11/09/2021;09:34;2011-87760;167.172;-22.783;
11/09/2021;09:54;2011-87760;167.159;-22.8;
11/09/2021;13:15;2011-87760;167.176;-22.847;
11/09/2021;13:40;2011-87760;167.208;-22.817;
11/09/2021;14:55;2011-87760;167.199;-22.783;
11/09/2021;15:16;2011-87760;167.184;-22.779;
11/09/2021;19:25;2011-87760;167.137;-22.794;
11/09/2021;19:59;2011-87760;167.153;-22.796;
11/09/2021;20:42;2011-87760;167.052;-22.876;
11/09/2021;21:10;2011-87760;167.057;-22.89;
11/09/2021;21:44;2011-87760;167.058;-22.89;
12/09/2021;02:04;2011-87760;167.303;-22.973;
12/09/2021;03:22;2011-87760;167.322;-23.037;
12/09/2021;03:53;2011-87760;167.308;-23.028;
12/09/2021;07:12;2011-87760;167.312;-23.051;
12/09/2021;07:58;2011-87760;167.239;-23.018;
12/09/2021;08:25;2011-87760;167.234;-23.018;
12/09/2021;09:11;2011-87760;167.225;-23.002;
12/09/2021;09:42;2011-87760;167.222;-23.009;
12/09/2021;13:24;2011-87760;167.289;-23.013;
12/09/2021;14:46;2011-87760;167.282;-23.008;
12/09/2021;15:06;2011-87760;167.288;-23.016;
12/09/2021;19:20;2011-87760;167.292;-23.012;
12/09/2021;19:34;2011-87760;167.294;-23.006;
12/09/2021;20:27;2011-87760;167.294;-23.078;
12/09/2021;20:58;2011-87760;167.251;-23.021;
12/09/2021;21:13;2011-87760;167.248;-23.025;
12/09/2021;21:59;2011-87760;167.242;-23.025;
13/09/2021;02:00;2011-87760;167.173;-22.989;
13/09/2021;03:16;2011-87760;167.225;-22.969;
13/09/2021;03:39;2011-87760;167.215;-22.965;
13/09/2021;07:48;2011-87760;167.153;-22.891;
13/09/2021;08:01;2011-87760;167.149;-22.883;
13/09/2021;09:25;2011-87760;167.096;-22.887;
13/09/2021;09:42;2011-87760;167.098;-22.894;
13/09/2021;13:13;2011-87760;167.119;-22.811;
13/09/2021;14:32;2011-87760;167.13;-22.79;
13/09/2021;14:55;2011-87760;167.13;-22.783;
13/09/2021;19:12;2011-87760;167.116;-22.739;
13/09/2021;20:48;2011-87760;167.123;-22.759;
13/09/2021;20:57;2011-87760;167.127;-22.774;
13/09/2021;21:42;2011-87760;167.139;-22.766;
14/09/2021;01:45;2011-87760;167.136;-22.755;
14/09/2021;03:03;2011-87760;167.14;-22.809;
14/09/2021;03:29;2011-87760;167.141;-22.81;
14/09/2021;09:13;2011-87760;167.106;-22.788;
14/09/2021;09:24;2011-87760;167.104;-22.778;
14/09/2021;14:23;2011-87760;167.1;-22.784;
14/09/2021;14:42;2011-87760;167.108;-22.795;
14/09/2021;20:32;2011-87760;167.13;-22.902;
14/09/2021;20:33;2011-87760;167.122;-22.892;
15/09/2021;01:34;2011-87760;167.131;-22.895;
15/09/2021;02:53;2011-87760;167.176;-22.86;
15/09/2021;03:21;2011-87760;167.176;-22.86;
15/09/2021;07:29;2011-87760;167.208;-22.833;
15/09/2021;08:57;2011-87760;167.105;-22.72;
15/09/2021;09:05;2011-87760;167.12;-22.709;
15/09/2021;09:50;2011-87760;167.093;-22.696;
15/09/2021;14:16;2011-87760;167.173;-22.677;
15/09/2021;14:37;2011-87760;167.211;-22.708;
15/09/2021;15:50;2011-87760;167.264;-22.701;
15/09/2021;20:06;2011-87760;167.298;-22.813;
15/09/2021;20:23;2011-87760;167.312;-22.826;
15/09/2021;21:04;2011-87760;167.343;-22.844;
15/09/2021;21:50;2011-87760;167.339;-22.872;
16/09/2021;01:26;2011-87760;167.474;-22.895;
16/09/2021;02:38;2011-87760;167.46;-22.869;
16/09/2021;03:06;2011-87760;167.484;-22.825;
16/09/2021;07:17;2011-87760;167.529;-22.832;
16/09/2021;08:33;2011-87760;167.575;-22.857;
16/09/2021;08:55;2011-87760;167.584;-22.863;
16/09/2021;09:26;2011-87760;167.588;-22.868;
16/09/2021;13:57;2011-87760;167.681;-22.904;
16/09/2021;14:24;2011-87760;167.701;-22.886;
16/09/2021;15:42;2011-87760;167.713;-22.926;
16/09/2021;19:44;2011-87760;167.793;-23.012;
16/09/2021;20:13;2011-87760;167.687;-23.025;
16/09/2021;20:43;2011-87760;167.715;-23.04;
16/09/2021;21:22;2011-87760;167.717;-23.052;
16/09/2021;21:50;2011-87760;167.779;-23.093;
17/09/2021;03:01;2011-87760;168.103;-23.265;
17/09/2021;08:07;2011-87760;168.106;-23.258;
17/09/2021;08:44;2011-87760;167.978;-23.226;
17/09/2021;09:07;2011-87760;168.106;-23.233;
17/09/2021;09:48;2011-87760;167.913;-23.158;
17/09/2021;13:51;2011-87760;167.596;-23.195;
17/09/2021;14:10;2011-87760;167.812;-23.095;
17/09/2021;15:25;2011-87760;167.865;-23.08;
17/09/2021;19:18;2011-87760;167.668;-22.956;
17/09/2021;19:55;2011-87760;167.587;-23.04;
17/09/2021;21:02;2011-87760;167.752;-23.02;
18/09/2021;02:22;2011-87760;167.819;-22.996;
18/09/2021;02:50;2011-87760;167.83;-23.004;
18/09/2021;07:46;2011-87760;167.721;-22.955;
18/09/2021;08:25;2011-87760;167.67;-22.922;
18/09/2021;09:24;2011-87760;167.712;-22.893;
18/09/2021;13:38;2011-87760;167.506;-22.797;
18/09/2021;14:05;2011-87760;167.45;-22.852;
18/09/2021;15:17;2011-87760;167.413;-22.865;
18/09/2021;19:48;2011-87760;167.304;-22.759;
18/09/2021;21:24;2011-87760;167.279;-22.732;
18/09/2021;21:40;2011-87760;167.204;-22.737;
19/09/2021;02:12;2011-87760;167.093;-22.658;
19/09/2021;02:33;2011-87760;167.083;-22.643;
19/09/2021;08:15;2011-87760;167.083;-22.773;
19/09/2021;09:03;2011-87760;167.069;-22.794;
19/09/2021;15:31;2011-87760;166.917;-22.869;
19/09/2021;21:10;2011-87760;166.872;-22.967;
20/09/2021;02:26;2011-87760;166.973;-23.138;
20/09/2021;03:42;2011-87760;167.166;-23.151;
20/09/2021;08:05;2011-87760;167.248;-23.075;
20/09/2021;08:40;2011-87760;167.23;-23.069;
20/09/2021;09:43;2011-87760;167.291;-23.079;
20/09/2021;13:41;2011-87760;167.23;-23.004;
20/09/2021;14:56;2011-87760;167.255;-22.971;
20/09/2021;19:25;2011-87760;167.276;-22.924;
20/09/2021;19:46;2011-87760;167.213;-22.908;
20/09/2021;21:29;2011-87760;167.156;-22.943;
21/09/2021;03:52;2011-87760;167.137;-22.914;
21/09/2021;08:14;2011-87760;167.223;-22.92;
21/09/2021;08:14;2011-87760;167.223;-22.92;
21/09/2021;09:35;2011-87760;167.213;-22.929;
21/09/2021;13:30;2011-87760;167.23;-22.967;
21/09/2021;19:08;2011-87760;167.234;-22.968;
21/09/2021;19:26;2011-87760;167.24;-22.962;
22/09/2021;07:41;2011-87760;167.24;-22.895;
22/09/2021;07:48;2011-87760;167.242;-22.807;
23/09/2021;13:13;2011-87760;167.436;-22.676;
23/09/2021;20:32;2011-87760;167.482;-22.667;
23/09/2021;21:39;2011-87760;167.505;-22.652;
24/09/2021;08:46;2011-87760;167.473;-23.287;
24/09/2021;09:00;2011-87760;166.743;-23.602;
24/09/2021;14:43;2011-87760;166.682;-23.745;
24/09/2021;19:54;2011-87760;167.171;-23.251;
25/09/2021;02:48;2011-87760;167.92;-23.419;
25/09/2021;08:50;2011-87760;168.223;-23.415;
25/09/2021;14:29;2011-87760;168.484;-23.442;
25/09/2021;19:31;2011-87760;168.49;-23.374;
25/09/2021;20:00;2011-87760;168.224;-23.365;
26/09/2021;02:37;2011-87760;168.249;-23.351;
26/09/2021;08:36;2011-87760;168.295;-23.31;
26/09/2021;09:41;2011-87760;168.064;-23.385;
26/09/2021;14:14;2011-87760;167.788;-23.48;
26/09/2021;20:51;2011-87760;167.392;-23.66;
27/09/2021;02:27;2011-87760;167.814;-23.593;
27/09/2021;09:17;2011-87760;168.07;-23.468;
28/09/2021;03:51;2011-87760;167.822;-23.641;
28/09/2021;08:09;2011-87760;168.042;-23.411;
28/09/2021;08:53;2011-87760;168.085;-23.415;
28/09/2021;14:00;2011-87760;168.136;-23.455;
28/09/2021;20:07;2011-87760;168.186;-23.456;
29/09/2021;08:26;2011-87760;168.137;-23.468;
29/09/2021;13:49;2011-87760;168.129;-23.481;
29/09/2021;14:58;2011-87760;168.128;-23.482;
30/09/2021;02:20;2011-87760;168.085;-23.656;
30/09/2021;03:31;2011-87760;168.074;-23.67;
30/09/2021;15:16;2011-87760;168.017;-23.752;
01/10/2021;15:16;2011-87760;158.785994;-46.366811;out of domain 
17/09/2021;09:06;2011-87762;168.163;-23.422;
17/09/2021;13:51;2011-87762;168.215;-23.496;
18/09/2021;20:39;2011-87762;168.099;-23.364;
18/09/2021;21:38;2011-87762;168.097;-23.364;
19/09/2021;02:08;2011-87762;168.151;-23.407;
19/09/2021;09:07;2011-87762;168.196;-23.445;
19/09/2021;13:52;2011-87762;168.165;-23.438;
19/09/2021;15:08;2011-87762;168.244;-23.452;
19/09/2021;21:12;2011-87762;168.3;-23.492;
21/09/2021;02:13;2011-87762;168.261;-23.425;
22/09/2021;09:23;2011-87762;168.298;-23.427;
22/09/2021;21:57;2011-87762;168.611;-23.469;
23/09/2021;20:22;2011-87762;168.304;-23.434;
23/09/2021;20:22;2011-87762;168.216;-23.446;
23/09/2021;21:34;2011-87762;168.12;-23.398;
24/09/2021;21:34;2011-87762;158.785994;-46.366811;out of domain 
02/01/2021;01:16;2012-87761;-164.436;-61.764;
02/01/2021;02:55;2012-87761;-164.357;-61.802;
02/01/2021;03:46;2012-87761;-164.319;-61.77;
02/01/2021;07:08;2012-87761;-164.375;-61.761;
02/01/2021;07:28;2012-87761;-164.321;-61.748;
02/01/2021;07:39;2012-87761;-164.374;-61.788;
02/01/2021;08:30;2012-87761;-164.366;-61.784;
02/01/2021;09:13;2012-87761;-164.343;-61.789;
02/01/2021;09:13;2012-87761;-164.361;-61.785;
02/01/2021;09:33;2012-87761;-164.347;-61.786;
02/01/2021;10:04;2012-87761;-164.38;-61.79;
02/01/2021;10:05;2012-87761;-164.382;-61.79;
02/01/2021;13:20;2012-87761;-164.299;-61.792;
02/01/2021;13:38;2012-87761;-164.373;-61.784;
02/01/2021;15:18;2012-87761;-164.365;-61.8;
02/01/2021;15:54;2012-87761;-164.369;-61.804;
02/01/2021;19:11;2012-87761;-164.383;-61.805;
02/01/2021;19:14;2012-87761;-164.231;-61.924;
02/01/2021;20:43;2012-87761;-164.185;-61.973;
02/01/2021;20:51;2012-87761;-164.176;-61.986;
04/01/2021;02:33;2012-87761;-163.407;-62.559;
04/01/2021;03:03;2012-87761;-164.349;-62.762;
04/01/2021;07:41;2012-87761;-164.288;-62.794;
04/01/2021;07:58;2012-87761;-164.307;-62.781;
04/01/2021;08:04;2012-87761;-164.328;-62.807;
04/01/2021;08:28;2012-87761;-164.188;-62.806;
04/01/2021;08:47;2012-87761;-164.178;-62.822;
04/01/2021;09:18;2012-87761;-164.168;-62.843;
04/01/2021;13:27;2012-87761;-164.067;-62.902;
04/01/2021;13:50;2012-87761;-164.061;-62.905;
04/01/2021;14:13;2012-87761;-164.055;-62.921;
04/01/2021;14:33;2012-87761;-164.019;-62.913;
04/01/2021;14:41;2012-87761;-163.983;-62.974;
04/01/2021;15:55;2012-87761;-163.885;-63.025;
04/01/2021;19:16;2012-87761;-163.706;-63.087;
04/01/2021;20:04;2012-87761;-163.721;-63.085;
04/01/2021;21:42;2012-87761;-163.636;-63.13;
06/01/2021;02:14;2012-87761;-163.087;-62.95;
06/01/2021;02:42;2012-87761;-163.07;-62.957;
06/01/2021;03:49;2012-87761;-163.168;-62.948;
06/01/2021;07:09;2012-87761;-163.104;-62.979;
06/01/2021;07:10;2012-87761;-163.137;-62.942;
06/01/2021;07:38;2012-87761;-163.128;-62.917;
06/01/2021;07:49;2012-87761;-163.087;-62.926;
06/01/2021;08:29;2012-87761;-163.117;-62.928;
06/01/2021;08:35;2012-87761;-163.1;-62.923;
06/01/2021;08:46;2012-87761;-163.116;-62.93;
06/01/2021;08:49;2012-87761;-163.072;-62.932;
06/01/2021;09:25;2012-87761;-163.058;-62.927;
06/01/2021;10:03;2012-87761;-163.122;-62.934;
06/01/2021;13:27;2012-87761;-163.058;-62.929;
06/01/2021;13:29;2012-87761;-163.06;-62.934;
06/01/2021;13:40;2012-87761;-163.03;-62.965;
06/01/2021;13:53;2012-87761;-163.051;-62.944;
06/01/2021;14:23;2012-87761;-162.964;-62.986;
06/01/2021;15:04;2012-87761;-163.044;-62.943;
06/01/2021;15:05;2012-87761;-163.001;-62.961;
06/01/2021;15:19;2012-87761;-162.873;-62.957;
06/01/2021;16:03;2012-87761;-162.821;-62.932;
06/01/2021;19:20;2012-87761;-162.872;-62.868;
06/01/2021;20:06;2012-87761;-162.989;-62.885;
08/01/2021;01:55;2012-87761;-162.702;-62.804;
08/01/2021;02:14;2012-87761;-162.708;-62.817;
08/01/2021;03:03;2012-87761;-162.715;-62.813;
08/01/2021;03:33;2012-87761;-162.721;-62.813;
08/01/2021;04:00;2012-87761;-162.724;-62.811;
08/01/2021;07:06;2012-87761;-162.879;-62.8;
08/01/2021;07:47;2012-87761;-162.899;-62.795;
08/01/2021;08:03;2012-87761;-162.838;-62.769;
08/01/2021;08:47;2012-87761;-162.928;-62.789;
08/01/2021;09:22;2012-87761;-162.892;-62.768;
08/01/2021;09:40;2012-87761;-162.923;-62.76;
08/01/2021;13:56;2012-87761;-162.972;-62.716;
08/01/2021;14:32;2012-87761;-162.958;-62.726;
08/01/2021;15:40;2012-87761;-162.925;-62.705;
08/01/2021;15:56;2012-87761;-162.888;-62.735;
08/01/2021;19:18;2012-87761;-162.891;-62.719;
08/01/2021;19:40;2012-87761;-162.924;-62.7;
08/01/2021;20:21;2012-87761;-162.772;-62.748;
10/01/2021;01:30;2012-87761;-163.25;-62.396;
10/01/2021;01:55;2012-87761;-163.016;-62.65;
10/01/2021;03:34;2012-87761;-162.804;-62.299;
10/01/2021;03:50;2012-87761;-162.793;-62.422;
10/01/2021;07:12;2012-87761;-162.66;-62.446;
10/01/2021;07:38;2012-87761;-162.79;-62.312;
10/01/2021;08:06;2012-87761;-162.778;-62.31;
10/01/2021;09:47;2012-87761;-162.752;-62.298;
10/01/2021;09:49;2012-87761;-162.721;-62.286;
10/01/2021;13:08;2012-87761;-162.662;-62.284;
10/01/2021;13:34;2012-87761;-162.826;-62.313;
10/01/2021;13:45;2012-87761;-162.756;-62.338;
10/01/2021;15:12;2012-87761;-162.76;-62.365;
10/01/2021;15:22;2012-87761;-162.766;-62.361;
10/01/2021;15:57;2012-87761;-162.755;-62.364;
10/01/2021;19:40;2012-87761;-162.702;-62.187;
10/01/2021;21:21;2012-87761;-162.704;-62.184;
12/01/2021;01:08;2012-87761;-164.913;-63.318;
12/01/2021;01:31;2012-87761;-163.232;-63.011;
12/01/2021;02:54;2012-87761;-161.518;-62.856;
12/01/2021;03:04;2012-87761;-162.37;-63.058;
12/01/2021;03:14;2012-87761;-162.324;-63.063;
12/01/2021;07:23;2012-87761;-161.433;-63.059;
12/01/2021;08:58;2012-87761;-161.039;-63.059;
12/01/2021;08:58;2012-87761;-161.306;-62.917;
12/01/2021;13:13;2012-87761;-160.461;-63.061;
12/01/2021;14:23;2012-87761;-160.679;-63.008;
12/01/2021;14:57;2012-87761;-160.652;-63.036;
12/01/2021;15:37;2012-87761;-160.588;-63.062;
12/01/2021;16:04;2012-87761;-160.664;-63.062;
12/01/2021;20:33;2012-87761;-160.635;-63.136;
12/01/2021;20:38;2012-87761;-160.695;-63.363;
14/01/2021;01:09;2012-87761;-160.196;-63.268;
14/01/2021;02:29;2012-87761;-159.885;-63.243;
14/01/2021;02:56;2012-87761;-159.969;-63.282;
14/01/2021;03:52;2012-87761;-159.819;-63.299;
14/01/2021;07:17;2012-87761;-160.01;-63.271;
14/01/2021;08:22;2012-87761;-159.99;-63.281;
14/01/2021;08:31;2012-87761;-159.884;-63.278;
14/01/2021;08:43;2012-87761;-159.872;-63.28;
14/01/2021;09:32;2012-87761;-159.807;-63.293;
14/01/2021;10:01;2012-87761;-159.797;-63.28;
14/01/2021;13:46;2012-87761;-160.097;-63.254;
14/01/2021;14:35;2012-87761;-160.018;-63.176;
14/01/2021;15:18;2012-87761;-160.003;-63.197;
14/01/2021;15:28;2012-87761;-159.976;-63.178;
14/01/2021;19:53;2012-87761;-159.858;-63.033;
14/01/2021;20:08;2012-87761;-159.859;-63.043;
16/01/2021;02:07;2012-87761;-161.526;-63.412;
16/01/2021;02:30;2012-87761;-161.147;-63.399;
16/01/2021;07:41;2012-87761;-161.188;-63.932;
16/01/2021;07:55;2012-87761;-161.165;-63.924;
16/01/2021;08:06;2012-87761;-161.108;-63.944;
16/01/2021;09:09;2012-87761;-161.108;-63.958;
16/01/2021;09:35;2012-87761;-161.148;-63.969;
16/01/2021;09:40;2012-87761;-161.106;-63.957;
16/01/2021;09:44;2012-87761;-161.097;-63.945;
16/01/2021;13:08;2012-87761;-161.084;-63.988;
16/01/2021;14:06;2012-87761;-160.995;-64.014;
16/01/2021;14:26;2012-87761;-161.045;-64.012;
16/01/2021;14:39;2012-87761;-160.992;-64.028;
16/01/2021;14:45;2012-87761;-160.992;-64.028;
16/01/2021;16:03;2012-87761;-160.921;-64.054;
16/01/2021;19:12;2012-87761;-160.724;-64.176;
16/01/2021;19:47;2012-87761;-160.797;-64.185;
16/01/2021;20:56;2012-87761;-161.181;-64.207;
29/09/2021;03:19;2012-87761;167.015;-21.037;
29/09/2021;07:31;2012-87761;167.024;-21.059;
29/09/2021;07:50;2012-87761;167.194;-21.09;
29/09/2021;08:48;2012-87761;167.019;-21.027;
29/09/2021;09:31;2012-87761;167.261;-21.101;
29/09/2021;13:57;2012-87761;167.274;-21.089;
29/09/2021;14:34;2012-87761;167.419;-21.177;
29/09/2021;15:36;2012-87761;167.429;-21.182;
29/09/2021;21:32;2012-87761;167.554;-21.386;
29/09/2021;21:39;2012-87761;167.695;-21.334;
30/09/2021;01:29;2012-87761;167.803;-21.408;
30/09/2021;03:08;2012-87761;167.807;-21.465;
30/09/2021;07:06;2012-87761;167.893;-21.575;
30/09/2021;07:22;2012-87761;167.894;-21.577;
30/09/2021;08:18;2012-87761;167.911;-21.603;
30/09/2021;09:08;2012-87761;167.943;-21.635;
30/09/2021;09:56;2012-87761;167.945;-21.64;
30/09/2021;13:42;2012-87761;168.037;-21.706;
30/09/2021;14:28;2012-87761;168.127;-21.623;
30/09/2021;15:22;2012-87761;168.181;-21.619;
30/09/2021;20:22;2012-87761;168.483;-21.587;
01/10/2021;02:54;2012-87761;168.561;-21.721;
01/10/2021;03:58;2012-87761;168.292;-21.795;
01/10/2021;09:46;2012-87761;168.451;-22.002;
01/10/2021;09:50;2012-87761;168.597;-21.971;
01/10/2021;14:11;2012-87761;168.625;-22.063;
01/10/2021;15:12;2012-87761;168.639;-22.045;
01/10/2021;19:58;2012-87761;168.628;-22.091;
01/10/2021;21:08;2012-87761;168.663;-22.08;
02/10/2021;01:10;2012-87761;168.731;-22.179;
02/10/2021;02:47;2012-87761;168.649;-22.233;
02/10/2021;03:42;2012-87761;168.678;-22.363;
02/10/2021;08:20;2012-87761;168.691;-22.345;
02/10/2021;09:25;2012-87761;168.694;-22.331;
02/10/2021;09:34;2012-87761;168.695;-22.331;
02/10/2021;14:06;2012-87761;168.729;-22.41;
02/10/2021;14:59;2012-87761;168.747;-22.346;
02/10/2021;15:43;2012-87761;168.758;-22.351;
02/10/2021;15:48;2012-87761;168.714;-22.347;
02/10/2021;19:34;2012-87761;168.656;-22.306;
02/10/2021;20:43;2012-87761;168.665;-22.31;
03/10/2021;02:36;2012-87761;168.633;-22.225;
03/10/2021;03:33;2012-87761;168.67;-22.207;
03/10/2021;08:03;2012-87761;168.715;-22.153;
03/10/2021;09:09;2012-87761;168.636;-22.031;
03/10/2021;09:19;2012-87761;168.635;-22.03;
03/10/2021;13:51;2012-87761;168.635;-22.039;
03/10/2021;14:48;2012-87761;168.619;-22.047;
03/10/2021;15:27;2012-87761;168.618;-22.044;
03/10/2021;15:36;2012-87761;168.618;-22.043;
03/10/2021;20:19;2012-87761;168.651;-22.007;
03/10/2021;20:39;2012-87761;168.617;-21.95;
03/10/2021;22:00;2012-87761;168.62;-21.942;
04/10/2021;02:20;2012-87761;168.625;-21.908;
04/10/2021;07:35;2012-87761;168.674;-21.997;
04/10/2021;09:13;2012-87761;168.637;-21.996;
04/10/2021;13:45;2012-87761;168.614;-22.018;
04/10/2021;14:39;2012-87761;168.612;-22.021;
04/10/2021;20:20;2012-87761;168.611;-22.024;
04/10/2021;20:31;2012-87761;168.601;-22.024;
04/10/2021;21:41;2012-87761;168.622;-22.042;
04/10/2021;22:02;2012-87761;168.623;-22.042;
05/10/2021;02:13;2012-87761;168.611;-22.056;
05/10/2021;03:12;2012-87761;168.625;-22.038;
05/10/2021;04:01;2012-87761;168.63;-22.039;
05/10/2021;08:47;2012-87761;168.632;-22.05;
05/10/2021;08:53;2012-87761;168.632;-22.05;
05/10/2021;13:33;2012-87761;168.635;-22.02;
05/10/2021;14:27;2012-87761;168.603;-22.042;
05/10/2021;15:12;2012-87761;168.598;-22.049;
05/10/2021;20:03;2012-87761;168.452;-22.02;
05/10/2021;20:12;2012-87761;168.546;-22.107;
05/10/2021;21:17;2012-87761;168.372;-22.173;
06/10/2021;02:06;2012-87761;168.219;-22.294;
06/10/2021;03:04;2012-87761;168.174;-22.316;
06/10/2021;03:49;2012-87761;168.138;-22.333;
06/10/2021;08:22;2012-87761;168.002;-22.45;
06/10/2021;08:48;2012-87761;167.973;-22.508;
06/10/2021;09:43;2012-87761;167.94;-22.491;
06/10/2021;13:23;2012-87761;167.745;-22.61;
06/10/2021;14:19;2012-87761;167.713;-22.651;
06/10/2021;15:03;2012-87761;167.649;-22.68;
06/10/2021;15:56;2012-87761;167.601;-22.708;
06/10/2021;19:34;2012-87761;167.377;-22.819;
06/10/2021;20:53;2012-87761;167.669;-22.676;
06/10/2021;21:15;2012-87761;167.539;-22.767;
06/10/2021;21:39;2012-87761;167.611;-22.771;
07/10/2021;01:59;2012-87761;167.582;-22.775;
07/10/2021;02:49;2012-87761;167.454;-22.874;
07/10/2021;03:38;2012-87761;167.412;-22.904;
07/10/2021;07:35;2012-87761;167.199;-23.033;
07/10/2021;09:29;2012-87761;167.395;-22.895;
07/10/2021;13:14;2012-87761;167.235;-22.866;
07/10/2021;14:48;2012-87761;167.178;-22.908;
07/10/2021;15:45;2012-87761;167.17;-22.941;
07/10/2021;19:08;2012-87761;167.094;-23;
07/10/2021;19:47;2012-87761;167.079;-23.018;
07/10/2021;20:35;2012-87761;167.06;-23.037;
07/10/2021;20:55;2012-87761;167.061;-23.049;
07/10/2021;21:36;2012-87761;167.078;-23.035;
08/10/2021;01:46;2012-87761;166.951;-23.259;
08/10/2021;02:39;2012-87761;167.103;-23.301;
08/10/2021;03:24;2012-87761;167.052;-23.344;
08/10/2021;10:01;2012-87761;167.076;-23.626;
08/10/2021;13:56;2012-87761;167.069;-23.777;
08/10/2021;14:42;2012-87761;167.083;-23.778;
08/10/2021;15:33;2012-87761;167.081;-23.816;
08/10/2021;20:33;2012-87761;167.076;-23.987;
08/10/2021;21:56;2012-87761;167.061;-24.083;
09/10/2021;01:33;2012-87761;166.989;-24.313;
09/10/2021;04:02;2012-87761;166.949;-24.469;
09/10/2021;08:05;2012-87761;166.971;-24.35;
09/10/2021;19:26;2012-87761;166.972;-24.347;
09/10/2021;20:03;2012-87761;166.909;-24.501;
10/10/2021;08:28;2012-87761;166.661;-24.907;
10/10/2021;09:32;2012-87761;166.517;-24.936;
10/10/2021;09:59;2012-87761;166.51;-24.935;
10/10/2021;14:17;2012-87761;166.343;-25.044;
10/10/2021;15:14;2012-87761;166.549;-24.908;
10/10/2021;19:42;2012-87761;166.605;-24.969;
10/10/2021;20:51;2012-87761;166.54;-24.996;
10/10/2021;21:12;2012-87761;166.025;-24.98;
10/10/2021;21:22;2012-87761;166.046;-24.982;
11/10/2021;01:13;2012-87761;165.903;-25.15;
11/10/2021;14:03;2012-87761;165.751;-25.309;
11/10/2021;15:54;2012-87761;165.726;-25.327;
11/10/2021;19:21;2012-87761;165.552;-25.386;
11/10/2021;20:58;2012-87761;165.543;-25.527;
12/10/2021;02:45;2012-87761;165.444;-25.701;
12/10/2021;09:10;2012-87761;165.094;-26.013;
12/10/2021;14:00;2012-87761;165.204;-26.361;
12/10/2021;14:55;2012-87761;165.212;-26.389;
12/10/2021;20:26;2012-87761;165.251;-26.599;
13/10/2021;02:30;2012-87761;165.142;-26.767;
13/10/2021;03:22;2012-87761;165.126;-26.778;
13/10/2021;13:46;2012-87761;165.003;-27.148;
13/10/2021;14:42;2012-87761;165.254;-26.96;
13/10/2021;15:30;2012-87761;165.301;-26.943;
13/10/2021;20:11;2012-87761;164.957;-27.493;
13/10/2021;20:21;2012-87761;165.286;-27.261;
13/10/2021;21:53;2012-87761;165.204;-27.356;
13/10/2021;21:55;2012-87761;165.228;-27.37;
14/10/2021;02:17;2012-87761;165.19;-27.532;
14/10/2021;03:12;2012-87761;165.127;-27.471;
14/10/2021;03:59;2012-87761;165.109;-27.481;
14/10/2021;08:38;2012-87761;165.035;-27.627;
14/10/2021;08:49;2012-87761;165.099;-27.635;
14/10/2021;13:44;2012-87761;165.033;-27.691;
14/10/2021;14:35;2012-87761;165.038;-27.688;
14/10/2021;20:07;2012-87761;164.993;-27.823;
14/10/2021;21:35;2012-87761;164.901;-27.838;
15/10/2021;02:10;2012-87761;164.863;-28.114;
15/10/2021;03:04;2012-87761;164.854;-28.137;
15/10/2021;03:53;2012-87761;164.826;-28.158;
15/10/2021;08:07;2012-87761;164.755;-28.464;
15/10/2021;09:54;2012-87761;164.724;-28.536;
15/10/2021;09:54;2012-87761;164.723;-28.538;
15/10/2021;15:57;2012-87761;164.639;-28.721;
15/10/2021;21:06;2012-87761;164.595;-28.957;
15/10/2021;21:12;2012-87761;164.6;-28.954;
16/10/2021;02:01;2012-87761;164.538;-29.168;
16/10/2021;02:51;2012-87761;164.53;-29.188;
16/10/2021;03:38;2012-87761;164.491;-29.225;
16/10/2021;07:11;2012-87761;164.36;-29.424;
16/10/2021;07:46;2012-87761;164.411;-29.414;
16/10/2021;15:00;2012-87761;164.414;-29.386;
16/10/2021;21:19;2012-87761;164.302;-29.505;
17/10/2021;01:46;2012-87761;164.253;-29.579;
17/10/2021;07:22;2012-87761;163.936;-29.696;
17/10/2021;09:06;2012-87761;163.862;-29.762;
17/10/2021;09:18;2012-87761;163.878;-29.748;
17/10/2021;09:50;2012-87761;163.915;-29.7;
17/10/2021;13:10;2012-87761;163.894;-29.688;
17/10/2021;15:37;2012-87761;163.891;-29.697;
17/10/2021;20:17;2012-87761;163.765;-29.868;
17/10/2021;20:31;2012-87761;163.765;-29.868;
18/10/2021;01:39;2012-87761;163.695;-29.909;
18/10/2021;08:37;2012-87761;163.368;-30.125;
18/10/2021;09:37;2012-87761;163.337;-30.178;
18/10/2021;14:41;2012-87761;163.203;-30.303;
18/10/2021;15:24;2012-87761;163.184;-30.322;
18/10/2021;16:02;2012-87761;163.191;-30.314;
18/10/2021;19:54;2012-87761;163.098;-30.34;
19/10/2021;03:12;2012-87761;162.939;-30.471;
19/10/2021;07:41;2012-87761;162.663;-30.502;
19/10/2021;08:11;2012-87761;162.616;-30.486;
19/10/2021;14:20;2012-87761;162.379;-30.593;
19/10/2021;15:13;2012-87761;162.339;-30.597;
19/10/2021;15:39;2012-87761;162.451;-30.548;
19/10/2021;19:25;2012-87761;162.327;-30.578;
19/10/2021;20:46;2012-87761;162.316;-30.657;
19/10/2021;21:08;2012-87761;162.385;-30.75;
20/10/2021;02:53;2012-87761;162.148;-30.9;
20/10/2021;07:56;2012-87761;162.224;-30.942;
20/10/2021;14:14;2012-87761;161.981;-31.498;
20/10/2021;21:15;2012-87761;162.011;-31.778;
21/10/2021;14:54;2012-87761;161.592;-32.377;
21/10/2021;20:19;2012-87761;161.407;-32.573;
22/10/2021;02:34;2012-87761;161.403;-32.113;
22/10/2021;08:43;2012-87761;161.286;-32.146;
22/10/2021;08:55;2012-87761;161.284;-32.146;
22/10/2021;15:38;2012-87761;161.117;-32.162;
22/10/2021;19:57;2012-87761;161.209;-32.109;
22/10/2021;20:31;2012-87761;161.037;-32.071;
22/10/2021;21:56;2012-87761;160.895;-32.087;
22/10/2021;22:04;2012-87761;160.884;-32.086;
23/10/2021;03:13;2012-87761;160.588;-32.072;
23/10/2021;04:02;2012-87761;160.713;-32.207;
23/10/2021;07:46;2012-87761;160.545;-32.331;
23/10/2021;08:23;2012-87761;160.536;-32.3;
23/10/2021;13:42;2012-87761;160.496;-32.404;
23/10/2021;14:30;2012-87761;160.471;-32.414;
23/10/2021;15:25;2012-87761;160.5;-32.422;
23/10/2021;21:50;2012-87761;160.473;-32.596;
24/10/2021;02:08;2012-87761;160.451;-32.669;
24/10/2021;07:22;2012-87761;160.52;-32.891;
24/10/2021;08:00;2012-87761;160.448;-32.936;
24/10/2021;09:34;2012-87761;160.449;-33.04;
24/10/2021;13:37;2012-87761;160.451;-33.208;
24/10/2021;19:13;2012-87761;160.447;-33.249;
24/10/2021;20:54;2012-87761;160.526;-33.278;
24/10/2021;21:31;2012-87761;160.543;-33.287;
24/10/2021;21:31;2012-87761;160.384;-33.392;
25/10/2021;02:02;2012-87761;160.429;-33.487;
25/10/2021;03:36;2012-87761;160.419;-33.525;
25/10/2021;09:15;2012-87761;160.722;-33.481;
25/10/2021;09:51;2012-87761;160.742;-33.515;
25/10/2021;09:53;2012-87761;160.743;-33.518;
25/10/2021;13:09;2012-87761;160.78;-33.61;
25/10/2021;14:11;2012-87761;160.749;-33.545;
25/10/2021;15:57;2012-87761;160.766;-33.565;
25/10/2021;21:05;2012-87761;160.804;-33.607;
25/10/2021;21:22;2012-87761;160.779;-33.584;
26/10/2021;01:50;2012-87761;160.817;-33.62;
26/10/2021;03:30;2012-87761;160.633;-33.706;
26/10/2021;08:54;2012-87761;160.517;-33.847;
26/10/2021;09:29;2012-87761;160.577;-33.741;
26/10/2021;09:40;2012-87761;160.578;-33.741;
26/10/2021;13:09;2012-87761;160.529;-33.744;
26/10/2021;15:42;2012-87761;160.496;-33.744;
26/10/2021;19:29;2012-87761;160.464;-33.746;
26/10/2021;20:03;2012-87761;160.515;-33.752;
26/10/2021;21:08;2012-87761;160.547;-33.757;
27/10/2021;03:22;2012-87761;160.649;-33.75;
27/10/2021;08:25;2012-87761;160.582;-33.783;
27/10/2021;10:04;2012-87761;160.596;-33.781;
27/10/2021;14:47;2012-87761;160.626;-33.79;
27/10/2021;15:28;2012-87761;160.575;-33.827;
27/10/2021;20:54;2012-87761;160.557;-33.857;
28/10/2021;03:53;2012-87761;160.432;-33.994;
28/10/2021;08:00;2012-87761;160.31;-33.875;
28/10/2021;09:19;2012-87761;160.29;-33.885;
28/10/2021;14:35;2012-87761;160.21;-33.938;
28/10/2021;15:18;2012-87761;160.224;-33.961;
28/10/2021;19:21;2012-87761;160.206;-34.037;
29/10/2021;03:01;2012-87761;160.243;-34.048;
29/10/2021;03:45;2012-87761;159.733;-34.223;
29/10/2021;07:39;2012-87761;159.548;-34.361;
29/10/2021;14:20;2012-87761;159.403;-34.702;
29/10/2021;15:08;2012-87761;159.382;-34.734;
29/10/2021;20:37;2012-87761;159.224;-34.862;
29/10/2021;21:27;2012-87761;159.311;-34.934;
30/10/2021;08:55;2012-87761;159.139;-35.37;
30/10/2021;09:42;2012-87761;159.207;-35.328;
30/10/2021;14:09;2012-87761;159.592;-35.26;
30/10/2021;15:01;2012-87761;159.542;-35.235;
30/10/2021;15:49;2012-87761;159.556;-35.22;
30/10/2021;19:30;2012-87761;159.653;-35.194;
30/10/2021;20:07;2012-87761;159.582;-35.291;
30/10/2021;20:20;2012-87761;159.53;-35.466;
30/10/2021;21:05;2012-87761;159.609;-35.515;
30/10/2021;21:51;2012-87761;159.656;-35.572;
30/10/2021;22:00;2012-87761;159.643;-35.55;
31/10/2021;02:39;2012-87761;159.997;-35.723;
31/10/2021;07:51;2012-87761;160.008;-35.887;
31/10/2021;08:33;2012-87761;159.892;-35.988;
31/10/2021;08:42;2012-87761;159.79;-36.021;
31/10/2021;14:43;2012-87761;159.651;-36.39;
31/10/2021;15:49;2012-87761;159.449;-36.207;
31/10/2021;20:41;2012-87761;159.149;-36.21;
31/10/2021;21:27;2012-87761;159.469;-36.172;
31/10/2021;21:46;2012-87761;159.507;-36.191;
01/11/2021;02:23;2012-87761;159.475;-36.249;
01/11/2021;04:03;2012-87761;159.478;-36.335;
01/11/2021;07:24;2012-87761;159.48;-36.378;
01/11/2021;08:04;2012-87761;159.412;-36.385;
01/11/2021;09:45;2012-87761;159.361;-36.411;
01/11/2021;13:52;2012-87761;159.251;-36.451;
01/11/2021;15:27;2012-87761;159.278;-36.487;
01/11/2021;19:27;2012-87761;159.411;-36.597;
01/11/2021;19:56;2012-87761;159.269;-36.517;
01/11/2021;21:07;2012-87761;159.36;-36.628;
01/11/2021;21:57;2012-87761;159.355;-36.591;
02/11/2021;03:59;2012-87761;159.386;-36.707;
02/11/2021;07:44;2012-87761;159.364;-36.776;
02/11/2021;09:18;2012-87761;159.309;-36.824;
02/11/2021;21:26;2012-87761;159.32;-37.041;
02/11/2021;21:45;2012-87761;159.21;-37.157;
03/11/2021;08:17;2012-87761;159.189;-37.097;
03/11/2021;08:57;2012-87761;159.095;-37.169;
03/11/2021;09:47;2012-87761;159.096;-37.107;
03/11/2021;13:31;2012-87761;158.904;-37.093;
03/11/2021;14:12;2012-87761;158.779;-37.076;
03/11/2021;15:03;2012-87761;158.734;-37.085;
03/11/2021;15:52;2012-87761;158.555;-37.15;
03/11/2021;21:08;2012-87761;157.962;-37.29;
03/11/2021;21:20;2012-87761;157.948;-37.291;
04/11/2021;08:34;2012-87761;156.558;-37.784;
04/11/2021;09:43;2012-87761;158.145;-37.543;
04/11/2021;15:42;2012-87761;157.897;-37.836;
04/11/2021;19:54;2012-87761;157.822;-37.878;
04/11/2021;20:55;2012-87761;157.882;-37.981;
04/11/2021;21:31;2012-87761;157.875;-38.01;
05/11/2021;03:24;2012-87761;157.906;-38.241;
05/11/2021;08:14;2012-87761;157.885;-38.437;
05/11/2021;14:52;2012-87761;157.945;-38.604;
05/11/2021;19:31;2012-87761;157.677;-38.665;
05/11/2021;20:42;2012-87761;157.634;-38.702;
05/11/2021;20:48;2012-87761;157.614;-38.719;
05/11/2021;21:10;2012-87761;157.64;-38.708;
06/11/2021;07:09;2012-87761;157.479;-39.033;
06/11/2021;07:45;2012-87761;157.564;-38.814;
06/11/2021;14:36;2012-87761;157.555;-38.832;
06/11/2021;15:20;2012-87761;157.55;-38.831;
06/11/2021;20:36;2012-87761;157.434;-38.894;
06/11/2021;20:43;2012-87761;157.421;-38.981;
06/11/2021;22:02;2012-87761;157.395;-39.002;
07/11/2021;03:44;2012-87761;157.397;-39.163;
07/11/2021;08:17;2012-87761;157.438;-39.341;
07/11/2021;09:08;2012-87761;157.466;-39.503;
07/11/2021;14:26;2012-87761;157.339;-39.677;
07/11/2021;20:20;2012-87761;157.339;-40.087;
07/11/2021;20:22;2012-87761;157.593;-39.993;
07/11/2021;22:00;2012-87761;157.595;-40.108;
08/11/2021;02:54;2012-87761;157.618;-40.492;
08/11/2021;07:53;2012-87761;157.644;-40.679;
08/11/2021;08:41;2012-87761;157.65;-40.737;
08/11/2021;13:18;2012-87761;157.705;-41.026;
08/11/2021;14:21;2012-87761;157.665;-40.834;
08/11/2021;15:06;2012-87761;157.71;-40.858;
08/11/2021;21:25;2012-87761;157.831;-41.048;
09/11/2021;08:17;2012-87761;158.009;-41.338;
09/11/2021;09:56;2012-87761;158.03;-41.363;
09/11/2021;14:05;2012-87761;158.167;-41.568;
09/11/2021;21:04;2012-87761;158.343;-41.806;
10/11/2021;07:05;2012-87761;158.566;-42.29;
10/11/2021;10:00;2012-87761;158.7;-42.399;
10/11/2021;13:53;2012-87761;158.978;-42.521;
10/11/2021;14:36;2012-87761;159.014;-42.549;
10/11/2021;15:40;2012-87761;159.067;-42.591;
10/11/2021;19:13;2012-87761;159.276;-42.675;
11/11/2021;02:15;2012-87761;159.169;-42.62;
11/11/2021;03:54;2012-87761;159.62;-42.84;
11/11/2021;07:23;2012-87761;159.954;-43.026;
11/11/2021;09:09;2012-87761;159.803;-42.922;
11/11/2021;21:58;2012-87761;160.04;-43.26;
12/11/2021;03:51;2012-87761;160.268;-43.417;
12/11/2021;07:53;2012-87761;160.508;-43.451;
12/11/2021;08:45;2012-87761;160.568;-43.491;
12/11/2021;09:39;2012-87761;160.57;-43.508;
12/11/2021;14:18;2012-87761;160.666;-43.56;
12/11/2021;15:13;2012-87761;160.724;-43.466;
12/11/2021;15:56;2012-87761;160.74;-43.448;
12/11/2021;15:57;2012-87761;160.74;-43.45;
12/11/2021;19:16;2012-87761;160.91;-43.419;
12/11/2021;19:57;2012-87761;160.93;-43.427;
12/11/2021;21:05;2012-87761;160.928;-43.488;
12/11/2021;21:36;2012-87761;160.982;-43.49;
13/11/2021;03:34;2012-87761;161.356;-43.568;
13/11/2021;07:28;2012-87761;161.688;-43.619;
13/11/2021;08:22;2012-87761;161.752;-43.581;
13/11/2021;15:44;2012-87761;162.295;-43.57;
13/11/2021;20:52;2012-87761;162.23;-43.731;
13/11/2021;21:14;2012-87761;162.385;-43.795;
13/11/2021;21:19;2012-87761;162.389;-43.796;
14/11/2021;03:25;2012-87761;162.82;-43.865;
14/11/2021;07:07;2012-87761;162.951;-43.906;
14/11/2021;09:38;2012-87761;163.103;-43.947;
14/11/2021;20:59;2012-87761;163.839;-44.166;
15/11/2021;01:33;2012-87761;163.884;-44.211;
15/11/2021;03:17;2012-87761;164.022;-44.172;
15/11/2021;03:53;2012-87761;164.008;-44.185;
15/11/2021;07:19;2012-87761;164.207;-44.2;
15/11/2021;08:19;2012-87761;164.229;-44.216;
15/11/2021;08:58;2012-87761;164.287;-44.22;
15/11/2021;09:08;2012-87761;164.349;-44.221;
15/11/2021;09:12;2012-87761;164.358;-44.219;
15/11/2021;13:08;2012-87761;164.631;-44.238;
15/11/2021;13:46;2012-87761;164.643;-44.219;
15/11/2021;14:42;2012-87761;164.624;-44.25;
15/11/2021;14:46;2012-87761;164.624;-44.25;
15/11/2021;15:23;2012-87761;164.659;-44.254;
15/11/2021;20:28;2012-87761;164.676;-44.238;
15/11/2021;20:36;2012-87761;164.695;-44.24;
15/11/2021;20:37;2012-87761;164.687;-44.249;
16/11/2021;01:25;2012-87761;164.872;-44.272;
16/11/2021;03:02;2012-87761;164.911;-44.316;
16/11/2021;07:09;2012-87761;165.117;-44.364;
16/11/2021;08:01;2012-87761;165.075;-44.395;
16/11/2021;08:52;2012-87761;165.113;-44.406;
16/11/2021;08:52;2012-87761;165.147;-44.376;
16/11/2021;14:31;2012-87761;165.346;-44.496;
16/11/2021;15:09;2012-87761;165.218;-44.448;
16/11/2021;16:04;2012-87761;165.247;-44.46;
16/11/2021;20:11;2012-87761;165.347;-44.557;
16/11/2021;20:17;2012-87761;165.359;-44.561;
16/11/2021;20:17;2012-87761;165.355;-44.566;
16/11/2021;21:55;2012-87761;165.473;-44.599;
16/11/2021;21:58;2012-87761;165.423;-44.597;
17/11/2021;02:56;2012-87761;165.708;-44.708;
17/11/2021;07:30;2012-87761;165.682;-44.744;
17/11/2021;08:26;2012-87761;165.737;-44.851;
17/11/2021;10:03;2012-87761;165.786;-44.923;
17/11/2021;10:04;2012-87761;165.787;-44.923;
17/11/2021;14:19;2012-87761;165.946;-45.103;
17/11/2021;15:05;2012-87761;165.862;-45;
17/11/2021;20:03;2012-87761;165.917;-45.024;
17/11/2021;21:29;2012-87761;165.927;-45.036;
18/11/2021;02:42;2012-87761;165.958;-45.33;
18/11/2021;07:11;2012-87761;166.073;-45.526;
18/11/2021;08:20;2012-87761;166.103;-45.553;
18/11/2021;14:17;2012-87761;166.356;-45.892;
18/11/2021;19:28;2012-87761;166.497;-46.067;
18/11/2021;19:51;2012-87761;166.34;-45.86;
18/11/2021;21:01;2012-87761;166.37;-45.902;
18/11/2021;21:14;2012-87761;166.365;-45.906;
18/11/2021;21:28;2012-87761;166.375;-45.924;
19/11/2021;02:33;2012-87761;166.502;-46.102;
19/11/2021;07:38;2012-87761;166.584;-46.383;
19/11/2021;09:15;2012-87761;166.685;-46.349;
19/11/2021;09:52;2012-87761;166.685;-46.451;
19/11/2021;14:01;2012-87761;166.816;-46.555;
19/11/2021;14:40;2012-87761;166.833;-46.597;
19/11/2021;15:40;2012-87761;166.898;-46.629;
19/11/2021;19:42;2012-87761;167.068;-46.849;
19/11/2021;20:42;2012-87761;167.149;-46.843;
20/11/2021;02:21;2012-87761;167.423;-47.049;
20/11/2021;04:00;2012-87761;167.489;-47.108;
20/11/2021;07:14;2012-87761;167.68;-47.223;
20/11/2021;08:53;2012-87761;167.567;-47.223;
20/11/2021;09:37;2012-87761;167.423;-47.353;
20/11/2021;13:48;2012-87761;167.459;-47.501;
20/11/2021;14:30;2012-87761;167.457;-47.556;
20/11/2021;15:59;2012-87761;167.434;-47.659;
20/11/2021;19:31;2012-87761;167.46;-47.882;
20/11/2021;20:18;2012-87761;167.556;-47.765;
21/11/2021;02:07;2012-87761;167.707;-47.999;
21/11/2021;03:49;2012-87761;167.766;-48.074;
21/11/2021;07:32;2012-87761;167.886;-48.234;
21/11/2021;08:31;2012-87761;167.926;-48.297;
21/11/2021;09:30;2012-87761;167.949;-48.343;
21/11/2021;13:34;2012-87761;168.067;-48.719;
21/11/2021;14:21;2012-87761;167.996;-48.443;
21/11/2021;15:17;2012-87761;168.006;-48.475;
21/11/2021;15:42;2012-87761;168.005;-48.479;
21/11/2021;16:01;2012-87761;168;-48.485;
21/11/2021;19:53;2012-87761;168.153;-48.574;
21/11/2021;20:11;2012-87761;168.124;-48.607;
21/11/2021;20:58;2012-87761;168.138;-48.61;
21/11/2021;21:47;2012-87761;168.148;-48.617;
22/11/2021;02:00;2012-87761;168.228;-48.677;
22/11/2021;03:40;2012-87761;168.259;-48.755;
22/11/2021;07:14;2012-87761;168.453;-48.849;
22/11/2021;08:07;2012-87761;168.516;-48.873;
22/11/2021;09:17;2012-87761;168.567;-48.904;
22/11/2021;09:49;2012-87761;168.497;-48.938;
22/11/2021;10:01;2012-87761;168.575;-48.975;
22/11/2021;13:28;2012-87761;168.972;-49.161;
22/11/2021;14:13;2012-87761;168.851;-49.135;
22/11/2021;15:45;2012-87761;168.993;-49.214;
22/11/2021;19:07;2012-87761;169.043;-49.322;
22/11/2021;19:33;2012-87761;169.178;-49.306;
22/11/2021;19:52;2012-87761;169.024;-49.327;
22/11/2021;20:42;2012-87761;169.035;-49.436;
22/11/2021;21:12;2012-87761;169.06;-49.47;
23/11/2021;01:50;2012-87761;169.261;-49.768;
23/11/2021;03:26;2012-87761;169.258;-49.678;
23/11/2021;09:00;2012-87761;169.579;-49.92;
23/11/2021;13:14;2012-87761;169.775;-50.005;
23/11/2021;13:57;2012-87761;169.769;-50.015;
23/11/2021;14:59;2012-87761;169.858;-50.043;
23/11/2021;21:07;2012-87761;170.194;-50.192;
24/11/2021;01:37;2012-87761;170.684;-50.437;
24/11/2021;03:19;2012-87761;170.807;-50.499;
24/11/2021;07:14;2012-87761;170.971;-50.686;
24/11/2021;08:58;2012-87761;170.75;-50.563;
24/11/2021;09:21;2012-87761;170.689;-50.7;
24/11/2021;13:13;2012-87761;170.848;-50.868;
24/11/2021;13:49;2012-87761;170.844;-50.91;
24/11/2021;14:26;2012-87761;170.631;-50.766;
24/11/2021;14:46;2012-87761;170.621;-50.81;
24/11/2021;15:27;2012-87761;170.622;-50.79;
24/11/2021;16:03;2012-87761;170.626;-50.793;
24/11/2021;19:12;2012-87761;170.738;-50.922;
24/11/2021;20:43;2012-87761;170.848;-50.936;
24/11/2021;22:03;2012-87761;170.893;-50.958;
25/11/2021;03:48;2012-87761;171.058;-51.07;
25/11/2021;08:36;2012-87761;171.198;-51.122;
25/11/2021;08:36;2012-87761;171.137;-51.121;
25/11/2021;14:04;2012-87761;171.31;-51.212;
25/11/2021;15:42;2012-87761;171.805;-51.379;
25/11/2021;20:00;2012-87761;172.004;-51.475;
25/11/2021;20:03;2012-87761;172.008;-51.482;
25/11/2021;20:30;2012-87761;172.03;-51.5;
25/11/2021;21:47;2012-87761;172.11;-51.551;
26/11/2021;02:54;2012-87761;172.397;-51.695;
26/11/2021;08:11;2012-87761;172.313;-51.766;
26/11/2021;08:23;2012-87761;172.543;-51.736;
26/11/2021;08:37;2012-87761;172.548;-51.732;
26/11/2021;10:04;2012-87761;172.646;-51.799;
26/11/2021;13:30;2012-87761;172.829;-51.897;
26/11/2021;15:21;2012-87761;172.932;-51.949;
26/11/2021;19:39;2012-87761;173.132;-52.044;
26/11/2021;19:54;2012-87761;173.061;-52.004;
26/11/2021;20:11;2012-87761;173.07;-52.077;
26/11/2021;21:41;2012-87761;173.152;-52.117;
26/11/2021;21:50;2012-87761;173.095;-52.099;
27/11/2021;02:47;2012-87761;173.341;-52.205;
27/11/2021;03:21;2012-87761;173.213;-52.243;
27/11/2021;07:48;2012-87761;173.338;-52.315;
27/11/2021;08:13;2012-87761;173.354;-52.251;
27/11/2021;09:28;2012-87761;173.369;-52.333;
27/11/2021;09:53;2012-87761;173.374;-52.349;
27/11/2021;10:00;2012-87761;173.385;-52.337;
27/11/2021;13:16;2012-87761;173.449;-52.34;
27/11/2021;14:19;2012-87761;173.39;-52.351;
27/11/2021;14:50;2012-87761;173.395;-52.37;
27/11/2021;15:00;2012-87761;173.399;-52.378;
27/11/2021;19:12;2012-87761;173.644;-52.383;
27/11/2021;19:43;2012-87761;173.658;-52.39;
27/11/2021;19:44;2012-87761;173.647;-52.387;
27/11/2021;21:27;2012-87761;173.676;-52.381;
27/11/2021;21:28;2012-87761;173.641;-52.372;
28/11/2021;02:36;2012-87761;173.657;-52.369;
28/11/2021;03:15;2012-87761;173.694;-52.331;
28/11/2021;07:24;2012-87761;173.634;-52.316;
28/11/2021;07:56;2012-87761;173.725;-52.24;
28/11/2021;08:00;2012-87761;173.625;-52.307;
28/11/2021;08:02;2012-87761;173.633;-52.307;
28/11/2021;09:01;2012-87761;173.642;-52.336;
28/11/2021;09:38;2012-87761;173.632;-52.341;
28/11/2021;09:44;2012-87761;173.625;-52.338;
28/11/2021;14:11;2012-87761;173.653;-52.396;
28/11/2021;14:42;2012-87761;173.681;-52.392;
28/11/2021;19:31;2012-87761;173.755;-52.392;
28/11/2021;19:31;2012-87761;173.724;-52.379;
28/11/2021;20:29;2012-87761;173.846;-52.382;
28/11/2021;21:10;2012-87761;173.756;-52.348;
28/11/2021;21:13;2012-87761;173.728;-52.371;
29/11/2021;02:18;2012-87761;173.846;-52.325;
29/11/2021;07:37;2012-87761;174.54;-52.359;
29/11/2021;07:44;2012-87761;174.546;-52.358;
29/11/2021;08:37;2012-87761;174.6;-52.32;
29/11/2021;09:19;2012-87761;174.589;-52.284;
29/11/2021;09:26;2012-87761;174.594;-52.282;
29/11/2021;13:55;2012-87761;174.817;-52.204;
29/11/2021;14:06;2012-87761;174.847;-52.207;
29/11/2021;14:30;2012-87761;174.843;-52.194;
29/11/2021;15:45;2012-87761;174.942;-52.181;
29/11/2021;19:08;2012-87761;175.127;-52.142;
29/11/2021;19:20;2012-87761;175.235;-52.201;
29/11/2021;20:04;2012-87761;175.287;-52.198;
29/11/2021;20:57;2012-87761;175.277;-52.211;
30/11/2021;02:11;2012-87761;175.59;-52.27;
30/11/2021;02:49;2012-87761;175.72;-52.289;
30/11/2021;03:56;2012-87761;175.737;-52.231;
30/11/2021;07:13;2012-87761;175.909;-52.335;
30/11/2021;08:17;2012-87761;175.807;-52.317;
30/11/2021;08:54;2012-87761;176.289;-52.27;
30/11/2021;08:57;2012-87761;175.785;-52.3;
30/11/2021;09:19;2012-87761;175.802;-52.326;
30/11/2021;09:54;2012-87761;175.803;-52.327;
30/11/2021;13:50;2012-87761;175.822;-52.34;
30/11/2021;15:24;2012-87761;175.886;-52.338;
30/11/2021;15:24;2012-87761;175.81;-52.354;
30/11/2021;16:02;2012-87761;176.083;-52.52;
30/11/2021;19:08;2012-87761;176.16;-52.614;
30/11/2021;19:44;2012-87761;176.166;-52.621;
30/11/2021;20:27;2012-87761;176.159;-52.635;
01/12/2021;02:05;2012-87761;176.218;-52.749;
01/12/2021;02:38;2012-87761;176.215;-52.774;
01/12/2021;03:43;2012-87761;176.356;-52.884;
01/12/2021;07:49;2012-87761;176.416;-52.892;
01/12/2021;08:27;2012-87761;176.467;-53.178;
01/12/2021;09:05;2012-87761;176.43;-52.893;
01/12/2021;09:28;2012-87761;176.43;-52.893;
01/12/2021;13:33;2012-87761;176.463;-52.955;
01/12/2021;14:54;2012-87761;176.481;-52.966;
01/12/2021;15:13;2012-87761;176.472;-52.965;
01/12/2021;15:51;2012-87761;176.479;-52.961;
01/12/2021;19:14;2012-87761;176.486;-52.975;
01/12/2021;20:04;2012-87761;176.733;-53.132;
01/12/2021;20:36;2012-87761;176.775;-53.159;
03/12/2021;03:21;2012-87761;177.627;-53.631;
03/12/2021;04:02;2012-87761;177.656;-53.647;
03/12/2021;07:05;2012-87761;177.79;-53.717;
03/12/2021;08:39;2012-87761;177.841;-53.795;
03/12/2021;08:45;2012-87761;177.848;-53.796;
03/12/2021;13:10;2012-87761;178.048;-53.963;
03/12/2021;13:48;2012-87761;178.076;-53.981;
03/12/2021;14:13;2012-87761;178.091;-53.994;
03/12/2021;15:28;2012-87761;178.099;-53.992;
03/12/2021;15:45;2012-87761;178.116;-54.021;
03/12/2021;19:23;2012-87761;178.269;-54.085;
03/12/2021;20:11;2012-87761;178.423;-54.186;
03/12/2021;20:13;2012-87761;178.397;-54.146;
03/12/2021;21:05;2012-87761;178.442;-54.186;
03/12/2021;21:53;2012-87761;178.511;-54.23;
05/12/2021;01:17;2012-87761;179.364;-54.31;
05/12/2021;03:02;2012-87761;179.513;-54.443;
05/12/2021;03:38;2012-87761;179.489;-54.448;
05/12/2021;07:59;2012-87761;179.712;-54.44;
05/12/2021;08:16;2012-87761;179.66;-54.451;
05/12/2021;08:53;2012-87761;179.653;-54.481;
05/12/2021;09:33;2012-87761;179.687;-54.474;
05/12/2021;09:59;2012-87761;179.715;-54.465;
05/12/2021;13:27;2012-87761;179.709;-54.479;
05/12/2021;14:36;2012-87761;179.763;-54.501;
05/12/2021;14:58;2012-87761;179.831;-54.501;
05/12/2021;15:06;2012-87761;179.751;-54.474;
05/12/2021;19:23;2012-87761;179.851;-54.428;
05/12/2021;19:47;2012-87761;179.853;-54.425;
05/12/2021;20:25;2012-87761;179.945;-54.437;
05/12/2021;22:03;2012-87761;179.962;-54.418;
07/12/2021;02:41;2012-87761;-179.136;-54.706;
07/12/2021;03:11;2012-87761;-179.132;-54.693;
07/12/2021;07:08;2012-87761;-178.998;-54.774;
07/12/2021;07:42;2012-87761;-178.914;-54.735;
07/12/2021;07:49;2012-87761;-178.982;-54.776;
07/12/2021;08:12;2012-87761;-178.974;-54.778;
07/12/2021;08:49;2012-87761;-178.885;-54.782;
07/12/2021;09:12;2012-87761;-178.865;-54.77;
07/12/2021;09:33;2012-87761;-178.808;-54.77;
07/12/2021;09:50;2012-87761;-178.87;-54.782;
07/12/2021;13:08;2012-87761;-178.634;-54.786;
07/12/2021;14:09;2012-87761;-178.592;-54.779;
07/12/2021;14:09;2012-87761;-178.591;-54.775;
07/12/2021;14:45;2012-87761;-178.56;-54.761;
07/12/2021;15:51;2012-87761;-178.482;-54.757;
07/12/2021;19:41;2012-87761;-178.321;-54.706;
07/12/2021;21:07;2012-87761;-178.217;-54.723;
07/12/2021;21:21;2012-87761;-178.251;-54.729;
09/12/2021;02:17;2012-87761;-176.204;-54.802;
09/12/2021;02:47;2012-87761;-176.242;-54.824;
09/12/2021;03:31;2012-87761;-176.566;-54.894;
09/12/2021;03:55;2012-87761;-176.566;-54.96;
09/12/2021;07:31;2012-87761;-176.821;-54.999;
09/12/2021;07:59;2012-87761;-176.757;-54.861;
09/12/2021;08:53;2012-87761;-176.792;-54.881;
09/12/2021;09:08;2012-87761;-176.849;-54.884;
09/12/2021;09:11;2012-87761;-176.815;-54.865;
09/12/2021;09:40;2012-87761;-176.821;-54.841;
09/12/2021;13:21;2012-87761;-176.982;-54.889;
09/12/2021;13:52;2012-87761;-177.019;-54.953;
09/12/2021;14:22;2012-87761;-176.588;-54.873;
09/12/2021;15:06;2012-87761;-176.569;-54.874;
09/12/2021;20:41;2012-87761;-176.389;-54.848;
09/12/2021;20:41;2012-87761;-176.419;-54.872;
11/12/2021;02:25;2012-87761;-174.696;-54.97;
11/12/2021;03:37;2012-87761;-174.57;-54.962;
11/12/2021;04:04;2012-87761;-174.522;-54.978;
11/12/2021;07:09;2012-87761;-174.239;-54.946;
11/12/2021;07:25;2012-87761;-174.305;-54.952;
11/12/2021;08:27;2012-87761;-174.277;-54.956;
11/12/2021;08:44;2012-87761;-174.265;-54.969;
11/12/2021;08:56;2012-87761;-174.26;-54.944;
11/12/2021;13:28;2012-87761;-174.058;-54.984;
11/12/2021;14:01;2012-87761;-174.026;-55.024;
11/12/2021;14:13;2012-87761;-174.015;-55.03;
11/12/2021;15:20;2012-87761;-174.047;-55.042;
11/12/2021;15:40;2012-87761;-173.958;-55.076;
11/12/2021;15:52;2012-87761;-173.976;-55.046;
11/12/2021;19:57;2012-87761;-173.718;-55.15;
11/12/2021;20:17;2012-87761;-173.794;-55.143;
11/12/2021;21:36;2012-87761;-173.712;-55.18;
13/12/2021;01:37;2012-87761;-172.556;-55.752;
13/12/2021;02:03;2012-87761;-172.536;-55.764;
13/12/2021;03:13;2012-87761;-172.554;-55.756;
13/12/2021;03:46;2012-87761;-172.575;-55.787;
13/12/2021;08:03;2012-87761;-172.767;-55.714;
13/12/2021;08:19;2012-87761;-172.772;-55.728;
13/12/2021;09:30;2012-87761;-172.515;-55.916;
13/12/2021;09:58;2012-87761;-172.748;-55.743;
13/12/2021;13:11;2012-87761;-172.693;-55.84;
13/12/2021;13:22;2012-87761;-172.652;-55.767;
13/12/2021;15:04;2012-87761;-172.262;-55.801;
13/12/2021;15:19;2012-87761;-172.566;-55.752;
13/12/2021;19:13;2012-87761;-171.927;-55.956;
13/12/2021;19:51;2012-87761;-171.951;-55.947;
15/12/2021;07:57;2012-87761;-171.706;-57.704;
15/12/2021;08:48;2012-87761;-170.4;-57.672;
15/12/2021;09:31;2012-87761;-171.028;-57.675;
15/12/2021;13:18;2012-87761;-170.528;-57.878;
15/12/2021;14:16;2012-87761;-170.183;-57.82;
15/12/2021;15:01;2012-87761;-169.979;-57.89;
15/12/2021;15:29;2012-87761;-169.983;-57.883;
15/12/2021;19:27;2012-87761;-168.682;-58.191;
15/12/2021;20:20;2012-87761;-169.775;-58.156;
15/12/2021;21:59;2012-87761;-169.768;-58.165;
17/12/2021;01:18;2012-87761;-169.452;-58.72;
17/12/2021;02:33;2012-87761;-169.485;-58.752;
17/12/2021;03:02;2012-87761;-169.508;-58.751;
17/12/2021;03:37;2012-87761;-169.459;-58.756;
17/12/2021;08:09;2012-87761;-169.451;-58.768;
17/12/2021;09:13;2012-87761;-169.506;-58.761;
17/12/2021;09:39;2012-87761;-169.468;-58.768;
17/12/2021;13:31;2012-87761;-169.431;-58.803;
17/12/2021;14:04;2012-87761;-169.473;-58.741;
17/12/2021;14:32;2012-87761;-169.431;-58.766;
17/12/2021;14:38;2012-87761;-169.432;-58.764;
17/12/2021;15:06;2012-87761;-169.444;-58.764;
17/12/2021;15:44;2012-87761;-169.448;-58.752;
17/12/2021;19:07;2012-87761;-169.391;-58.766;
17/12/2021;19:35;2012-87761;-169.401;-58.76;
17/12/2021;19:40;2012-87761;-169.445;-58.755;
17/12/2021;20:45;2012-87761;-169.335;-58.754;
19/12/2021;02:07;2012-87761;-168.839;-59.014;
19/12/2021;02:41;2012-87761;-168.922;-59.015;
19/12/2021;03:49;2012-87761;-168.887;-59.047;
19/12/2021;07:09;2012-87761;-168.903;-59.082;
19/12/2021;07:22;2012-87761;-168.738;-59.128;
19/12/2021;07:23;2012-87761;-168.841;-59.04;
19/12/2021;08:47;2012-87761;-168.699;-59.145;
19/12/2021;09:01;2012-87761;-168.67;-59.152;
19/12/2021;09:03;2012-87761;-168.691;-59.153;
19/12/2021;13:42;2012-87761;-168.538;-59.273;
19/12/2021;13:53;2012-87761;-168.537;-59.273;
19/12/2021;14:14;2012-87761;-168.557;-59.273;
19/12/2021;14:19;2012-87761;-168.545;-59.275;
19/12/2021;15:33;2012-87761;-168.553;-59.288;
21/12/2021;01:46;2012-87761;-168.37;-59.691;
21/12/2021;02:11;2012-87761;-168.197;-59.645;
21/12/2021;03:26;2012-87761;-168.159;-59.644;
21/12/2021;03:40;2012-87761;-168.192;-59.642;
21/12/2021;03:53;2012-87761;-168.184;-59.644;
21/12/2021;07:17;2012-87761;-168.169;-59.646;
21/12/2021;08:13;2012-87761;-168.099;-59.605;
21/12/2021;08:21;2012-87761;-168.187;-59.632;
21/12/2021;08:21;2012-87761;-168.131;-59.605;
21/12/2021;08:23;2012-87761;-168.128;-59.603;
21/12/2021;08:34;2012-87761;-168.128;-59.603;
21/12/2021;09:52;2012-87761;-168.124;-59.61;
21/12/2021;09:59;2012-87761;-168.147;-59.642;
21/12/2021;10:02;2012-87761;-168.142;-59.634;
21/12/2021;10:04;2012-87761;-168.135;-59.641;
21/12/2021;13:19;2012-87761;-168.193;-59.613;
21/12/2021;13:30;2012-87761;-168.178;-59.63;
21/12/2021;13:48;2012-87761;-168.19;-59.633;
21/12/2021;14:45;2012-87761;-168.204;-59.622;
23/12/2021;03:30;2012-87761;-168.041;-59.53;
23/12/2021;07:27;2012-87761;-167.948;-59.522;
23/12/2021;07:38;2012-87761;-167.972;-59.51;
23/12/2021;07:48;2012-87761;-167.974;-59.515;
23/12/2021;07:56;2012-87761;-167.975;-59.522;
23/12/2021;08:02;2012-87761;-167.976;-59.522;
23/12/2021;08:35;2012-87761;-167.968;-59.52;
23/12/2021;09:10;2012-87761;-167.962;-59.518;
23/12/2021;09:20;2012-87761;-167.936;-59.518;
23/12/2021;09:29;2012-87761;-167.935;-59.518;
23/12/2021;09:38;2012-87761;-167.939;-59.509;
23/12/2021;09:38;2012-87761;-167.936;-59.518;
23/12/2021;13:06;2012-87761;-167.866;-59.529;
23/12/2021;13:29;2012-87761;-167.934;-59.53;
23/12/2021;13:58;2012-87761;-167.966;-59.527;
23/12/2021;14:16;2012-87761;-167.936;-59.514;
23/12/2021;14:22;2012-87761;-167.884;-59.521;
23/12/2021;14:36;2012-87761;-167.934;-59.513;
23/12/2021;15:12;2012-87761;-167.858;-59.537;
23/12/2021;15:38;2012-87761;-167.921;-59.521;
23/12/2021;15:54;2012-87761;-167.884;-59.523;
23/12/2021;16:03;2012-87761;-167.904;-59.511;
23/12/2021;19:11;2012-87761;-167.859;-59.493;
23/12/2021;19:31;2012-87761;-167.848;-59.48;
25/12/2021;01:32;2012-87761;-167.547;-59.34;
25/12/2021;02:44;2012-87761;-167.533;-59.324;
25/12/2021;03:14;2012-87761;-167.538;-59.331;
25/12/2021;03:41;2012-87761;-167.506;-59.307;
25/12/2021;07:28;2012-87761;-167.483;-59.258;
25/12/2021;08:21;2012-87761;-167.483;-59.254;
25/12/2021;08:32;2012-87761;-167.509;-59.24;
25/12/2021;08:38;2012-87761;-167.506;-59.245;
25/12/2021;09:08;2012-87761;-167.461;-59.214;
25/12/2021;09:58;2012-87761;-167.444;-59.198;
25/12/2021;13:08;2012-87761;-167.355;-59.195;
25/12/2021;13:34;2012-87761;-167.384;-59.176;
25/12/2021;15:11;2012-87761;-167.412;-59.216;
25/12/2021;19:12;2012-87761;-167.399;-59.227;
25/12/2021;19:50;2012-87761;-167.429;-59.214;
25/12/2021;20:06;2012-87761;-167.405;-59.194;
25/12/2021;20:51;2012-87761;-167.387;-59.228;
25/12/2021;21:54;2012-87761;-167.391;-59.241;
27/12/2021;02:23;2012-87761;-166.435;-60.14;
27/12/2021;02:49;2012-87761;-166.431;-60.151;
27/12/2021;04:04;2012-87761;-166.421;-60.221;
27/12/2021;07:09;2012-87761;-166.372;-60.229;
27/12/2021;07:16;2012-87761;-166.37;-60.232;
27/12/2021;07:33;2012-87761;-166.361;-60.206;
27/12/2021;07:50;2012-87761;-166.364;-60.206;
27/12/2021;07:58;2012-87761;-166.361;-60.214;
27/12/2021;08:51;2012-87761;-166.387;-60.215;
27/12/2021;08:59;2012-87761;-166.397;-60.22;
27/12/2021;09:24;2012-87761;-166.399;-60.22;
27/12/2021;09:37;2012-87761;-166.59;-60.243;
27/12/2021;14:26;2012-87761;-166.472;-60.131;
27/12/2021;14:26;2012-87761;-166.402;-60.149;
27/12/2021;14:32;2012-87761;-166.401;-60.15;
27/12/2021;15:42;2012-87761;-166.385;-60.153;
27/12/2021;16:02;2012-87761;-166.42;-60.126;
29/12/2021;02:01;2012-87761;-165.854;-60.315;
29/12/2021;02:29;2012-87761;-165.828;-60.324;
29/12/2021;03:41;2012-87761;-165.741;-60.315;
29/12/2021;03:44;2012-87761;-165.767;-60.32;
29/12/2021;07:06;2012-87761;-165.678;-60.337;
29/12/2021;07:16;2012-87761;-165.721;-60.351;
29/12/2021;08:24;2012-87761;-165.519;-60.384;
29/12/2021;08:25;2012-87761;-165.518;-60.387;
29/12/2021;08:39;2012-87761;-165.519;-60.384;
29/12/2021;08:41;2012-87761;-165.509;-60.386;
29/12/2021;08:55;2012-87761;-165.51;-60.404;
29/12/2021;10:04;2012-87761;-165.419;-60.432;
29/12/2021;13:17;2012-87761;-165.223;-60.486;
29/12/2021;13:41;2012-87761;-165.239;-60.532;
29/12/2021;14:02;2012-87761;-165.254;-60.534;
29/12/2021;14:56;2012-87761;-165.199;-60.566;
29/12/2021;15:15;2012-87761;-165.211;-60.565;
31/12/2021;03:22;2012-87761;-163.737;-61.162;
31/12/2021;03:46;2012-87761;-164.249;-61.274;
31/12/2021;07:35;2012-87761;-164.899;-61.554;
31/12/2021;08:00;2012-87761;-164.871;-61.512;
31/12/2021;08:14;2012-87761;-164.872;-61.527;
31/12/2021;08:15;2012-87761;-164.921;-61.59;
31/12/2021;08:46;2012-87761;-164.922;-61.603;
31/12/2021;09:11;2012-87761;-164.882;-61.543;
31/12/2021;09:42;2012-87761;-164.837;-61.627;
31/12/2021;09:55;2012-87761;-164.826;-61.611;
31/12/2021;09:57;2012-87761;-164.858;-61.624;
31/12/2021;13:11;2012-87761;-164.786;-61.696;
31/12/2021;13:16;2012-87761;-164.701;-61.7;
31/12/2021;13:44;2012-87761;-164.701;-61.733;
31/12/2021;14:10;2012-87761;-164.699;-61.733;
31/12/2021;14:29;2012-87761;-164.697;-61.765;
31/12/2021;14:38;2012-87761;-164.695;-61.782;
31/12/2021;15:24;2012-87761;-164.683;-61.796;
31/12/2021;15:48;2012-87761;-164.676;-61.771;
31/12/2021;19:36;2012-87761;-164.628;-61.774;
31/12/2021;19:47;2012-87761;-164.649;-61.78;
31/12/2021;21:28;2012-87761;-164.566;-61.798;
01/01/2022;21:28;2012-87761;158.785994;-46.366811;out of domain 
02/09/2021;02:50;2015-120937;167.3452;-22.7629;
02/09/2021;02:50;2015-120937;167.345;-22.763;
02/09/2021;02:50;2015-120937;167.3452;-22.7629;
02/09/2021;02:50;2015-120937;167.3452;-22.7629;
02/09/2021;02:50;2015-120937;167.345;-22.763;
02/09/2021;02:50;2015-120937;167.3452;-22.7629;
02/09/2021;07:51;2015-120937;167.349;-22.7819;
02/09/2021;07:51;2015-120937;167.349;-22.782;
02/09/2021;07:51;2015-120937;167.349;-22.7819;
02/09/2021;07:51;2015-120937;167.349;-22.782;
02/09/2021;14:06;2015-120937;167.3628;-22.9066;
02/09/2021;14:06;2015-120937;167.363;-22.907;
02/09/2021;14:06;2015-120937;167.3628;-22.9066;
02/09/2021;14:06;2015-120937;167.363;-22.907;
02/09/2021;15:44;2015-120937;167.866;-23.01;
02/09/2021;15:44;2015-120937;167.866;-23.01;
02/09/2021;15:44;2015-120937;167.866;-23.01;
02/09/2021;15:44;2015-120937;167.866;-23.01;
02/09/2021;20:12;2015-120937;167.9055;-23.1568;
02/09/2021;20:12;2015-120937;167.906;-23.157;
02/09/2021;20:12;2015-120937;167.9055;-23.1568;
02/09/2021;20:12;2015-120937;167.906;-23.157;
03/09/2021;02:38;2015-120937;168.096;-23.3947;
03/09/2021;02:38;2015-120937;168.096;-23.395;
03/09/2021;02:38;2015-120937;168.096;-23.3947;
03/09/2021;02:38;2015-120937;168.096;-23.395;
03/09/2021;07:18;2015-120937;168.0823;-23.4491;
03/09/2021;07:18;2015-120937;168.082;-23.449;
03/09/2021;07:18;2015-120937;168.0823;-23.4491;
03/09/2021;07:18;2015-120937;168.082;-23.449;
03/09/2021;08:01;2015-120937;168.0736;-23.4527;
03/09/2021;08:01;2015-120937;168.074;-23.453;
03/09/2021;08:01;2015-120937;168.0736;-23.4527;
03/09/2021;08:01;2015-120937;168.074;-23.453;
03/09/2021;14:01;2015-120937;168.0545;-23.4071;
03/09/2021;14:01;2015-120937;168.055;-23.407;
03/09/2021;14:01;2015-120937;168.0545;-23.4071;
03/09/2021;14:01;2015-120937;168.055;-23.407;
03/09/2021;15:32;2015-120937;168.0835;-23.4233;
03/09/2021;15:32;2015-120937;168.084;-23.423;
03/09/2021;15:32;2015-120937;168.0835;-23.4233;
03/09/2021;15:32;2015-120937;168.084;-23.423;
04/09/2021;02:26;2015-120937;168.0782;-23.3932;
04/09/2021;02:26;2015-120937;168.078;-23.393;
04/09/2021;02:26;2015-120937;168.0782;-23.3932;
04/09/2021;02:26;2015-120937;168.078;-23.393;
04/09/2021;07:35;2015-120937;168.0364;-23.2586;
04/09/2021;07:35;2015-120937;168.036;-23.259;
04/09/2021;07:35;2015-120937;168.0364;-23.2586;
04/09/2021;07:35;2015-120937;168.036;-23.259;
04/09/2021;09:49;2015-120937;167.9985;-23.1895;
04/09/2021;09:49;2015-120937;167.998;-23.19;
04/09/2021;09:49;2015-120937;167.9985;-23.1895;
04/09/2021;09:49;2015-120937;167.998;-23.19;
04/09/2021;13:50;2015-120937;167.9805;-23.1455;
04/09/2021;13:50;2015-120937;167.98;-23.145;
04/09/2021;13:50;2015-120937;167.9805;-23.1455;
04/09/2021;13:50;2015-120937;167.98;-23.145;
04/09/2021;15:29;2015-120937;167.8768;-23.1048;
04/09/2021;15:29;2015-120937;167.877;-23.105;
04/09/2021;15:29;2015-120937;167.8768;-23.1048;
04/09/2021;15:29;2015-120937;167.877;-23.105;
04/09/2021;19:07;2015-120937;167.7945;-23.0125;
04/09/2021;19:07;2015-120937;167.794;-23.012;
04/09/2021;19:07;2015-120937;167.7945;-23.0125;
04/09/2021;19:07;2015-120937;167.794;-23.012;
04/09/2021;21:07;2015-120937;167.7753;-22.9719;
04/09/2021;21:07;2015-120937;167.775;-22.972;
04/09/2021;21:07;2015-120937;167.7753;-22.9719;
04/09/2021;21:07;2015-120937;167.775;-22.972;
05/09/2021;02:15;2015-120937;167.6674;-22.8836;
05/09/2021;02:15;2015-120937;167.667;-22.884;
05/09/2021;02:15;2015-120937;167.6674;-22.8836;
05/09/2021;02:15;2015-120937;167.667;-22.884;
05/09/2021;03:54;2015-120937;167.6702;-22.8682;
05/09/2021;03:54;2015-120937;167.67;-22.868;
05/09/2021;03:54;2015-120937;167.6702;-22.8682;
05/09/2021;03:54;2015-120937;167.67;-22.868;
05/09/2021;07:19;2015-120937;167.6579;-22.8506;
05/09/2021;07:19;2015-120937;167.658;-22.851;
05/09/2021;07:19;2015-120937;167.6579;-22.8506;
05/09/2021;07:19;2015-120937;167.658;-22.851;
05/09/2021;07:55;2015-120937;167.6466;-22.8413;
05/09/2021;07:55;2015-120937;167.647;-22.841;
05/09/2021;07:55;2015-120937;167.6466;-22.8413;
05/09/2021;07:55;2015-120937;167.647;-22.841;
05/09/2021;07:55;2015-120937;167.6576;-22.8495;
05/09/2021;07:55;2015-120937;167.658;-22.85;
05/09/2021;07:55;2015-120937;167.6576;-22.8495;
05/09/2021;07:55;2015-120937;167.658;-22.85;
05/09/2021;09:33;2015-120937;167.6308;-22.83;
05/09/2021;09:33;2015-120937;167.631;-22.83;
05/09/2021;09:33;2015-120937;167.6308;-22.83;
05/09/2021;09:33;2015-120937;167.631;-22.83;
05/09/2021;15:16;2015-120937;167.6546;-22.8644;
05/09/2021;15:16;2015-120937;167.655;-22.864;
05/09/2021;15:16;2015-120937;167.6546;-22.8644;
05/09/2021;15:16;2015-120937;167.655;-22.864;
05/09/2021;19:06;2015-120937;167.67;-22.8675;
05/09/2021;19:06;2015-120937;167.67;-22.868;
05/09/2021;19:06;2015-120937;167.67;-22.8675;
05/09/2021;19:06;2015-120937;167.67;-22.868;
06/09/2021;02:09;2015-120937;167.5928;-22.8921;
06/09/2021;02:09;2015-120937;167.593;-22.892;
06/09/2021;02:09;2015-120937;167.5928;-22.8921;
06/09/2021;02:09;2015-120937;167.593;-22.892;
06/09/2021;03:47;2015-120937;167.524;-22.9789;
06/09/2021;03:47;2015-120937;167.524;-22.979;
06/09/2021;03:47;2015-120937;167.524;-22.9789;
06/09/2021;03:47;2015-120937;167.524;-22.979;
06/09/2021;07:25;2015-120937;167.2828;-23.052;
06/09/2021;07:25;2015-120937;167.283;-23.052;
06/09/2021;07:25;2015-120937;167.2828;-23.052;
06/09/2021;07:25;2015-120937;167.283;-23.052;
06/09/2021;07:43;2015-120937;167.2489;-22.9794;
06/09/2021;07:43;2015-120937;167.249;-22.984;
06/09/2021;07:43;2015-120937;167.2489;-22.9794;
06/09/2021;07:43;2015-120937;167.249;-22.984;
06/09/2021;09:08;2015-120937;167.1899;-22.9456;
06/09/2021;09:08;2015-120937;167.194;-22.938;
06/09/2021;09:08;2015-120937;167.1899;-22.9456;
06/09/2021;09:08;2015-120937;167.194;-22.938;
06/09/2021;13:20;2015-120937;167.1149;-22.8881;
06/09/2021;13:20;2015-120937;167.115;-22.89;
06/09/2021;13:20;2015-120937;167.1149;-22.8881;
06/09/2021;13:20;2015-120937;167.115;-22.89;
07/09/2021;03:30;2015-120937;167.147;-22.9219;
07/09/2021;03:30;2015-120937;167.146;-22.923;
07/09/2021;03:30;2015-120937;167.147;-22.9219;
07/09/2021;03:30;2015-120937;167.146;-22.923;
07/09/2021;07:35;2015-120937;167.1221;-22.8318;
07/09/2021;07:35;2015-120937;167.139;-22.834;
07/09/2021;07:35;2015-120937;167.1221;-22.8318;
07/09/2021;07:35;2015-120937;167.139;-22.834;
07/09/2021;09:45;2015-120937;167.2703;-22.8576;
07/09/2021;09:45;2015-120937;167.274;-22.852;
07/09/2021;09:45;2015-120937;167.2703;-22.8576;
07/09/2021;09:45;2015-120937;167.274;-22.852;
07/09/2021;14:53;2015-120937;167.3044;-22.7837;
07/09/2021;14:53;2015-120937;167.309;-22.784;
07/09/2021;14:53;2015-120937;167.3044;-22.7837;
07/09/2021;14:53;2015-120937;167.309;-22.784;
07/09/2021;19:13;2015-120937;167.5987;-22.7952;
07/09/2021;19:13;2015-120937;167.599;-22.795;
07/09/2021;19:13;2015-120937;167.5987;-22.7952;
07/09/2021;19:13;2015-120937;167.599;-22.795;
07/09/2021;19:18;2015-120937;167.5684;-22.8025;
07/09/2021;19:18;2015-120937;167.568;-22.802;
07/09/2021;19:18;2015-120937;167.5684;-22.8025;
07/09/2021;19:18;2015-120937;167.568;-22.802;
07/09/2021;21:39;2015-120937;167.6694;-22.7538;
07/09/2021;21:39;2015-120937;167.669;-22.754;
07/09/2021;21:39;2015-120937;167.6694;-22.7538;
07/09/2021;21:39;2015-120937;167.669;-22.754;
08/09/2021;01:43;2015-120937;167.7726;-22.7134;
08/09/2021;01:43;2015-120937;167.77;-22.715;
08/09/2021;01:43;2015-120937;167.7726;-22.7134;
08/09/2021;01:43;2015-120937;167.77;-22.715;
08/09/2021;03:22;2015-120937;167.7088;-22.6802;
08/09/2021;03:22;2015-120937;167.708;-22.68;
08/09/2021;03:22;2015-120937;167.7088;-22.6802;
08/09/2021;03:22;2015-120937;167.708;-22.68;
08/09/2021;07:20;2015-120937;167.6664;-22.682;
08/09/2021;07:20;2015-120937;167.666;-22.682;
08/09/2021;07:20;2015-120937;167.6664;-22.682;
08/09/2021;07:20;2015-120937;167.666;-22.682;
08/09/2021;07:37;2015-120937;167.6428;-22.8528;
08/09/2021;07:37;2015-120937;167.643;-22.853;
08/09/2021;07:37;2015-120937;167.6428;-22.8528;
08/09/2021;07:37;2015-120937;167.643;-22.853;
08/09/2021;08:01;2015-120937;167.6875;-22.8597;
08/09/2021;08:01;2015-120937;167.688;-22.86;
08/09/2021;08:01;2015-120937;167.6875;-22.8597;
08/09/2021;08:01;2015-120937;167.688;-22.86;
08/09/2021;14:47;2015-120937;167.8541;-23.0624;
08/09/2021;14:47;2015-120937;167.854;-23.062;
08/09/2021;14:47;2015-120937;167.8541;-23.0624;
08/09/2021;14:47;2015-120937;167.854;-23.062;
09/09/2021;03:18;2015-120937;168.0203;-23.4452;
09/09/2021;03:18;2015-120937;168.02;-23.445;
09/09/2021;03:18;2015-120937;168.0203;-23.4452;
09/09/2021;03:18;2015-120937;168.02;-23.445;
09/09/2021;07:06;2015-120937;168.1873;-23.5109;
09/09/2021;07:06;2015-120937;168.187;-23.511;
09/09/2021;07:06;2015-120937;168.1873;-23.5109;
09/09/2021;07:06;2015-120937;168.187;-23.511;
09/09/2021;07:10;2015-120937;168.1676;-23.4968;
09/09/2021;07:10;2015-120937;168.168;-23.497;
09/09/2021;07:10;2015-120937;168.1676;-23.4968;
09/09/2021;07:10;2015-120937;168.168;-23.497;
09/09/2021;07:29;2015-120937;168.081;-23.4265;
09/09/2021;07:29;2015-120937;168.081;-23.427;
09/09/2021;07:29;2015-120937;168.081;-23.4265;
09/09/2021;07:29;2015-120937;168.081;-23.427;
09/09/2021;09:50;2015-120937;168.085;-23.4205;
09/09/2021;09:50;2015-120937;168.085;-23.421;
09/09/2021;09:50;2015-120937;168.085;-23.4205;
09/09/2021;09:50;2015-120937;168.085;-23.421;
09/09/2021;14:28;2015-120937;168.1755;-23.4843;
09/09/2021;14:28;2015-120937;168.175;-23.484;
09/09/2021;14:28;2015-120937;168.1755;-23.4843;
09/09/2021;14:28;2015-120937;168.175;-23.484;
09/09/2021;19:52;2015-120937;168.1293;-23.4644;
09/09/2021;19:52;2015-120937;168.129;-23.464;
09/09/2021;19:52;2015-120937;168.1293;-23.4644;
09/09/2021;19:52;2015-120937;168.129;-23.464;
09/09/2021;21:02;2015-120937;168.1462;-23.4832;
09/09/2021;21:02;2015-120937;168.146;-23.483;
09/09/2021;21:02;2015-120937;168.1462;-23.4832;
09/09/2021;21:02;2015-120937;168.146;-23.483;
09/09/2021;21:55;2015-120937;168.0824;-23.4087;
09/09/2021;21:55;2015-120937;168.082;-23.409;
09/09/2021;21:55;2015-120937;168.0824;-23.4087;
09/09/2021;21:55;2015-120937;168.082;-23.409;
10/09/2021;02:56;2015-120937;168.0898;-23.4251;
10/09/2021;02:56;2015-120937;168.09;-23.425;
10/09/2021;02:56;2015-120937;168.0898;-23.4251;
10/09/2021;02:56;2015-120937;168.09;-23.425;
10/09/2021;09:26;2015-120937;168.0563;-23.1593;
10/09/2021;09:26;2015-120937;168.056;-23.159;
10/09/2021;09:26;2015-120937;168.0563;-23.1593;
10/09/2021;09:26;2015-120937;168.056;-23.159;
10/09/2021;14:21;2015-120937;168.0547;-23.1045;
10/09/2021;14:21;2015-120937;168.055;-23.104;
10/09/2021;14:21;2015-120937;168.0547;-23.1045;
10/09/2021;14:21;2015-120937;168.055;-23.104;
10/09/2021;15:57;2015-120937;168.0316;-23.0313;
10/09/2021;15:57;2015-120937;168.032;-23.031;
10/09/2021;15:57;2015-120937;168.0316;-23.0313;
10/09/2021;15:57;2015-120937;168.032;-23.031;
10/09/2021;19:20;2015-120937;167.7374;-22.9847;
10/09/2021;19:20;2015-120937;167.737;-22.985;
10/09/2021;19:20;2015-120937;167.7374;-22.9847;
10/09/2021;19:20;2015-120937;167.737;-22.985;
11/09/2021;02:47;2015-120937;167.4299;-22.8733;
11/09/2021;02:47;2015-120937;167.43;-22.873;
11/09/2021;02:47;2015-120937;167.4299;-22.8733;
11/09/2021;02:47;2015-120937;167.43;-22.873;
11/09/2021;15:49;2015-120937;166.9842;-22.5395;
11/09/2021;15:49;2015-120937;166.984;-22.54;
11/09/2021;15:49;2015-120937;166.9842;-22.5395;
11/09/2021;15:49;2015-120937;166.984;-22.54;
11/09/2021;20:24;2015-120937;166.8309;-22.4468;
11/09/2021;20:24;2015-120937;166.831;-22.447;
11/09/2021;20:24;2015-120937;166.8309;-22.4468;
11/09/2021;20:24;2015-120937;166.831;-22.447;
11/09/2021;21:56;2015-120937;166.7835;-22.4107;
11/09/2021;21:56;2015-120937;166.783;-22.411;
11/09/2021;21:56;2015-120937;166.7835;-22.4107;
11/09/2021;21:56;2015-120937;166.783;-22.411;
12/09/2021;07:32;2015-120937;166.5987;-22.1598;
12/09/2021;07:32;2015-120937;166.599;-22.16;
12/09/2021;07:32;2015-120937;166.5987;-22.1598;
12/09/2021;07:32;2015-120937;166.599;-22.16;
12/09/2021;15:36;2015-120937;166.3112;-21.9923;
12/09/2021;15:36;2015-120937;166.311;-21.992;
12/09/2021;15:36;2015-120937;166.3112;-21.9923;
12/09/2021;15:36;2015-120937;166.311;-21.992;
12/09/2021;21:42;2015-120937;166.2574;-21.8934;
12/09/2021;21:42;2015-120937;166.257;-21.893;
12/09/2021;21:42;2015-120937;166.2574;-21.8934;
12/09/2021;21:42;2015-120937;166.257;-21.893;
13/09/2021;02:27;2015-120937;166.1774;-21.531;
13/09/2021;02:27;2015-120937;166.177;-21.531;
13/09/2021;02:27;2015-120937;166.1774;-21.531;
13/09/2021;02:27;2015-120937;166.177;-21.531;
13/09/2021;07:05;2015-120937;166.9015;-21.4013;
13/09/2021;07:05;2015-120937;166.902;-21.401;
13/09/2021;07:05;2015-120937;166.9015;-21.4013;
13/09/2021;07:05;2015-120937;166.902;-21.401;
13/09/2021;07:15;2015-120937;166.9238;-21.4056;
13/09/2021;07:15;2015-120937;166.924;-21.406;
13/09/2021;07:15;2015-120937;166.9238;-21.4056;
13/09/2021;07:15;2015-120937;166.924;-21.406;
13/09/2021;19:23;2015-120937;167.3035;-20.9803;
13/09/2021;19:23;2015-120937;167.304;-20.98;
13/09/2021;19:23;2015-120937;167.3035;-20.9803;
13/09/2021;19:23;2015-120937;167.304;-20.98;
13/09/2021;21:19;2015-120937;167.5633;-21.2783;
13/09/2021;21:19;2015-120937;167.563;-21.278;
13/09/2021;21:19;2015-120937;167.5633;-21.2783;
13/09/2021;21:19;2015-120937;167.563;-21.278;
14/09/2021;02:16;2015-120937;167.7599;-21.484;
14/09/2021;02:16;2015-120937;167.76;-21.484;
14/09/2021;02:16;2015-120937;167.7599;-21.484;
14/09/2021;02:16;2015-120937;167.76;-21.484;
14/09/2021;03:58;2015-120937;167.8777;-21.5393;
14/09/2021;03:58;2015-120937;167.878;-21.539;
14/09/2021;03:58;2015-120937;167.8777;-21.5393;
14/09/2021;03:58;2015-120937;167.878;-21.539;
14/09/2021;07:50;2015-120937;168.1226;-21.6763;
14/09/2021;07:50;2015-120937;168.123;-21.676;
14/09/2021;07:50;2015-120937;168.1226;-21.6763;
14/09/2021;07:50;2015-120937;168.123;-21.676;
14/09/2021;08:10;2015-120937;168.1335;-21.8602;
14/09/2021;08:10;2015-120937;168.133;-21.86;
14/09/2021;08:10;2015-120937;168.1335;-21.8602;
14/09/2021;08:10;2015-120937;168.133;-21.86;
14/09/2021;19:03;2015-120937;168.7166;-22.2402;
14/09/2021;19:03;2015-120937;168.717;-22.24;
14/09/2021;19:03;2015-120937;168.7166;-22.2402;
14/09/2021;19:03;2015-120937;168.717;-22.24;
15/09/2021;02:07;2015-120937;168.7661;-22.2251;
15/09/2021;02:07;2015-120937;168.766;-22.225;
15/09/2021;02:07;2015-120937;168.7661;-22.2251;
15/09/2021;02:07;2015-120937;168.766;-22.225;
15/09/2021;09:26;2015-120937;168.864;-22.2392;
15/09/2021;09:26;2015-120937;168.864;-22.239;
15/09/2021;09:26;2015-120937;168.864;-22.2392;
15/09/2021;09:26;2015-120937;168.864;-22.239;
15/09/2021;13:24;2015-120937;169.3889;-22.7117;
15/09/2021;13:24;2015-120937;169.389;-22.712;
15/09/2021;13:24;2015-120937;169.3889;-22.7117;
15/09/2021;13:24;2015-120937;169.389;-22.712;
15/09/2021;14:58;2015-120937;168.0455;-22.4432;
15/09/2021;14:58;2015-120937;168.045;-22.443;
15/09/2021;14:58;2015-120937;168.0455;-22.4432;
15/09/2021;14:58;2015-120937;168.045;-22.443;
16/09/2021;01:53;2015-120937;168.0666;-22.6095;
16/09/2021;01:53;2015-120937;168.067;-22.61;
16/09/2021;01:53;2015-120937;168.0666;-22.6095;
16/09/2021;01:53;2015-120937;168.067;-22.61;
16/09/2021;07:10;2015-120937;168.0721;-22.887;
16/09/2021;07:10;2015-120937;168.0721;-22.887;
16/09/2021;07:32;2015-120937;168.0656;-22.9039;
16/09/2021;07:32;2015-120937;168.066;-22.904;
16/09/2021;07:32;2015-120937;168.0656;-22.9039;
16/09/2021;07:32;2015-120937;168.066;-22.904;
16/09/2021;07:43;2015-120937;168.0877;-22.641;
16/09/2021;07:43;2015-120937;168.088;-22.641;
16/09/2021;07:43;2015-120937;168.0877;-22.641;
16/09/2021;07:43;2015-120937;168.088;-22.641;
16/09/2021;14:50;2015-120937;162.6514;-22.0623;
16/09/2021;14:50;2015-120937;162.651;-22.062;
16/09/2021;14:50;2015-120937;162.6514;-22.0623;
16/09/2021;14:50;2015-120937;162.651;-22.062;
16/09/2021;19:28;2015-120937;163.34;-22.7941;
16/09/2021;19:28;2015-120937;163.34;-22.7941;
17/09/2021;03:23;2015-120937;162.4776;-23.9311;
17/09/2021;03:23;2015-120937;162.4776;-23.9311;
17/09/2021;14:41;2015-120937;168.1967;-23.0177;
17/09/2021;14:41;2015-120937;168.197;-23.018;
17/09/2021;14:41;2015-120937;168.1967;-23.0177;
17/09/2021;14:41;2015-120937;168.197;-23.018;
17/09/2021;19:06;2015-120937;172.5851;-23.9898;
17/09/2021;19:06;2015-120937;172.585;-23.99;
17/09/2021;19:06;2015-120937;172.5851;-23.9898;
17/09/2021;19:06;2015-120937;172.585;-23.99;
17/09/2021;21:39;2015-120937;168.201;-23.0138;
17/09/2021;21:39;2015-120937;168.201;-23.014;
17/09/2021;21:39;2015-120937;168.201;-23.0138;
17/09/2021;21:39;2015-120937;168.201;-23.014;
18/09/2021;03:13;2015-120937;168.213;-23.0297;
18/09/2021;03:13;2015-120937;168.213;-23.03;
18/09/2021;03:13;2015-120937;168.213;-23.0297;
18/09/2021;03:13;2015-120937;168.213;-23.03;
18/09/2021;09:58;2015-120937;168.2719;-22.9974;
18/09/2021;09:58;2015-120937;168.272;-22.997;
18/09/2021;09:58;2015-120937;168.2719;-22.9974;
18/09/2021;09:58;2015-120937;168.272;-22.997;
18/09/2021;21:09;2015-120937;168.3306;-23.0825;
18/09/2021;21:09;2015-120937;168.331;-23.083;
18/09/2021;21:09;2015-120937;168.3306;-23.0825;
18/09/2021;21:09;2015-120937;168.331;-23.083;
19/09/2021;03:01;2015-120937;168.3934;-23.1141;
19/09/2021;03:01;2015-120937;168.393;-23.114;
19/09/2021;03:01;2015-120937;168.3934;-23.1141;
19/09/2021;03:01;2015-120937;168.393;-23.114;
19/09/2021;09:42;2015-120937;168.0608;-23.3915;
19/09/2021;09:42;2015-120937;168.061;-23.392;
19/09/2021;09:42;2015-120937;168.0608;-23.3915;
19/09/2021;09:42;2015-120937;168.061;-23.392;
19/09/2021;19:11;2015-120937;167.9957;-23.4161;
19/09/2021;19:11;2015-120937;167.996;-23.416;
19/09/2021;19:11;2015-120937;167.9957;-23.4161;
19/09/2021;19:11;2015-120937;167.996;-23.416;
20/09/2021;14:01;2015-120937;167.7707;-23.6056;
20/09/2021;14:01;2015-120937;167.771;-23.606;
20/09/2021;14:01;2015-120937;167.7707;-23.6056;
20/09/2021;14:01;2015-120937;167.771;-23.606;
20/09/2021;21:25;2015-120937;168.0912;-23.0634;
20/09/2021;21:25;2015-120937;168.091;-23.063;
20/09/2021;21:25;2015-120937;168.0912;-23.0634;
20/09/2021;21:25;2015-120937;168.091;-23.063;
21/09/2021;15:30;2015-120937;167.3491;-22.8314;
21/09/2021;15:30;2015-120937;167.349;-22.831;
21/09/2021;15:30;2015-120937;167.3491;-22.8314;
21/09/2021;15:30;2015-120937;167.349;-22.831;
21/09/2021;20:13;2015-120937;167.3045;-22.82;
21/09/2021;20:13;2015-120937;167.305;-22.82;
21/09/2021;20:13;2015-120937;167.3045;-22.82;
21/09/2021;20:13;2015-120937;167.305;-22.82;
21/09/2021;21:56;2015-120937;167.1032;-22.9443;
21/09/2021;21:56;2015-120937;167.103;-22.944;
21/09/2021;21:56;2015-120937;167.1032;-22.9443;
21/09/2021;21:56;2015-120937;167.103;-22.944;
22/09/2021;15:27;2015-120937;166.3499;-23.3025;
22/09/2021;15:27;2015-120937;166.35;-23.303;
22/09/2021;15:27;2015-120937;166.3499;-23.3025;
22/09/2021;15:27;2015-120937;166.35;-23.303;
27/09/2021;19:16;2015-120937;164.0567;-22.8755;
27/09/2021;19:16;2015-120937;164.057;-22.876;
27/09/2021;19:16;2015-120937;164.0567;-22.8755;
27/09/2021;19:16;2015-120937;164.057;-22.876;
28/09/2021;19:16;2015-120937;158.785994;-46.366811;out of domain 
03/09/2021;02:40;2015-120943;167.0969;-22.5926;
03/09/2021;02:40;2015-120943;167.0969;-22.5926;
03/09/2021;07:22;2015-120943;167.0656;-22.5297;
03/09/2021;07:22;2015-120943;167.066;-22.53;
03/09/2021;07:22;2015-120943;167.0656;-22.5297;
03/09/2021;07:22;2015-120943;167.066;-22.53;
03/09/2021;08:01;2015-120943;167.0519;-22.5214;
03/09/2021;08:01;2015-120943;167.052;-22.521;
03/09/2021;08:01;2015-120943;167.0519;-22.5214;
03/09/2021;08:01;2015-120943;167.052;-22.521;
03/09/2021;19:10;2015-120943;166.9623;-22.4546;
03/09/2021;19:10;2015-120943;166.962;-22.455;
03/09/2021;19:10;2015-120943;166.9623;-22.4546;
03/09/2021;19:10;2015-120943;166.962;-22.455;
03/09/2021;19:36;2015-120943;166.8648;-22.4582;
03/09/2021;19:36;2015-120943;166.865;-22.458;
03/09/2021;19:36;2015-120943;166.8648;-22.4582;
03/09/2021;19:36;2015-120943;166.865;-22.458;
03/09/2021;19:39;2015-120943;166.8594;-22.4552;
03/09/2021;19:39;2015-120943;166.859;-22.455;
03/09/2021;19:39;2015-120943;166.8594;-22.4552;
03/09/2021;19:39;2015-120943;166.859;-22.455;
03/09/2021;21:23;2015-120943;166.8394;-22.4536;
03/09/2021;21:23;2015-120943;166.839;-22.454;
03/09/2021;21:23;2015-120943;166.8394;-22.4536;
03/09/2021;21:23;2015-120943;166.839;-22.454;
04/09/2021;02:25;2015-120943;167.1001;-22.4785;
04/09/2021;02:25;2015-120943;167.1;-22.479;
04/09/2021;02:25;2015-120943;167.1001;-22.4785;
04/09/2021;02:25;2015-120943;167.1;-22.479;
04/09/2021;06:51;2015-120943;167.1325;-22.4647;
04/09/2021;06:51;2015-120943;167.133;-22.465;
04/09/2021;06:51;2015-120943;167.1325;-22.4647;
04/09/2021;06:51;2015-120943;167.133;-22.465;
04/09/2021;07:34;2015-120943;167.2422;-22.4139;
04/09/2021;07:34;2015-120943;167.242;-22.414;
04/09/2021;07:34;2015-120943;167.2422;-22.4139;
04/09/2021;07:34;2015-120943;167.242;-22.414;
04/09/2021;08:04;2015-120943;167.1399;-22.4528;
04/09/2021;08:04;2015-120943;167.14;-22.453;
04/09/2021;08:04;2015-120943;167.1399;-22.4528;
04/09/2021;08:04;2015-120943;167.14;-22.453;
04/09/2021;09:46;2015-120943;167.1718;-22.4341;
04/09/2021;09:46;2015-120943;167.172;-22.434;
04/09/2021;09:46;2015-120943;167.1718;-22.4341;
04/09/2021;09:46;2015-120943;167.172;-22.434;
04/09/2021;13:42;2015-120943;167.2398;-22.3704;
04/09/2021;13:42;2015-120943;167.24;-22.37;
04/09/2021;13:42;2015-120943;167.2398;-22.3704;
04/09/2021;13:42;2015-120943;167.24;-22.37;
04/09/2021;19:09;2015-120943;167.2055;-22.424;
04/09/2021;19:09;2015-120943;167.205;-22.424;
04/09/2021;19:09;2015-120943;167.2055;-22.424;
04/09/2021;19:09;2015-120943;167.205;-22.424;
04/09/2021;21:03;2015-120943;167.2182;-22.4169;
04/09/2021;21:03;2015-120943;167.218;-22.417;
04/09/2021;21:03;2015-120943;167.2182;-22.4169;
04/09/2021;21:03;2015-120943;167.218;-22.417;
05/09/2021;02:16;2015-120943;167.1492;-22.3715;
05/09/2021;02:16;2015-120943;167.149;-22.372;
05/09/2021;02:16;2015-120943;167.1492;-22.3715;
05/09/2021;02:16;2015-120943;167.149;-22.372;
05/09/2021;07:18;2015-120943;167.1159;-22.2884;
05/09/2021;07:18;2015-120943;167.116;-22.288;
05/09/2021;07:18;2015-120943;167.1159;-22.2884;
05/09/2021;07:18;2015-120943;167.116;-22.288;
05/09/2021;09:28;2015-120943;167.1125;-22.2698;
05/09/2021;09:28;2015-120943;167.113;-22.27;
05/09/2021;09:28;2015-120943;167.1125;-22.2698;
05/09/2021;09:28;2015-120943;167.113;-22.27;
05/09/2021;15:15;2015-120943;167.1057;-22.1962;
05/09/2021;15:15;2015-120943;167.106;-22.196;
05/09/2021;15:15;2015-120943;167.1057;-22.1962;
05/09/2021;15:15;2015-120943;167.106;-22.196;
05/09/2021;19:07;2015-120943;167.0526;-22.2235;
05/09/2021;19:07;2015-120943;167.053;-22.224;
05/09/2021;19:07;2015-120943;167.0526;-22.2235;
05/09/2021;19:07;2015-120943;167.053;-22.224;
05/09/2021;20:21;2015-120943;167.0515;-22.2214;
05/09/2021;20:21;2015-120943;167.051;-22.221;
05/09/2021;20:21;2015-120943;167.0515;-22.2214;
05/09/2021;20:21;2015-120943;167.051;-22.221;
05/09/2021;20:44;2015-120943;167.0701;-22.2161;
05/09/2021;20:44;2015-120943;167.07;-22.216;
05/09/2021;20:44;2015-120943;167.0701;-22.2161;
05/09/2021;20:44;2015-120943;167.07;-22.216;
06/09/2021;03:44;2015-120943;167.4048;-22.4806;
06/09/2021;03:44;2015-120943;167.405;-22.481;
06/09/2021;03:44;2015-120943;167.4048;-22.4806;
06/09/2021;03:44;2015-120943;167.405;-22.481;
06/09/2021;15:06;2015-120943;167.701;-22.8905;
06/09/2021;15:06;2015-120943;167.701;-22.89;
06/09/2021;15:06;2015-120943;167.701;-22.8905;
06/09/2021;15:06;2015-120943;167.701;-22.89;
06/09/2021;18:55;2015-120943;167.7017;-22.9426;
06/09/2021;18:55;2015-120943;167.702;-22.943;
06/09/2021;18:55;2015-120943;167.7017;-22.9426;
06/09/2021;18:55;2015-120943;167.702;-22.943;
06/09/2021;19:39;2015-120943;167.7014;-22.9378;
06/09/2021;19:39;2015-120943;167.701;-22.938;
06/09/2021;19:39;2015-120943;167.7014;-22.9378;
06/09/2021;19:39;2015-120943;167.701;-22.938;
06/09/2021;19:48;2015-120943;167.6871;-22.8885;
06/09/2021;19:48;2015-120943;167.687;-22.888;
06/09/2021;19:48;2015-120943;167.6871;-22.8885;
06/09/2021;19:48;2015-120943;167.687;-22.888;
06/09/2021;20:20;2015-120943;167.6991;-22.9029;
06/09/2021;20:20;2015-120943;167.699;-22.903;
06/09/2021;20:20;2015-120943;167.6991;-22.9029;
06/09/2021;20:20;2015-120943;167.699;-22.903;
07/09/2021;01:59;2015-120943;167.7396;-22.9013;
07/09/2021;01:59;2015-120943;167.74;-22.901;
07/09/2021;01:59;2015-120943;167.7396;-22.9013;
07/09/2021;01:59;2015-120943;167.74;-22.901;
07/09/2021;03:34;2015-120943;167.7035;-22.8562;
07/09/2021;03:34;2015-120943;167.704;-22.856;
07/09/2021;03:34;2015-120943;167.7035;-22.8562;
07/09/2021;03:34;2015-120943;167.704;-22.856;
07/09/2021;06:53;2015-120943;167.698;-22.91;
07/09/2021;06:53;2015-120943;167.698;-22.91;
07/09/2021;06:53;2015-120943;167.698;-22.91;
07/09/2021;06:53;2015-120943;167.698;-22.91;
07/09/2021;07:30;2015-120943;167.7222;-22.8906;
07/09/2021;07:30;2015-120943;167.722;-22.891;
07/09/2021;07:30;2015-120943;167.7222;-22.8906;
07/09/2021;07:30;2015-120943;167.722;-22.891;
07/09/2021;08:02;2015-120943;167.7254;-22.8837;
07/09/2021;08:02;2015-120943;167.725;-22.884;
07/09/2021;08:02;2015-120943;167.7254;-22.8837;
07/09/2021;08:02;2015-120943;167.725;-22.884;
07/09/2021;08:48;2015-120943;167.6759;-22.8628;
07/09/2021;08:48;2015-120943;167.676;-22.863;
07/09/2021;08:48;2015-120943;167.6759;-22.8628;
07/09/2021;08:48;2015-120943;167.676;-22.863;
07/09/2021;09:46;2015-120943;167.6665;-22.8499;
07/09/2021;09:46;2015-120943;167.666;-22.85;
07/09/2021;09:46;2015-120943;167.6665;-22.8499;
07/09/2021;09:46;2015-120943;167.666;-22.85;
07/09/2021;14:58;2015-120943;167.6132;-22.7777;
07/09/2021;14:58;2015-120943;167.613;-22.778;
07/09/2021;14:58;2015-120943;167.6132;-22.7777;
07/09/2021;14:58;2015-120943;167.613;-22.778;
07/09/2021;19:14;2015-120943;167.6907;-22.8529;
07/09/2021;19:14;2015-120943;167.691;-22.853;
07/09/2021;19:14;2015-120943;167.6907;-22.8529;
07/09/2021;19:14;2015-120943;167.691;-22.853;
07/09/2021;19:16;2015-120943;167.6817;-22.848;
07/09/2021;19:16;2015-120943;167.682;-22.848;
07/09/2021;19:16;2015-120943;167.6817;-22.848;
07/09/2021;19:16;2015-120943;167.682;-22.848;
07/09/2021;21:39;2015-120943;167.6307;-22.8894;
07/09/2021;21:39;2015-120943;167.631;-22.889;
07/09/2021;21:39;2015-120943;167.6307;-22.8894;
07/09/2021;21:39;2015-120943;167.631;-22.889;
08/09/2021;03:18;2015-120943;167.4819;-22.8661;
08/09/2021;03:18;2015-120943;167.482;-22.866;
08/09/2021;03:18;2015-120943;167.4819;-22.8661;
08/09/2021;03:18;2015-120943;167.482;-22.866;
08/09/2021;07:58;2015-120943;167.3687;-22.8858;
08/09/2021;07:58;2015-120943;167.369;-22.886;
08/09/2021;07:58;2015-120943;167.3687;-22.8858;
08/09/2021;07:58;2015-120943;167.369;-22.886;
08/09/2021;18:50;2015-120943;167.1469;-23.1718;
08/09/2021;18:50;2015-120943;167.147;-23.172;
08/09/2021;18:50;2015-120943;167.1469;-23.1718;
08/09/2021;18:50;2015-120943;167.147;-23.172;
08/09/2021;20:24;2015-120943;167.3588;-23.1283;
08/09/2021;20:24;2015-120943;167.359;-23.128;
08/09/2021;20:24;2015-120943;167.3588;-23.1283;
08/09/2021;20:24;2015-120943;167.359;-23.128;
08/09/2021;21:21;2015-120943;167.0394;-23.2062;
08/09/2021;21:21;2015-120943;167.039;-23.206;
08/09/2021;21:21;2015-120943;167.0394;-23.2062;
08/09/2021;21:21;2015-120943;167.039;-23.206;
09/09/2021;03:13;2015-120943;166.9762;-23.0378;
09/09/2021;03:13;2015-120943;166.976;-23.038;
09/09/2021;03:13;2015-120943;166.9762;-23.0378;
09/09/2021;03:13;2015-120943;166.976;-23.038;
09/09/2021;07:04;2015-120943;166.7913;-23.0934;
09/09/2021;07:04;2015-120943;166.791;-23.093;
09/09/2021;07:04;2015-120943;166.7913;-23.0934;
09/09/2021;07:04;2015-120943;166.791;-23.093;
09/09/2021;07:18;2015-120943;167.004;-23.0374;
09/09/2021;07:18;2015-120943;167.004;-23.037;
09/09/2021;07:18;2015-120943;167.004;-23.0374;
09/09/2021;07:18;2015-120943;167.004;-23.037;
09/09/2021;07:25;2015-120943;166.8299;-23.0782;
09/09/2021;07:25;2015-120943;166.83;-23.078;
09/09/2021;07:25;2015-120943;166.8299;-23.0782;
09/09/2021;07:25;2015-120943;166.83;-23.078;
09/09/2021;14:27;2015-120943;166.61;-23.1707;
09/09/2021;14:27;2015-120943;166.61;-23.171;
09/09/2021;14:27;2015-120943;166.61;-23.1707;
09/09/2021;14:27;2015-120943;166.61;-23.171;
09/09/2021;19:53;2015-120943;167.3263;-23.1773;
09/09/2021;19:53;2015-120943;167.326;-23.177;
09/09/2021;19:53;2015-120943;167.3263;-23.1773;
09/09/2021;19:53;2015-120943;167.326;-23.177;
09/09/2021;20:59;2015-120943;167.3471;-23.1891;
09/09/2021;20:59;2015-120943;167.347;-23.189;
09/09/2021;20:59;2015-120943;167.3471;-23.1891;
09/09/2021;20:59;2015-120943;167.347;-23.189;
10/09/2021;03:08;2015-120943;167.4534;-23.3514;
10/09/2021;03:08;2015-120943;167.453;-23.351;
10/09/2021;03:08;2015-120943;167.4534;-23.3514;
10/09/2021;03:08;2015-120943;167.453;-23.351;
10/09/2021;07:00;2015-120943;167.4834;-23.4107;
10/09/2021;07:00;2015-120943;167.483;-23.411;
10/09/2021;07:00;2015-120943;167.4834;-23.4107;
10/09/2021;07:00;2015-120943;167.483;-23.411;
10/09/2021;07:01;2015-120943;167.47;-23.3792;
10/09/2021;07:01;2015-120943;167.47;-23.379;
10/09/2021;07:01;2015-120943;167.47;-23.3792;
10/09/2021;07:01;2015-120943;167.47;-23.379;
10/09/2021;09:26;2015-120943;167.4707;-23.3517;
10/09/2021;09:26;2015-120943;167.471;-23.352;
10/09/2021;09:26;2015-120943;167.4707;-23.3517;
10/09/2021;09:26;2015-120943;167.471;-23.352;
10/09/2021;19:21;2015-120943;167.9328;-23.5089;
10/09/2021;19:21;2015-120943;167.933;-23.509;
10/09/2021;19:21;2015-120943;167.9328;-23.5089;
10/09/2021;19:21;2015-120943;167.933;-23.509;
10/09/2021;20:36;2015-120943;168.0312;-23.2154;
10/09/2021;20:36;2015-120943;168.031;-23.215;
10/09/2021;20:36;2015-120943;168.0312;-23.2154;
10/09/2021;20:36;2015-120943;168.0312;-23.2154;
10/09/2021;20:36;2015-120943;168.031;-23.215;
10/09/2021;20:36;2015-120943;168.0312;-23.2154;
11/09/2021;02:43;2015-120943;168.2406;-22.848;
11/09/2021;02:43;2015-120943;168.241;-22.848;
11/09/2021;02:43;2015-120943;168.2406;-22.848;
11/09/2021;02:43;2015-120943;168.241;-22.848;
11/09/2021;14:03;2015-120943;168.3327;-23.0427;
11/09/2021;14:03;2015-120943;168.333;-23.043;
11/09/2021;14:03;2015-120943;168.3327;-23.0427;
11/09/2021;14:03;2015-120943;168.333;-23.043;
11/09/2021;18:53;2015-120943;168.5633;-22.8156;
11/09/2021;18:53;2015-120943;168.563;-22.816;
11/09/2021;18:53;2015-120943;168.5633;-22.8156;
11/09/2021;18:53;2015-120943;168.563;-22.816;
11/09/2021;20:21;2015-120943;168.1214;-23.3426;
11/09/2021;20:21;2015-120943;168.1214;-23.3426;
11/09/2021;21:11;2015-120943;168.4428;-23.2268;
11/09/2021;21:11;2015-120943;168.443;-23.227;
11/09/2021;21:11;2015-120943;168.4428;-23.2268;
11/09/2021;21:11;2015-120943;168.443;-23.227;
12/09/2021;02:42;2015-120943;168.5909;-23.2666;
12/09/2021;02:42;2015-120943;168.591;-23.267;
12/09/2021;02:42;2015-120943;168.5909;-23.2666;
12/09/2021;02:42;2015-120943;168.591;-23.267;
12/09/2021;15:30;2015-120943;168.0631;-23.4065;
12/09/2021;15:30;2015-120943;168.063;-23.406;
12/09/2021;15:30;2015-120943;168.0631;-23.4065;
12/09/2021;15:30;2015-120943;168.063;-23.406;
12/09/2021;18:53;2015-120943;168.0902;-23.3749;
12/09/2021;18:53;2015-120943;168.09;-23.375;
12/09/2021;18:53;2015-120943;168.0902;-23.3749;
12/09/2021;18:53;2015-120943;168.09;-23.375;
12/09/2021;21:35;2015-120943;168.1084;-23.3889;
12/09/2021;21:35;2015-120943;168.108;-23.389;
12/09/2021;21:35;2015-120943;168.1084;-23.3889;
12/09/2021;21:35;2015-120943;168.108;-23.389;
13/09/2021;02:34;2015-120943;168.1182;-23.3954;
13/09/2021;02:34;2015-120943;168.118;-23.395;
13/09/2021;02:34;2015-120943;168.1182;-23.3954;
13/09/2021;02:34;2015-120943;168.118;-23.395;
13/09/2021;07:05;2015-120943;168.0954;-23.4763;
13/09/2021;07:05;2015-120943;168.095;-23.476;
13/09/2021;07:05;2015-120943;168.0954;-23.4763;
13/09/2021;07:05;2015-120943;168.095;-23.476;
13/09/2021;09:21;2015-120943;168.1029;-23.4945;
13/09/2021;09:21;2015-120943;168.103;-23.495;
13/09/2021;09:21;2015-120943;168.1029;-23.4945;
13/09/2021;09:21;2015-120943;168.103;-23.495;
13/09/2021;13:42;2015-120943;168.1018;-23.4743;
13/09/2021;13:42;2015-120943;168.102;-23.474;
13/09/2021;13:42;2015-120943;168.1018;-23.4743;
13/09/2021;13:42;2015-120943;168.102;-23.474;
13/09/2021;15:28;2015-120943;168.1299;-23.4431;
13/09/2021;15:28;2015-120943;168.13;-23.443;
13/09/2021;15:28;2015-120943;168.1299;-23.4431;
13/09/2021;15:28;2015-120943;168.13;-23.443;
13/09/2021;19:19;2015-120943;168.1551;-23.4382;
13/09/2021;19:19;2015-120943;168.155;-23.438;
13/09/2021;19:19;2015-120943;168.1551;-23.4382;
13/09/2021;19:19;2015-120943;168.155;-23.438;
13/09/2021;19:26;2015-120943;168.039;-23.3888;
13/09/2021;19:26;2015-120943;168.039;-23.389;
13/09/2021;19:26;2015-120943;168.039;-23.3888;
13/09/2021;19:26;2015-120943;168.039;-23.389;
13/09/2021;21:20;2015-120943;168.0495;-23.3903;
13/09/2021;21:20;2015-120943;168.05;-23.39;
13/09/2021;21:20;2015-120943;168.0495;-23.3903;
13/09/2021;21:20;2015-120943;168.05;-23.39;
14/09/2021;02:14;2015-120943;168.0707;-23.4004;
14/09/2021;02:14;2015-120943;168.071;-23.4;
14/09/2021;02:14;2015-120943;168.0707;-23.4004;
14/09/2021;02:14;2015-120943;168.071;-23.4;
15/09/2021;02:14;2015-120943;158.785994;-46.366811;out of domain 
23/09/2021;03:33;2016-154182;169.036;-22.378;
23/09/2021;05:15;2016-154182;169.036;-22.3724;
23/09/2021;05:31;2016-154182;169.0432;-22.3614;
23/09/2021;07:08;2016-154182;169.041;-22.3548;
23/09/2021;07:43;2016-154182;169.0918;-22.3183;
23/09/2021;07:50;2016-154182;169.0905;-22.3343;
23/09/2021;10:28;2016-154182;169.1971;-22.297;
24/09/2021;04:58;2016-154182;169.5397;-21.8452;
24/09/2021;06:38;2016-154182;168.9763;-22.3911;
24/09/2021;10:04;2016-154182;169.0108;-22.3822;
24/09/2021;14:38;2016-154182;169.0587;-22.2958;
24/09/2021;14:38;2016-154182;169.0587;-22.2958;
24/09/2021;16:16;2016-154182;169.0464;-22.2821;
24/09/2021;18:34;2016-154182;169.0438;-22.2748;
24/09/2021;18:59;2016-154182;169.0395;-22.2765;
25/09/2021;06:08;2016-154182;169.068;-22.3816;
25/09/2021;06:58;2016-154182;169.0759;-22.3891;
25/09/2021;10:36;2016-154182;169.0704;-22.3943;
25/09/2021;14:26;2016-154182;168.9778;-22.3715;
25/09/2021;16:03;2016-154182;168.9747;-22.3477;
25/09/2021;18:32;2016-154182;168.9661;-22.34;
25/09/2021;18:35;2016-154182;169.0055;-22.3524;
26/09/2021;06:33;2016-154182;169.0299;-22.2738;
26/09/2021;16:01;2016-154182;169.0858;-22.393;
26/09/2021;18:29;2016-154182;168.9728;-22.4528;
27/09/2021;02:47;2016-154182;168.8317;-22.682;
27/09/2021;06:09;2016-154182;168.7806;-22.7274;
27/09/2021;06:47;2016-154182;168.7604;-22.7759;
27/09/2021;06:58;2016-154182;168.7764;-22.7766;
27/09/2021;18:16;2016-154182;168.8636;-23.0741;
28/09/2021;04:11;2016-154182;168.7583;-23.2618;
28/09/2021;06:11;2016-154182;168.7222;-23.3929;
28/09/2021;06:43;2016-154182;168.4586;-23.4321;
28/09/2021;08:24;2016-154182;168.3106;-23.4782;
28/09/2021;10:23;2016-154182;168.2151;-23.497;
28/09/2021;12:04;2016-154182;168.1604;-23.506;
28/09/2021;16:54;2016-154182;168.1621;-23.4518;
28/09/2021;18:01;2016-154182;168.0661;-23.4179;
28/09/2021;18:32;2016-154182;168.0321;-23.4303;
28/09/2021;18:42;2016-154182;168.032;-23.4303;
29/09/2021;04:03;2016-154182;167.5903;-23.495;
29/09/2021;06:34;2016-154182;167.8976;-23.3818;
29/09/2021;06:59;2016-154182;167.9702;-23.3833;
29/09/2021;08:13;2016-154182;167.551;-23.4504;
29/09/2021;18:10;2016-154182;168.0036;-23.3762;
30/09/2021;06:38;2016-154182;167.854;-23.3842;
30/09/2021;06:49;2016-154182;168.0217;-23.2801;
30/09/2021;08:03;2016-154182;167.9881;-23.226;
30/09/2021;08:17;2016-154182;167.9897;-23.2256;
30/09/2021;22:35;2016-154182;167.7564;-22.92;
01/10/2021;10:58;2016-154182;167.5776;-22.6427;
01/10/2021;18:58;2016-154182;167.4531;-22.548;
01/10/2021;22:16;2016-154182;167.4161;-22.7165;
02/10/2021;10:40;2016-154182;167.7823;-22.918;
02/10/2021;14:48;2016-154182;167.9722;-22.9684;
02/10/2021;18:11;2016-154182;168.1004;-23.0488;
03/10/2021;18:11;2016-154182;158.785994;-46.366811;out of domain 
24/09/2021;03:22;2016-154183;169.0225;-22.3691;
24/09/2021;05:05;2016-154183;169.0213;-22.3739;
24/09/2021;05:46;2016-154183;168.9835;-22.3855;
24/09/2021;05:53;2016-154183;169.0189;-22.3738;
24/09/2021;06:36;2016-154183;169.0233;-22.4046;
24/09/2021;14:39;2016-154183;169.0931;-22.458;
24/09/2021;16:14;2016-154183;169.0688;-22.4118;
24/09/2021;18:34;2016-154183;169.0249;-22.4457;
24/09/2021;18:48;2016-154183;169.0533;-22.4643;
24/09/2021;19:02;2016-154183;169.0816;-22.4337;
24/09/2021;22:09;2016-154183;168.9706;-22.4961;
24/09/2021;22:59;2016-154183;168.9603;-22.4971;
25/09/2021;04:51;2016-154183;168.9126;-22.5661;
25/09/2021;06:04;2016-154183;168.9128;-22.5933;
25/09/2021;06:58;2016-154183;168.8973;-22.5932;
25/09/2021;10:39;2016-154183;168.8582;-22.6113;
25/09/2021;16:10;2016-154183;168.978;-22.5432;
25/09/2021;18:11;2016-154183;168.947;-22.5376;
25/09/2021;18:28;2016-154183;168.95;-22.5462;
25/09/2021;18:36;2016-154183;168.9419;-22.5466;
25/09/2021;20:06;2016-154183;168.933;-22.6061;
26/09/2021;02:55;2016-154183;168.9631;-22.5259;
26/09/2021;04:37;2016-154183;168.9641;-22.4573;
26/09/2021;06:33;2016-154183;168.964;-22.4366;
26/09/2021;08:18;2016-154183;168.9598;-22.419;
26/09/2021;10:19;2016-154183;168.9633;-22.3984;
26/09/2021;14:16;2016-154183;168.979;-22.3781;
26/09/2021;16:01;2016-154183;168.9675;-22.3756;
26/09/2021;18:28;2016-154183;169.0247;-22.3666;
26/09/2021;20:00;2016-154183;169.062;-22.3638;
27/09/2021;02:44;2016-154183;169.1473;-22.2866;
27/09/2021;04:28;2016-154183;169.1406;-22.2738;
27/09/2021;06:07;2016-154183;169.1527;-22.2626;
27/09/2021;06:42;2016-154183;169.1646;-22.2697;
27/09/2021;06:54;2016-154183;169.152;-22.2682;
27/09/2021;14:01;2016-154183;169.2404;-22.2888;
27/09/2021;18:11;2016-154183;168.9892;-22.3731;
27/09/2021;18:57;2016-154183;168.999;-22.4307;
28/09/2021;02:31;2016-154183;168.9873;-22.4097;
28/09/2021;04:12;2016-154183;169.0233;-22.4028;
28/09/2021;06:07;2016-154183;169.0269;-22.4172;
28/09/2021;06:47;2016-154183;169.0246;-22.4149;
28/09/2021;10:19;2016-154183;169.0223;-22.3608;
28/09/2021;18:34;2016-154183;168.9911;-22.3809;
28/09/2021;18:39;2016-154183;168.9923;-22.3866;
28/09/2021;20:13;2016-154183;168.9947;-22.391;
28/09/2021;22:24;2016-154183;168.9765;-22.3839;
29/09/2021;02:20;2016-154183;168.976;-22.3841;
29/09/2021;04:03;2016-154183;169.0079;-22.4276;
29/09/2021;06:36;2016-154183;168.9833;-22.3899;
29/09/2021;06:57;2016-154183;168.9787;-22.3813;
29/09/2021;08:14;2016-154183;168.9642;-22.4044;
29/09/2021;10:04;2016-154183;169.0492;-22.3537;
29/09/2021;10:57;2016-154183;169.0704;-22.367;
29/09/2021;18:15;2016-154183;169.161;-22.4041;
29/09/2021;22:07;2016-154183;169.0503;-22.4297;
29/09/2021;22:52;2016-154183;169.0388;-22.4156;
30/09/2021;02:14;2016-154183;169.0337;-22.4169;
30/09/2021;06:41;2016-154183;169.0538;-22.4914;
30/09/2021;06:52;2016-154183;168.9674;-22.6018;
30/09/2021;08:00;2016-154183;168.9543;-22.6108;
30/09/2021;10:38;2016-154183;168.9397;-22.6331;
30/09/2021;20:51;2016-154183;168.8758;-22.7081;
30/09/2021;22:36;2016-154183;168.9013;-22.8043;
01/10/2021;06:09;2016-154183;168.9372;-23.0449;
01/10/2021;06:10;2016-154183;169.3277;-22.9557;
01/10/2021;06:19;2016-154183;169.3615;-22.9407;
01/10/2021;14:54;2016-154183;169.3589;-22.9315;
01/10/2021;16:42;2016-154183;169.3382;-22.9663;
01/10/2021;18:58;2016-154183;169.3941;-22.9839;
01/10/2021;20:18;2016-154183;169.3266;-23.0207;
01/10/2021;20:34;2016-154183;169.3747;-22.9521;
01/10/2021;22:10;2016-154183;169.3896;-22.9181;
02/10/2021;10:36;2016-154183;169.3563;-22.9585;
02/10/2021;14:47;2016-154183;169.4311;-22.9478;
02/10/2021;16:26;2016-154183;169.4351;-22.9579;
02/10/2021;16:54;2016-154183;169.4192;-22.9807;
02/10/2021;18:06;2016-154183;169.4247;-22.9839;
02/10/2021;18:34;2016-154183;169.4541;-22.993;
02/10/2021;18:54;2016-154183;169.4532;-22.9894;
02/10/2021;20:11;2016-154183;169.4721;-22.9954;
03/10/2021;06:56;2016-154183;169.4265;-23.0391;
03/10/2021;06:58;2016-154183;169.4254;-23.037;
03/10/2021;10:20;2016-154183;169.4301;-22.9941;
03/10/2021;14:39;2016-154183;169.4744;-22.9552;
03/10/2021;18:07;2016-154183;169.4832;-22.9456;
03/10/2021;18:45;2016-154183;169.3854;-22.9175;
03/10/2021;22:30;2016-154183;169.3864;-22.9007;
04/10/2021;04:43;2016-154183;169.4056;-22.8889;
04/10/2021;06:28;2016-154183;169.4057;-22.9078;
04/10/2021;06:41;2016-154183;169.4049;-22.9097;
04/10/2021;08:17;2016-154183;169.4034;-22.919;
04/10/2021;08:53;2016-154183;169.4052;-22.9198;
04/10/2021;14:26;2016-154183;169.4209;-22.9501;
04/10/2021;16:06;2016-154183;169.4151;-22.9625;
04/10/2021;18:28;2016-154183;169.4152;-22.9899;
04/10/2021;18:49;2016-154183;169.4314;-23.0018;
04/10/2021;20:10;2016-154183;169.429;-23.0161;
04/10/2021;20:28;2016-154183;169.4173;-23.0325;
04/10/2021;22:05;2016-154183;169.3885;-23.0985;
05/10/2021;04:34;2016-154183;169.3516;-23.3638;
05/10/2021;06:00;2016-154183;169.3435;-23.3996;
05/10/2021;06:12;2016-154183;169.3432;-23.4079;
05/10/2021;06:59;2016-154183;169.3259;-23.4635;
05/10/2021;08:43;2016-154183;169.3299;-23.4659;
05/10/2021;14:10;2016-154183;169.3009;-23.6702;
05/10/2021;18:16;2016-154183;169.0104;-24.0563;
05/10/2021;18:24;2016-154183;169.0022;-24.0694;
05/10/2021;18:58;2016-154183;168.9838;-24.1051;
05/10/2021;20:00;2016-154183;168.949;-24.1462;
05/10/2021;20:01;2016-154183;168.9595;-24.1566;
05/10/2021;20:51;2016-154183;168.9398;-24.1968;
05/10/2021;22:26;2016-154183;168.9361;-24.3032;
06/10/2021;02:47;2016-154183;168.8402;-24.5798;
06/10/2021;04:25;2016-154183;168.8053;-24.6741;
06/10/2021;06:50;2016-154183;168.8638;-24.7863;
06/10/2021;06:59;2016-154183;168.7795;-24.7883;
06/10/2021;08:32;2016-154183;168.8848;-24.9647;
06/10/2021;10:53;2016-154183;168.9029;-25.0862;
06/10/2021;18:09;2016-154183;168.9529;-25.3988;
06/10/2021;18:33;2016-154183;168.9586;-25.4202;
06/10/2021;20:27;2016-154183;168.9556;-25.4224;
06/10/2021;22:09;2016-154183;168.9826;-25.5063;
07/10/2021;04:11;2016-154183;168.9759;-25.7343;
07/10/2021;06:31;2016-154183;168.9586;-25.833;
07/10/2021;06:40;2016-154183;168.9686;-25.837;
07/10/2021;06:57;2016-154183;168.9687;-25.8367;
07/10/2021;08:21;2016-154183;168.9881;-25.9361;
07/10/2021;08:40;2016-154183;168.9903;-25.9516;
07/10/2021;10:35;2016-154183;169;-26.043;
07/10/2021;18:01;2016-154183;169.3126;-26.2023;
07/10/2021;18:08;2016-154183;169.3178;-26.2093;
07/10/2021;18:51;2016-154183;169.3752;-26.2197;
08/10/2021;04:04;2016-154183;169.7132;-26.5624;
08/10/2021;06:03;2016-154183;169.7741;-26.6452;
08/10/2021;06:25;2016-154183;169.7971;-26.6609;
08/10/2021;06:38;2016-154183;169.8163;-26.6654;
08/10/2021;08:09;2016-154183;169.8979;-26.7273;
08/10/2021;08:15;2016-154183;169.8948;-26.7286;
08/10/2021;10:11;2016-154183;170.0063;-26.823;
08/10/2021;18:20;2016-154183;170.3998;-27.0107;
08/10/2021;20:02;2016-154183;170.4819;-27.0646;
08/10/2021;22:24;2016-154183;170.5909;-27.1407;
09/10/2021;06:12;2016-154183;170.9086;-27.3736;
09/10/2021;06:12;2016-154183;171.0164;-27.3697;
09/10/2021;08:00;2016-154183;171.112;-27.4274;
09/10/2021;10:45;2016-154183;171.3007;-27.5508;
09/10/2021;22:02;2016-154183;171.966;-27.889;
09/10/2021;22:47;2016-154183;171.5535;-27.8083;
10/10/2021;04:57;2016-154183;171.5709;-27.8608;
10/10/2021;06:43;2016-154183;171.8294;-27.951;
10/10/2021;14:55;2016-154183;172.1989;-28.0502;
10/10/2021;16:36;2016-154183;172.317;-28.0829;
10/10/2021;16:57;2016-154183;172.2586;-28.0535;
10/10/2021;18:36;2016-154183;172.3926;-27.9951;
10/10/2021;18:56;2016-154183;172.3343;-28.0345;
10/10/2021;20:50;2016-154183;172.534;-28.0294;
10/10/2021;22:29;2016-154183;172.5773;-28.0435;
11/10/2021;06:09;2016-154183;173.273;-28.3666;
11/10/2021;06:58;2016-154183;172.7717;-28.295;
11/10/2021;10:01;2016-154183;172.4966;-28.2739;
11/10/2021;10:50;2016-154183;172.595;-28.3671;
11/10/2021;18:12;2016-154183;173.1595;-28.7676;
11/10/2021;18:25;2016-154183;172.5767;-28.7452;
11/10/2021;18:48;2016-154183;172.7289;-28.7479;
11/10/2021;20:09;2016-154183;173.0155;-28.911;
11/10/2021;22:08;2016-154183;173.1992;-28.9481;
12/10/2021;04:58;2016-154183;173.6289;-29.2669;
12/10/2021;06:37;2016-154183;173.4374;-29.2957;
12/10/2021;08:49;2016-154183;173.4523;-29.3738;
12/10/2021;10:32;2016-154183;173.5972;-29.3808;
12/10/2021;14:41;2016-154183;173.7453;-29.469;
12/10/2021;18:40;2016-154183;173.8647;-29.6107;
12/10/2021;20:05;2016-154183;173.968;-29.6689;
13/10/2021;04:42;2016-154183;174.3851;-29.9286;
13/10/2021;06:10;2016-154183;174.4668;-29.9507;
13/10/2021;06:46;2016-154183;174.4925;-29.9571;
13/10/2021;08:29;2016-154183;174.5217;-29.9673;
13/10/2021;10:08;2016-154183;174.5519;-29.9471;
13/10/2021;14:25;2016-154183;174.7826;-30.0253;
13/10/2021;16:09;2016-154183;174.8557;-30.0374;
13/10/2021;18:32;2016-154183;175.01;-30.0603;
14/10/2021;02:52;2016-154183;175.5207;-30.0772;
14/10/2021;04:32;2016-154183;175.5992;-30.0848;
14/10/2021;06:17;2016-154183;175.673;-30.0779;
14/10/2021;06:55;2016-154183;175.7273;-30.0688;
14/10/2021;08:36;2016-154183;175.8297;-30.0681;
14/10/2021;14:16;2016-154183;176.1502;-30.0834;
14/10/2021;16:57;2016-154183;176.2036;-30.0551;
14/10/2021;18:17;2016-154183;176.2574;-30.0062;
14/10/2021;18:33;2016-154183;176.262;-30.0016;
14/10/2021;18:40;2016-154183;176.2739;-29.995;
14/10/2021;20:08;2016-154183;176.3513;-29.9831;
15/10/2021;02:41;2016-154183;176.8203;-29.732;
15/10/2021;04:20;2016-154183;176.9466;-29.6776;
15/10/2021;06:46;2016-154183;177.1215;-29.5662;
15/10/2021;06:59;2016-154183;177.1354;-29.5591;
15/10/2021;08:26;2016-154183;177.2303;-29.512;
15/10/2021;14:00;2016-154183;177.4384;-29.4555;
15/10/2021;18:03;2016-154183;177.6817;-29.409;
15/10/2021;18:03;2016-154183;177.6817;-29.409;
15/10/2021;18:10;2016-154183;177.7059;-29.4161;
15/10/2021;18:11;2016-154183;177.7069;-29.4157;
15/10/2021;20:44;2016-154183;177.8463;-29.3783;
15/10/2021;22:23;2016-154183;178.0146;-29.3558;
16/10/2021;04:10;2016-154183;178.2214;-29.4039;
16/10/2021;06:31;2016-154183;178.3766;-29.586;
16/10/2021;06:34;2016-154183;178.3724;-29.5848;
16/10/2021;06:52;2016-154183;178.4061;-29.5967;
16/10/2021;08:13;2016-154183;178.4888;-29.6191;
16/10/2021;08:13;2016-154183;178.4888;-29.619;
16/10/2021;10:00;2016-154183;178.5701;-29.645;
16/10/2021;10:48;2016-154183;178.5933;-29.6624;
16/10/2021;20:24;2016-154183;179.1945;-29.8647;
16/10/2021;22:04;2016-154183;179.3078;-29.8932;
17/10/2021;04:43;2016-154183;179.7044;-29.9311;
17/10/2021;06:06;2016-154183;179.7945;-29.9495;
17/10/2021;06:20;2016-154183;179.7593;-29.9377;
17/10/2021;06:21;2016-154183;179.7585;-29.9372;
17/10/2021;08:03;2016-154183;179.8243;-30.0056;
17/10/2021;08:46;2016-154183;179.8948;-30.0491;
17/10/2021;10:28;2016-154183;179.9926;-30.0399;
17/10/2021;16:00;2016-154183;-179.6529;-30.132;
17/10/2021;18:38;2016-154183;-179.3857;-30.1389;
17/10/2021;20:03;2016-154183;-179.3858;-30.139;
18/10/2021;02:03;2016-154183;-179.3545;-30.0896;
18/10/2021;04:13;2016-154183;-179.2343;-29.9799;
18/10/2021;06:09;2016-154183;-178.6076;-30.1779;
18/10/2021;10:06;2016-154183;-178.3958;-30.2148;
18/10/2021;16:57;2016-154183;-177.9361;-30.3913;
18/10/2021;18:09;2016-154183;-178.3848;-30.2532;
18/10/2021;18:38;2016-154183;-178.2398;-30.2375;
19/10/2021;06:01;2016-154183;-178.1809;-30.3015;
19/10/2021;06:58;2016-154183;-178.1441;-30.2134;
19/10/2021;14:59;2016-154183;-178.5434;-30.5558;
19/10/2021;16:31;2016-154183;-178.5689;-30.5608;
19/10/2021;18:13;2016-154183;-178.5423;-30.5958;
19/10/2021;18:58;2016-154183;-178.5804;-30.6014;
19/10/2021;20:58;2016-154183;-178.5663;-30.5821;
20/10/2021;04:51;2016-154183;-178.5823;-30.5786;
20/10/2021;04:51;2016-154183;-178.5614;-30.5862;
20/10/2021;06:26;2016-154183;-178.5739;-30.5936;
20/10/2021;06:34;2016-154183;-178.5432;-30.5999;
20/10/2021;14:48;2016-154183;-178.4703;-30.6263;
20/10/2021;18:47;2016-154183;-178.3824;-30.6722;
20/10/2021;18:47;2016-154183;-178.4298;-30.6958;
20/10/2021;20:38;2016-154183;-178.3382;-30.6766;
21/10/2021;04:49;2016-154183;-178.2102;-30.7692;
21/10/2021;06:02;2016-154183;-178.1631;-30.8003;
21/10/2021;06:09;2016-154183;-178.0166;-30.6694;
21/10/2021;10:48;2016-154183;-177.9073;-30.7393;
21/10/2021;14:37;2016-154183;-177.7358;-30.8723;
21/10/2021;16:56;2016-154183;-177.6232;-30.94;
21/10/2021;18:11;2016-154183;-177.5644;-30.9603;
21/10/2021;18:37;2016-154183;-177.5371;-30.9509;
21/10/2021;20:19;2016-154183;-177.3844;-30.905;
21/10/2021;22:02;2016-154183;-177.3028;-30.8756;
22/10/2021;02:57;2016-154183;-177.048;-30.8687;
22/10/2021;06:59;2016-154183;-176.7852;-30.8645;
22/10/2021;10:22;2016-154183;-176.3882;-30.946;
22/10/2021;14:22;2016-154183;-176.4723;-31.0409;
22/10/2021;16:42;2016-154183;-176.2349;-31.0436;
22/10/2021;16:57;2016-154183;-176.2204;-31.0451;
22/10/2021;18:25;2016-154183;-176.1177;-31.045;
22/10/2021;20:01;2016-154183;-176.0151;-31.036;
22/10/2021;20:55;2016-154183;-175.9509;-31.0431;
23/10/2021;02:49;2016-154183;-175.5974;-31.0895;
23/10/2021;04:27;2016-154183;-175.4845;-31.0996;
23/10/2021;04:53;2016-154183;-175.4175;-31.0625;
23/10/2021;06:35;2016-154183;-175.3122;-31.0601;
23/10/2021;06:53;2016-154183;-175.2901;-31.0433;
23/10/2021;06:56;2016-154183;-175.2834;-31.0502;
23/10/2021;10:01;2016-154183;-175.281;-31.2442;
23/10/2021;12:32;2016-154183;-175.1555;-31.3136;
23/10/2021;14:06;2016-154183;-175.2895;-31.2857;
23/10/2021;16:32;2016-154183;-174.9939;-31.4127;
23/10/2021;16:34;2016-154183;-174.9828;-31.3333;
23/10/2021;18:15;2016-154183;-174.907;-31.3446;
23/10/2021;18:15;2016-154183;-174.9019;-31.3499;
23/10/2021;18:51;2016-154183;-175.0307;-31.2558;
24/10/2021;02:39;2016-154183;-175.3013;-31.0953;
24/10/2021;04:25;2016-154183;-175.3489;-31.0416;
24/10/2021;06:03;2016-154183;-175.2951;-31.0045;
24/10/2021;06:32;2016-154183;-175.3093;-31.0035;
24/10/2021;06:41;2016-154183;-175.3208;-30.9977;
24/10/2021;16:09;2016-154183;-175.3743;-30.8508;
24/10/2021;16:25;2016-154183;-175.4438;-30.7473;
24/10/2021;16:45;2016-154183;-175.3809;-30.7724;
24/10/2021;18:02;2016-154183;-175.4195;-30.8669;
24/10/2021;20:59;2016-154183;-175.4774;-30.8113;
25/10/2021;02:29;2016-154183;-175.5841;-30.7006;
25/10/2021;06:09;2016-154183;-175.7764;-30.6898;
25/10/2021;06:28;2016-154183;-175.7702;-30.6827;
25/10/2021;20:35;2016-154183;-176.1043;-30.4902;
26/10/2021;02:14;2016-154183;-176.2032;-30.4265;
26/10/2021;06:14;2016-154183;-176.3062;-30.3553;
26/10/2021;06:39;2016-154183;-176.2704;-30.3459;
26/10/2021;08:56;2016-154183;-176.3147;-30.2965;
26/10/2021;10:44;2016-154183;-176.3717;-30.2559;
26/10/2021;16:56;2016-154183;-176.5992;-30.0826;
26/10/2021;18:39;2016-154183;-176.539;-30.04;
26/10/2021;20:18;2016-154183;-176.5545;-30.005;
27/10/2021;02:05;2016-154183;-176.5038;-29.844;
27/10/2021;04:30;2016-154183;-176.3498;-29.864;
27/10/2021;06:07;2016-154183;-176.3084;-29.8543;
27/10/2021;06:10;2016-154183;-176.3084;-29.8473;
27/10/2021;08:42;2016-154183;-176.2553;-29.8257;
27/10/2021;10:25;2016-154183;-176.2486;-29.829;
27/10/2021;16:35;2016-154183;-176.0786;-29.9393;
27/10/2021;16:46;2016-154183;-176.1716;-29.8355;
27/10/2021;18:15;2016-154183;-176.0769;-29.9058;
27/10/2021;18:28;2016-154183;-176.0067;-29.9751;
28/10/2021;06:35;2016-154183;-175.4714;-30.0515;
28/10/2021;14:54;2016-154183;-175.0862;-30.145;
28/10/2021;16:10;2016-154183;-175.1932;-30.1393;
28/10/2021;18:52;2016-154183;-175.0916;-30.2472;
28/10/2021;20:32;2016-154183;-175.0495;-30.2787;
29/10/2021;06:09;2016-154183;-174.8515;-30.4929;
29/10/2021;06:48;2016-154183;-174.8092;-30.4539;
29/10/2021;20:59;2016-154183;-174.8547;-30.4234;
30/10/2021;04:35;2016-154183;-174.2249;-31.0264;
30/10/2021;14:32;2016-154183;-174.0038;-31.2193;
30/10/2021;16:53;2016-154183;-173.918;-31.2934;
30/10/2021;16:55;2016-154183;-173.9179;-31.2933;
30/10/2021;16:59;2016-154183;-173.9168;-31.2926;
30/10/2021;18:33;2016-154183;-173.8631;-31.3477;
30/10/2021;18:35;2016-154183;-173.8547;-31.3457;
30/10/2021;18:39;2016-154183;-173.853;-31.3472;
30/10/2021;20:32;2016-154183;-173.8179;-31.4262;
31/10/2021;20:32;2016-154183;158.785994;-46.366811;out of domain 
25/09/2021;18:08;2016-154184;170.048;-23.5941;
26/09/2021;02:59;2016-154184;170.1234;-23.7479;
26/09/2021;06:41;2016-154184;170.1525;-23.8362;
26/09/2021;18:26;2016-154184;170.4879;-24.0039;
27/09/2021;04:32;2016-154184;170.6356;-24.1922;
27/09/2021;06:11;2016-154184;170.7064;-24.2665;
27/09/2021;06:43;2016-154184;170.7157;-24.2872;
27/09/2021;06:55;2016-154184;170.718;-24.2931;
27/09/2021;14:08;2016-154184;170.855;-24.5075;
27/09/2021;18:12;2016-154184;170.8452;-24.4988;
27/09/2021;18:59;2016-154184;170.8442;-24.5241;
28/09/2021;02:33;2016-154184;170.9025;-24.7133;
28/09/2021;04:15;2016-154184;170.9168;-24.7268;
28/09/2021;06:43;2016-154184;170.9616;-24.7889;
28/09/2021;10:17;2016-154184;171.0551;-24.8923;
28/09/2021;16:58;2016-154184;171.1923;-25.0289;
28/09/2021;18:05;2016-154184;171.2061;-25.0961;
28/09/2021;18:36;2016-154184;171.1184;-24.9725;
28/09/2021;18:38;2016-154184;171.1295;-24.9587;
29/09/2021;04:06;2016-154184;171.2086;-25.1407;
29/09/2021;06:31;2016-154184;171.2247;-25.1815;
29/09/2021;10:06;2016-154184;171.2852;-25.2849;
29/09/2021;18:03;2016-154184;171.3994;-25.4825;
29/09/2021;18:10;2016-154184;171.4132;-25.4902;
29/09/2021;22:53;2016-154184;171.4227;-25.6273;
30/09/2021;06:19;2016-154184;171.6047;-25.8678;
30/09/2021;06:35;2016-154184;171.6048;-25.8695;
30/09/2021;06:49;2016-154184;171.6107;-25.8918;
30/09/2021;08:04;2016-154184;171.6284;-25.9214;
30/09/2021;10:38;2016-154184;171.6652;-25.9889;
30/09/2021;20:55;2016-154184;171.8012;-26.2008;
30/09/2021;22:29;2016-154184;172.0755;-26.4151;
01/10/2021;06:07;2016-154184;172.3995;-26.7081;
01/10/2021;06:11;2016-154184;172.4102;-26.5385;
01/10/2021;06:18;2016-154184;172.4103;-26.5406;
01/10/2021;10:11;2016-154184;172.4108;-26.5537;
01/10/2021;20:33;2016-154184;172.5832;-26.6338;
01/10/2021;22:12;2016-154184;172.6823;-26.6422;
02/10/2021;14:52;2016-154184;173.4024;-27.2113;
02/10/2021;18:08;2016-154184;172.9117;-27.001;
02/10/2021;18:36;2016-154184;172.9189;-27.0244;
02/10/2021;18:53;2016-154184;172.8969;-27.0275;
03/10/2021;04:57;2016-154184;173.2788;-27.2565;
03/10/2021;06:56;2016-154184;173.2945;-27.3623;
03/10/2021;06:57;2016-154184;173.2741;-27.3719;
03/10/2021;10:20;2016-154184;173.419;-27.5087;
03/10/2021;14:37;2016-154184;173.4223;-27.6125;
03/10/2021;18:13;2016-154184;173.5716;-27.743;
03/10/2021;18:43;2016-154184;173.5968;-27.762;
03/10/2021;18:43;2016-154184;173.5968;-27.762;
04/10/2021;04:48;2016-154184;173.8933;-28.0962;
04/10/2021;06:27;2016-154184;173.9504;-28.1422;
04/10/2021;06:35;2016-154184;173.9388;-28.1275;
04/10/2021;10:01;2016-154184;174.082;-28.2754;
04/10/2021;10:47;2016-154184;174.1087;-28.3038;
04/10/2021;14:22;2016-154184;174.2405;-28.4395;
04/10/2021;16:06;2016-154184;174.3621;-28.5098;
04/10/2021;16:52;2016-154184;174.4179;-28.5156;
04/10/2021;18:35;2016-154184;174.4734;-28.5245;
04/10/2021;18:47;2016-154184;174.5224;-28.5268;
05/10/2021;02:54;2016-154184;174.7389;-28.6365;
05/10/2021;04:35;2016-154184;174.777;-28.6304;
05/10/2021;06:12;2016-154184;174.8547;-28.6904;
05/10/2021;08:39;2016-154184;174.9584;-28.7493;
05/10/2021;18:15;2016-154184;175.0748;-28.8073;
05/10/2021;18:25;2016-154184;174.9992;-28.8039;
05/10/2021;18:58;2016-154184;175.0184;-28.8149;
05/10/2021;22:29;2016-154184;175.1446;-28.8705;
06/10/2021;02:42;2016-154184;175.1696;-28.8786;
06/10/2021;06:53;2016-154184;175.2876;-28.918;
06/10/2021;10:11;2016-154184;175.4033;-28.9779;
06/10/2021;16:57;2016-154184;175.607;-29.0868;
06/10/2021;18:35;2016-154184;175.516;-29.0692;
06/10/2021;20:28;2016-154184;175.6073;-29.1159;
07/10/2021;02:29;2016-154184;175.7808;-29.2538;
07/10/2021;04:09;2016-154184;175.9572;-29.3214;
07/10/2021;04:52;2016-154184;176.0441;-29.3413;
07/10/2021;06:42;2016-154184;176.1906;-29.399;
07/10/2021;10:33;2016-154184;176.388;-29.4556;
07/10/2021;16:33;2016-154184;176.3776;-29.5454;
07/10/2021;18:11;2016-154184;176.4561;-29.6028;
07/10/2021;18:50;2016-154184;176.5034;-29.6974;
08/10/2021;06:04;2016-154184;177.0627;-30.1356;
08/10/2021;06:36;2016-154184;176.9009;-30.1056;
08/10/2021;08:07;2016-154184;177.0215;-30.1201;
08/10/2021;08:13;2016-154184;176.9386;-30.1476;
08/10/2021;10:11;2016-154184;176.9962;-30.2018;
09/10/2021;10:11;2016-154184;158.785994;-46.366811;out of domain 
24/09/2021;18:58;2016-154187;168.8002;-22.2866;
24/09/2021;22:11;2016-154187;168.8606;-22.1858;
24/09/2021;22:54;2016-154187;168.8516;-22.1811;
25/09/2021;04:49;2016-154187;168.9298;-21.9503;
25/09/2021;06:07;2016-154187;168.6883;-22.0525;
25/09/2021;06:57;2016-154187;168.6561;-22.0432;
25/09/2021;14:27;2016-154187;168.4736;-21.9406;
25/09/2021;18:08;2016-154187;168.5008;-22.1285;
25/09/2021;18:29;2016-154187;168.5345;-22.0895;
25/09/2021;18:36;2016-154187;168.4812;-22.1252;
26/09/2021;18:23;2016-154187;167.7371;-22.3937;
27/09/2021;04:27;2016-154187;168.5527;-22.764;
27/09/2021;06:09;2016-154187;168.2503;-22.8319;
27/09/2021;06:42;2016-154187;168.5159;-22.8147;
27/09/2021;06:56;2016-154187;168.0761;-23.0503;
27/09/2021;14:02;2016-154187;168.005;-23.1218;
27/09/2021;18:13;2016-154187;167.9162;-23.2177;
27/09/2021;18:59;2016-154187;167.8888;-23.2289;
28/09/2021;06:10;2016-154187;167.6633;-23.3682;
28/09/2021;08:24;2016-154187;167.7792;-23.3295;
28/09/2021;10:24;2016-154187;167.8014;-23.3418;
28/09/2021;20:12;2016-154187;167.8582;-23.4642;
29/09/2021;07:00;2016-154187;167.81;-23.6229;
29/09/2021;18:14;2016-154187;167.7376;-23.7992;
29/09/2021;22:08;2016-154187;167.7612;-23.9661;
29/09/2021;22:57;2016-154187;167.8085;-23.99;
30/09/2021;06:18;2016-154187;167.6747;-24.1953;
30/09/2021;06:37;2016-154187;167.636;-24.1594;
30/09/2021;06:49;2016-154187;167.5921;-24.1348;
30/09/2021;08:13;2016-154187;167.53;-24.1124;
30/09/2021;22:32;2016-154187;166.8803;-23.9425;
01/10/2021;06:11;2016-154187;167.5567;-24.5325;
01/10/2021;06:19;2016-154187;167.1639;-24.4791;
01/10/2021;18:40;2016-154187;166.9349;-24.9802;
01/10/2021;22:08;2016-154187;166.9075;-25.2353;
02/10/2021;10:36;2016-154187;166.6135;-25.4911;
02/10/2021;14:47;2016-154187;166.5983;-25.277;
02/10/2021;16:34;2016-154187;166.7956;-25.2149;
02/10/2021;18:33;2016-154187;166.9431;-25.204;
02/10/2021;18:51;2016-154187;166.9393;-25.1962;
10/10/2021;18:37;2016-154187;170.177;-24.1316;
10/10/2021;22:24;2016-154187;152.6745;-26.3762;
11/10/2021;06:11;2016-154187;167.9012;-29.3078;
11/10/2021;10:09;2016-154187;167.9053;-29.3151;
11/10/2021;10:54;2016-154187;167.88;-29.3271;
11/10/2021;14:50;2016-154187;167.8313;-29.3593;
11/10/2021;18:14;2016-154187;167.8445;-29.3957;
11/10/2021;18:27;2016-154187;167.8006;-29.4209;
11/10/2021;18:55;2016-154187;167.8608;-29.4576;
11/10/2021;20:09;2016-154187;167.8415;-29.4718;
11/10/2021;20:31;2016-154187;167.8344;-29.4734;
11/10/2021;22:08;2016-154187;167.8228;-29.5085;
11/10/2021;23:00;2016-154187;167.8036;-29.4964;
12/10/2021;04:58;2016-154187;167.95;-29.6578;
12/10/2021;06:37;2016-154187;167.9826;-29.6374;
12/10/2021;08:15;2016-154187;167.9834;-29.6486;
12/10/2021;08:57;2016-154187;167.9869;-29.6472;
12/10/2021;10:30;2016-154187;167.9929;-29.6583;
12/10/2021;14:39;2016-154187;168.0272;-29.6608;
12/10/2021;16:16;2016-154187;167.9841;-29.647;
12/10/2021;18:43;2016-154187;167.9278;-29.6701;
12/10/2021;20:17;2016-154187;167.9199;-29.6775;
13/10/2021;02:58;2016-154187;168.1913;-29.9001;
13/10/2021;04:42;2016-154187;168.1078;-29.8833;
13/10/2021;06:06;2016-154187;168.1003;-29.8877;
13/10/2021;10:09;2016-154187;167.8942;-29.7138;
13/10/2021;14:23;2016-154187;167.8848;-29.5749;
13/10/2021;16:08;2016-154187;167.8887;-29.5522;
13/10/2021;18:32;2016-154187;167.9872;-29.6581;
13/10/2021;20:07;2016-154187;167.9965;-29.6652;
14/10/2021;02:51;2016-154187;168.0051;-29.7403;
14/10/2021;04:30;2016-154187;168.002;-29.7436;
14/10/2021;06:14;2016-154187;168.0197;-29.7576;
14/10/2021;06:56;2016-154187;168.05;-29.7253;
14/10/2021;08:33;2016-154187;168.0572;-29.7135;
14/10/2021;10:42;2016-154187;168.0866;-29.6836;
14/10/2021;14:16;2016-154187;167.9414;-29.6456;
14/10/2021;18:37;2016-154187;168.0189;-29.8327;
14/10/2021;18:39;2016-154187;167.8926;-29.8746;
14/10/2021;18:39;2016-154187;167.8926;-29.8746;
14/10/2021;20:00;2016-154187;167.8938;-29.8773;
14/10/2021;20:12;2016-154187;168.0338;-29.8454;
14/10/2021;22:00;2016-154187;167.9781;-29.9271;
15/10/2021;04:20;2016-154187;167.94;-30.1032;
15/10/2021;08:23;2016-154187;167.8866;-30.1779;
15/10/2021;10:22;2016-154187;167.8736;-30.2078;
15/10/2021;18:05;2016-154187;167.8747;-30.2033;
15/10/2021;18:16;2016-154187;167.8514;-30.2221;
16/10/2021;04:06;2016-154187;167.9878;-30.2522;
16/10/2021;06:31;2016-154187;167.9814;-30.316;
16/10/2021;06:33;2016-154187;167.9948;-30.4032;
16/10/2021;06:57;2016-154187;167.9802;-30.3683;
16/10/2021;08:10;2016-154187;167.9951;-30.3957;
16/10/2021;10:48;2016-154187;167.9956;-30.3742;
16/10/2021;20:20;2016-154187;168.019;-30.4547;
16/10/2021;22:04;2016-154187;168.0146;-30.4461;
17/10/2021;04:01;2016-154187;168.1564;-30.4723;
17/10/2021;04:43;2016-154187;168.0578;-30.4994;
17/10/2021;06:08;2016-154187;168.0313;-30.4942;
17/10/2021;06:19;2016-154187;167.9982;-30.5235;
17/10/2021;06:19;2016-154187;168.0215;-30.4786;
17/10/2021;08:05;2016-154187;167.9602;-30.4536;
17/10/2021;08:45;2016-154187;167.9745;-30.4463;
17/10/2021;10:23;2016-154187;167.9637;-30.4289;
18/10/2021;06:10;2016-154187;167.5503;-29.7025;
18/10/2021;10:07;2016-154187;167.8718;-29.5914;
18/10/2021;16:46;2016-154187;167.8183;-29.4035;
18/10/2021;18:09;2016-154187;167.7996;-29.3556;
18/10/2021;18:35;2016-154187;167.7925;-29.3391;
18/10/2021;22:20;2016-154187;167.8192;-29.2746;
19/10/2021;06:54;2016-154187;167.8797;-29.3436;
19/10/2021;18:13;2016-154187;167.9169;-29.0356;
19/10/2021;20:58;2016-154187;167.9748;-29.0592;
19/10/2021;22:42;2016-154187;167.9294;-29.071;
20/10/2021;22:42;2016-154187;158.785994;-46.366811;out of domain 
24/07/2021;07:29;2017-154185;168.0583;-23.3989;
24/07/2021;07:57;2017-154185;168.0479;-23.4184;
24/07/2021;08:55;2017-154185;168.065;-23.4449;
24/07/2021;15:36;2017-154185;168.1131;-23.4278;
24/07/2021;18:53;2017-154185;168.0578;-23.3769;
24/07/2021;19:13;2017-154185;168.0523;-23.3838;
24/07/2021;21:42;2017-154185;168.0362;-23.3991;
25/07/2021;03:58;2017-154185;168.0353;-23.3793;
25/07/2021;05:21;2017-154185;168.0703;-23.4112;
25/07/2021;05:41;2017-154185;168.0715;-23.406;
25/07/2021;05:54;2017-154185;168.0744;-23.4053;
25/07/2021;07:02;2017-154185;168.0773;-23.3814;
25/07/2021;07:18;2017-154185;168.0642;-23.3932;
25/07/2021;07:32;2017-154185;168.0553;-23.398;
25/07/2021;09:00;2017-154185;168.0471;-23.4086;
25/07/2021;15:26;2017-154185;168.0934;-23.4215;
25/07/2021;17:02;2017-154185;168.0981;-23.4247;
25/07/2021;17:08;2017-154185;168.0961;-23.424;
25/07/2021;19:16;2017-154185;168.0923;-23.4394;
25/07/2021;21:24;2017-154185;168.0597;-23.4682;
25/07/2021;23:04;2017-154185;168.056;-23.4607;
26/07/2021;03:52;2017-154185;168.0796;-23.4453;
26/07/2021;05:33;2017-154185;168.088;-23.484;
26/07/2021;07:09;2017-154185;168.0937;-23.435;
26/07/2021;07:10;2017-154185;168.1017;-23.4369;
26/07/2021;15:14;2017-154185;168.0903;-23.3237;
26/07/2021;19:57;2017-154185;168.0327;-23.2555;
26/07/2021;21:05;2017-154185;168.084;-23.302;
27/07/2021;03:45;2017-154185;167.9361;-23.2721;
27/07/2021;05:17;2017-154185;167.9566;-23.2746;
27/07/2021;05:56;2017-154185;167.9598;-23.2741;
27/07/2021;07:41;2017-154185;167.9643;-23.2726;
27/07/2021;17:52;2017-154185;167.8731;-23.0737;
27/07/2021;19:36;2017-154185;167.7705;-23.0028;
27/07/2021;19:58;2017-154185;167.7434;-22.9866;
27/07/2021;19:58;2017-154185;167.7702;-23.0005;
27/07/2021;21:38;2017-154185;167.7751;-22.9405;
27/07/2021;23:18;2017-154185;167.7086;-22.8605;
28/07/2021;17:51;2017-154185;167.513;-22.4272;
28/07/2021;19:14;2017-154185;167.1417;-22.6268;
28/07/2021;19:23;2017-154185;167.1464;-22.6293;
28/07/2021;19:48;2017-154185;167.1312;-22.6254;
28/07/2021;21:59;2017-154185;167.0642;-22.6375;
29/07/2021;17:04;2017-154185;167.0946;-22.54;
29/07/2021;19:35;2017-154185;167.0603;-22.528;
29/07/2021;21:39;2017-154185;167.1079;-22.6606;
30/07/2021;03:05;2017-154185;167.17;-22.7799;
30/07/2021;05:29;2017-154185;167.204;-22.8355;
30/07/2021;05:58;2017-154185;167.2569;-22.9146;
30/07/2021;07:08;2017-154185;167.2741;-23.0289;
30/07/2021;07:45;2017-154185;167.2611;-23.014;
30/07/2021;07:57;2017-154185;167.3027;-23.0696;
30/07/2021;15:58;2017-154185;167.3588;-23.3731;
30/07/2021;19:23;2017-154185;167.372;-23.5022;
30/07/2021;19:56;2017-154185;167.355;-23.5046;
30/07/2021;21:22;2017-154185;167.3229;-23.5445;
30/07/2021;23:05;2017-154185;167.3284;-23.642;
31/07/2021;05:32;2017-154185;167.2414;-23.9494;
31/07/2021;07:52;2017-154185;167.1967;-24.1112;
31/07/2021;09:29;2017-154185;167.1417;-24.1849;
31/07/2021;09:51;2017-154185;167.045;-24.1884;
31/07/2021;11:33;2017-154185;166.9412;-24.2491;
31/07/2021;15:53;2017-154185;166.83;-24.2172;
31/07/2021;17:59;2017-154185;166.7926;-24.2754;
31/07/2021;19:12;2017-154185;166.8348;-24.3629;
31/07/2021;19:28;2017-154185;166.817;-24.4084;
31/07/2021;19:28;2017-154185;166.817;-24.4084;
31/07/2021;19:35;2017-154185;166.8329;-24.4036;
31/07/2021;21:07;2017-154185;166.7575;-24.5058;
31/07/2021;21:56;2017-154185;166.7602;-24.5391;
01/08/2021;05:03;2017-154185;166.3073;-24.851;
01/08/2021;07:36;2017-154185;165.9976;-25.1069;
01/08/2021;07:56;2017-154185;165.9645;-25.113;
01/08/2021;09:17;2017-154185;165.8291;-25.1628;
01/08/2021;09:26;2017-154185;165.814;-25.181;
01/08/2021;11:07;2017-154185;165.6572;-25.2533;
01/08/2021;15:45;2017-154185;165.51;-25.3707;
01/08/2021;17:29;2017-154185;165.4531;-25.4282;
01/08/2021;19:01;2017-154185;165.3869;-25.4466;
01/08/2021;19:02;2017-154185;165.466;-25.5125;
01/08/2021;19:13;2017-154185;165.4623;-25.5247;
01/08/2021;21:40;2017-154185;165.3174;-25.6591;
02/08/2021;05:51;2017-154185;164.8269;-26.0056;
02/08/2021;07:24;2017-154185;164.726;-26.041;
02/08/2021;07:33;2017-154185;164.6909;-26.0425;
02/08/2021;07:50;2017-154185;164.6772;-26.0323;
02/08/2021;09:06;2017-154185;164.6106;-25.9722;
02/08/2021;09:14;2017-154185;164.6022;-25.9742;
02/08/2021;11:40;2017-154185;164.4514;-25.9959;
02/08/2021;15:30;2017-154185;164.178;-26.0845;
02/08/2021;17:10;2017-154185;164.1854;-26.1169;
02/08/2021;21:59;2017-154185;163.964;-26.1976;
02/08/2021;23:00;2017-154185;163.9141;-26.2813;
02/08/2021;23:43;2017-154185;163.8697;-26.3008;
03/08/2021;03:55;2017-154185;163.6259;-26.4081;
03/08/2021;05:41;2017-154185;163.4786;-26.4785;
03/08/2021;05:41;2017-154185;163.5343;-26.5068;
03/08/2021;07:06;2017-154185;163.4267;-26.5337;
03/08/2021;07:22;2017-154185;163.4306;-26.5325;
03/08/2021;15:23;2017-154185;163.3517;-26.4371;
03/08/2021;17:00;2017-154185;163.3215;-26.434;
03/08/2021;19:35;2017-154185;163.2038;-26.3931;
03/08/2021;19:59;2017-154185;163.2042;-26.3923;
03/08/2021;21:17;2017-154185;163.1418;-26.3858;
03/08/2021;21:44;2017-154185;163.1664;-26.3818;
03/08/2021;23:24;2017-154185;163.0569;-26.3562;
04/08/2021;05:29;2017-154185;162.7966;-26.2144;
04/08/2021;11:00;2017-154185;162.4958;-26.081;
04/08/2021;11:49;2017-154185;162.3184;-26.0868;
04/08/2021;17:57;2017-154185;161.9577;-26.1533;
04/08/2021;19:06;2017-154185;162.0718;-26.1038;
04/08/2021;19:39;2017-154185;162.0628;-26.1071;
04/08/2021;21:24;2017-154185;162.0125;-26.0945;
05/08/2021;05:12;2017-154185;161.7439;-26.052;
05/08/2021;07:56;2017-154185;161.7215;-26.13;
05/08/2021;07:58;2017-154185;161.6541;-26.154;
05/08/2021;09:37;2017-154185;161.6113;-26.1527;
05/08/2021;09:42;2017-154185;161.5874;-26.1542;
05/08/2021;11:29;2017-154185;161.406;-26.1046;
05/08/2021;17:35;2017-154185;161.167;-26.0266;
05/08/2021;19:17;2017-154185;161.1195;-25.994;
05/08/2021;19:56;2017-154185;161.1354;-25.9926;
05/08/2021;21:35;2017-154185;161.3145;-26.0695;
06/08/2021;05:05;2017-154185;161.3977;-26.1377;
06/08/2021;05:49;2017-154185;161.4228;-26.0981;
06/08/2021;07:25;2017-154185;161.2874;-26.1399;
06/08/2021;07:33;2017-154185;161.2651;-26.136;
06/08/2021;09:12;2017-154185;161.1548;-26.0714;
06/08/2021;09:58;2017-154185;161.1245;-26.0501;
06/08/2021;11:00;2017-154185;161.0262;-26.021;
06/08/2021;11:57;2017-154185;160.974;-26.0009;
06/08/2021;19:42;2017-154185;160.5408;-25.822;
06/08/2021;19:44;2017-154185;160.5464;-25.7837;
06/08/2021;21:20;2017-154185;160.4434;-25.7489;
06/08/2021;23:14;2017-154185;160.3536;-25.6957;
06/08/2021;23:56;2017-154185;160.3228;-25.6815;
07/08/2021;07:08;2017-154185;160.1013;-25.5417;
07/08/2021;09:48;2017-154185;159.9562;-25.3592;
07/08/2021;11:43;2017-154185;159.8671;-25.3075;
07/08/2021;17:57;2017-154185;159.662;-25.0207;
07/08/2021;19:18;2017-154185;159.7777;-25.0377;
07/08/2021;19:33;2017-154185;159.7835;-25.0473;
07/08/2021;21:59;2017-154185;159.7104;-25.0318;
07/08/2021;23:36;2017-154185;159.6977;-25.0135;
08/08/2021;07:58;2017-154185;159.7217;-25.0326;
08/08/2021;19:19;2017-154185;159.4658;-24.8653;
08/08/2021;19:33;2017-154185;159.615;-25.0172;
08/08/2021;23:19;2017-154185;159.6094;-25.0154;
09/08/2021;05:50;2017-154185;159.516;-24.9403;
09/08/2021;07:30;2017-154185;159.5431;-25.0117;
09/08/2021;07:48;2017-154185;159.5433;-25.0111;
09/08/2021;07:56;2017-154185;159.5401;-25.0094;
09/08/2021;09:26;2017-154185;159.5613;-24.9774;
09/08/2021;11:46;2017-154185;159.5457;-24.9672;
09/08/2021;19:14;2017-154185;159.6183;-24.9789;
09/08/2021;19:55;2017-154185;159.5928;-24.9631;
10/08/2021;07:05;2017-154185;159.863;-24.9973;
10/08/2021;07:33;2017-154185;159.6299;-24.8692;
10/08/2021;09:17;2017-154185;159.6751;-24.8757;
10/08/2021;09:17;2017-154185;159.7475;-24.8822;
10/08/2021;09:43;2017-154185;159.5503;-24.8689;
10/08/2021;11:21;2017-154185;159.4992;-24.8611;
10/08/2021;15:40;2017-154185;159.5353;-24.6712;
10/08/2021;17:14;2017-154185;159.4684;-24.6127;
10/08/2021;19:20;2017-154185;159.3673;-24.5307;
10/08/2021;21:04;2017-154185;159.3484;-24.4912;
10/08/2021;23:27;2017-154185;159.3411;-24.3968;
11/08/2021;05:53;2017-154185;159.2539;-24.1478;
11/08/2021;07:12;2017-154185;159.3038;-24.1539;
11/08/2021;09:04;2017-154185;159.4318;-24.1226;
11/08/2021;11:05;2017-154185;159.4658;-24.0616;
11/08/2021;15:33;2017-154185;159.5176;-23.9569;
11/08/2021;17:04;2017-154185;159.5162;-23.9616;
11/08/2021;19:58;2017-154185;159.4217;-24.1008;
12/08/2021;05:39;2017-154185;159.3685;-24.0093;
12/08/2021;05:55;2017-154185;159.2902;-24.0458;
12/08/2021;07:42;2017-154185;159.282;-24.0498;
12/08/2021;11:36;2017-154185;159.2978;-24.099;
12/08/2021;17:53;2017-154185;159.5212;-24.0422;
12/08/2021;19:33;2017-154185;159.2917;-24.0699;
12/08/2021;19:58;2017-154185;159.3374;-24.1543;
12/08/2021;23:37;2017-154185;159.3501;-24.1397;
13/08/2021;05:23;2017-154185;159.2706;-24.1097;
13/08/2021;07:08;2017-154185;159.39;-23.9682;
13/08/2021;07:53;2017-154185;159.4035;-23.9501;
13/08/2021;11:15;2017-154185;159.4289;-24.0247;
13/08/2021;15:05;2017-154185;159.4795;-24.043;
13/08/2021;19:10;2017-154185;159.4203;-24.1301;
13/08/2021;19:33;2017-154185;159.5229;-24.1427;
13/08/2021;19:59;2017-154185;159.474;-24.1727;
13/08/2021;21:32;2017-154185;159.4552;-24.1921;
13/08/2021;23:13;2017-154185;159.4608;-24.1987;
14/08/2021;05:18;2017-154185;159.4428;-24.1594;
14/08/2021;07:32;2017-154185;159.4086;-24.1476;
14/08/2021;09:13;2017-154185;159.437;-24.1429;
14/08/2021;19:49;2017-154185;159.267;-24.0987;
14/08/2021;21:30;2017-154185;159.2047;-24.0247;
15/08/2021;05:07;2017-154185;158.9061;-23.8852;
15/08/2021;07:09;2017-154185;158.8241;-23.8421;
15/08/2021;07:47;2017-154185;158.7083;-23.847;
15/08/2021;09:54;2017-154185;158.5738;-23.7637;
15/08/2021;11:13;2017-154185;158.5034;-23.7077;
15/08/2021;13:00;2017-154185;158.4063;-23.652;
15/08/2021;19:38;2017-154185;157.7811;-23.5975;
15/08/2021;19:58;2017-154185;157.7755;-23.6236;
15/08/2021;21:18;2017-154185;157.6805;-23.6445;
15/08/2021;23:30;2017-154185;157.5154;-23.6681;
16/08/2021;07:19;2017-154185;156.9838;-23.6504;
16/08/2021;09:48;2017-154185;156.5449;-23.6735;
16/08/2021;17:47;2017-154185;156.1461;-23.4593;
16/08/2021;19:27;2017-154185;156.0849;-23.3995;
16/08/2021;19:34;2017-154185;156.0343;-23.4069;
16/08/2021;19:39;2017-154185;156.0349;-23.4065;
16/08/2021;21:08;2017-154185;155.9111;-23.3841;
16/08/2021;23:48;2017-154185;155.7379;-23.3518;
17/08/2021;07:57;2017-154185;155.613;-23.2823;
17/08/2021;07:57;2017-154185;155.1345;-23.2038;
17/08/2021;09:35;2017-154185;155.2515;-23.3048;
17/08/2021;15:54;2017-154185;154.906;-23.3441;
17/08/2021;17:37;2017-154185;155.3199;-23.2061;
17/08/2021;19:06;2017-154185;155.3177;-23.2205;
17/08/2021;19:06;2017-154185;155.3862;-23.2468;
18/08/2021;07:55;2017-154185;155.6463;-23.2045;
18/08/2021;09:18;2017-154185;155.5472;-23.1956;
18/08/2021;11:08;2017-154185;155.5271;-23.1929;
19/08/2021;05:58;2017-154185;155.5383;-23.208;
19/08/2021;11:40;2017-154185;155.4976;-23.1706;
19/08/2021;15:36;2017-154185;155.534;-23.2152;
19/08/2021;17:15;2017-154185;155.5148;-23.2011;
20/08/2021;05:47;2017-154185;155.4969;-23.2658;
20/08/2021;11:19;2017-154185;155.5256;-23.1936;
20/08/2021;17:04;2017-154185;155.1211;-23.2904;
20/08/2021;19:07;2017-154185;154.3898;-23.433;
20/08/2021;19:38;2017-154185;154.3911;-23.4376;
20/08/2021;23:27;2017-154185;154.434;-23.5772;
21/08/2021;05:36;2017-154185;154.0858;-24.0586;
21/08/2021;07:16;2017-154185;154.0531;-24.1031;
21/08/2021;07:54;2017-154185;153.9067;-24.0857;
21/08/2021;07:58;2017-154185;153.4687;-24.1163;
21/08/2021;09:38;2017-154185;153.3734;-24.1841;
21/08/2021;19:10;2017-154185;153.1454;-24.4852;
21/08/2021;21:52;2017-154185;153.0553;-24.4911;
22/08/2021;21:52;2017-154185;158.785994;-46.366811;out of domain 
24/07/2021;05:51;2017-34215;168.479;-23.1368;
24/07/2021;07:30;2017-34215;168.0502;-23.4314;
24/07/2021;07:32;2017-34215;168.0598;-23.4679;
24/07/2021;07:57;2017-34215;168.0466;-23.4516;
24/07/2021;09:14;2017-34215;168.0397;-23.4589;
24/07/2021;10:35;2017-34215;168.0178;-23.4056;
24/07/2021;11:26;2017-34215;167.9599;-23.433;
24/07/2021;15:35;2017-34215;168.0967;-23.4032;
24/07/2021;18:16;2017-34215;167.992;-23.4549;
24/07/2021;19:10;2017-34215;168.0805;-23.3647;
24/07/2021;19:51;2017-34215;168.0487;-23.3667;
24/07/2021;21:44;2017-34215;168.0266;-23.3978;
25/07/2021;07:31;2017-34215;167.9279;-23.4222;
25/07/2021;15:25;2017-34215;168.1014;-23.4386;
25/07/2021;17:01;2017-34215;168.093;-23.4427;
25/07/2021;19:23;2017-34215;168.0843;-23.4442;
25/07/2021;21:29;2017-34215;168.0802;-23.445;
26/07/2021;03:48;2017-34215;168.0387;-23.514;
26/07/2021;07:07;2017-34215;168.0918;-23.446;
26/07/2021;07:10;2017-34215;168.0829;-23.4298;
26/07/2021;09:57;2017-34215;168.0888;-23.4344;
26/07/2021;11:30;2017-34215;168.0886;-23.4308;
26/07/2021;15:07;2017-34215;168.0754;-23.3843;
26/07/2021;21:04;2017-34215;168.0669;-23.2926;
27/07/2021;05:20;2017-34215;168.0148;-23.163;
27/07/2021;05:56;2017-34215;167.9774;-23.1492;
27/07/2021;07:35;2017-34215;167.9471;-23.1143;
27/07/2021;09:30;2017-34215;167.9108;-23.0961;
27/07/2021;17:53;2017-34215;167.9202;-23.1222;
27/07/2021;19:35;2017-34215;167.8425;-23.0478;
27/07/2021;19:55;2017-34215;167.8293;-23.0378;
27/07/2021;21:43;2017-34215;167.7962;-23.0029;
28/07/2021;05:11;2017-34215;167.6693;-22.8718;
28/07/2021;05:26;2017-34215;167.6806;-22.8661;
28/07/2021;07:04;2017-34215;167.6394;-22.8377;
28/07/2021;17:47;2017-34215;167.435;-22.6634;
28/07/2021;19:13;2017-34215;167.4869;-22.6711;
28/07/2021;19:44;2017-34215;167.5841;-22.6016;
29/07/2021;03:14;2017-34215;167.7183;-22.5564;
29/07/2021;05:05;2017-34215;167.7555;-22.4673;
29/07/2021;05:56;2017-34215;167.7562;-22.4683;
29/07/2021;07:33;2017-34215;167.5854;-22.564;
29/07/2021;19:28;2017-34215;167.611;-22.6926;
29/07/2021;21:10;2017-34215;167.3145;-22.4649;
29/07/2021;21:41;2017-34215;167.6972;-22.7137;
30/07/2021;07:14;2017-34215;176.5824;-24.6136;
30/07/2021;07:43;2017-34215;167.7086;-22.8071;
30/07/2021;07:59;2017-34215;167.7107;-22.843;
30/07/2021;19:22;2017-34215;167.7132;-22.8778;
30/07/2021;19:58;2017-34215;167.8444;-22.9535;
30/07/2021;21:20;2017-34215;167.8663;-22.9846;
31/07/2021;05:36;2017-34215;168.0045;-23.1747;
31/07/2021;07:50;2017-34215;167.9998;-23.1572;
31/07/2021;11:33;2017-34215;168.0535;-23.2068;
31/07/2021;15:51;2017-34215;167.9679;-23.1225;
31/07/2021;17:32;2017-34215;168.0169;-23.1436;
31/07/2021;19:06;2017-34215;167.9782;-23.1266;
31/07/2021;19:31;2017-34215;167.9274;-23.1191;
31/07/2021;19:34;2017-34215;167.9276;-23.1185;
31/07/2021;21:05;2017-34215;167.935;-23.1535;
01/08/2021;11:07;2017-34215;168.0607;-23.4753;
01/08/2021;15:41;2017-34215;168.0951;-23.5187;
01/08/2021;17:28;2017-34215;168.0827;-23.5303;
01/08/2021;19:08;2017-34215;168.1022;-23.4594;
02/08/2021;07:26;2017-34215;168.1111;-23.5174;
02/08/2021;07:33;2017-34215;168.1198;-23.5079;
02/08/2021;07:33;2017-34215;168.1198;-23.5079;
02/08/2021;09:04;2017-34215;168.1266;-23.5036;
02/08/2021;09:11;2017-34215;168.0862;-23.5034;
02/08/2021;15:31;2017-34215;168.0813;-23.4439;
03/08/2021;05:41;2017-34215;168.1397;-23.6068;
03/08/2021;07:08;2017-34215;168.0692;-23.5095;
03/08/2021;07:11;2017-34215;168.0684;-23.5086;
03/08/2021;07:21;2017-34215;168.141;-23.5703;
03/08/2021;19:42;2017-34215;168.1627;-23.415;
03/08/2021;19:54;2017-34215;168.1558;-23.4221;
03/08/2021;21:43;2017-34215;168.1532;-23.417;
04/08/2021;03:49;2017-34215;168.1515;-23.3977;
04/08/2021;05:28;2017-34215;168.1169;-23.3896;
04/08/2021;07:03;2017-34215;168.0832;-23.3887;
04/08/2021;11:43;2017-34215;168.0674;-23.3711;
04/08/2021;17:55;2017-34215;168.0995;-23.449;
04/08/2021;19:08;2017-34215;168.0807;-23.472;
04/08/2021;19:33;2017-34215;168.0853;-23.4694;
04/08/2021;23:02;2017-34215;168.1196;-23.4226;
05/08/2021;03:39;2017-34215;168.1908;-23.5006;
05/08/2021;05:24;2017-34215;168.2368;-23.4965;
05/08/2021;07:56;2017-34215;168.2841;-23.5099;
05/08/2021;09:44;2017-34215;168.2579;-23.5402;
05/08/2021;11:24;2017-34215;168.2633;-23.5284;
05/08/2021;19:13;2017-34215;168.2714;-23.5865;
05/08/2021;21:02;2017-34215;168.1735;-23.6756;
05/08/2021;21:54;2017-34215;168.1892;-23.7336;
06/08/2021;05:06;2017-34215;168.2376;-24.0294;
06/08/2021;05:47;2017-34215;168.2552;-24.0646;
06/08/2021;11:04;2017-34215;168.2769;-24.217;
06/08/2021;19:42;2017-34215;168.4998;-24.3836;
06/08/2021;19:44;2017-34215;168.4488;-24.3705;
07/08/2021;05:12;2017-34215;168.569;-24.7106;
07/08/2021;07:06;2017-34215;168.4521;-24.9368;
07/08/2021;11:36;2017-34215;168.3806;-25.1968;
07/08/2021;19:13;2017-34215;168.343;-25.7591;
07/08/2021;19:31;2017-34215;168.3595;-25.7738;
07/08/2021;19:57;2017-34215;168.3587;-25.7705;
08/08/2021;03:01;2017-34215;168.3161;-26.0087;
08/08/2021;15:57;2017-34215;168.6446;-25.7778;
08/08/2021;19:15;2017-34215;168.6379;-25.8571;
08/08/2021;21:38;2017-34215;169.0077;-25.9433;
08/08/2021;23:15;2017-34215;169.0927;-25.9974;
09/08/2021;05:53;2017-34215;169.0899;-26.0034;
09/08/2021;07:27;2017-34215;169.2033;-26.0635;
09/08/2021;07:43;2017-34215;169.3174;-26.084;
09/08/2021;07:53;2017-34215;169.335;-26.0836;
09/08/2021;09:29;2017-34215;169.3747;-26.1178;
09/08/2021;09:59;2017-34215;169.3612;-26.1222;
09/08/2021;11:01;2017-34215;169.3643;-26.1341;
09/08/2021;19:07;2017-34215;169.5119;-26.2913;
09/08/2021;19:09;2017-34215;169.3668;-26.1618;
09/08/2021;19:47;2017-34215;169.43;-26.2181;
09/08/2021;21:22;2017-34215;169.4416;-26.2263;
10/08/2021;05:21;2017-34215;169.569;-26.3398;
10/08/2021;07:00;2017-34215;169.5573;-26.3577;
10/08/2021;07:32;2017-34215;169.6354;-26.4223;
10/08/2021;11:17;2017-34215;169.8799;-26.6002;
10/08/2021;19:17;2017-34215;169.87;-26.6041;
10/08/2021;21:51;2017-34215;169.9978;-26.6997;
11/08/2021;07:10;2017-34215;170.1548;-26.9186;
11/08/2021;09:00;2017-34215;170.0079;-26.9771;
11/08/2021;15:25;2017-34215;169.912;-27.0184;
11/08/2021;19:56;2017-34215;169.8695;-27.105;
12/08/2021;03:55;2017-34215;169.804;-27.1875;
12/08/2021;05:42;2017-34215;169.8493;-27.3606;
12/08/2021;05:57;2017-34215;169.9147;-27.3385;
12/08/2021;07:36;2017-34215;170.0001;-27.4166;
12/08/2021;09:57;2017-34215;169.9996;-27.4218;
12/08/2021;15:16;2017-34215;169.9788;-27.4715;
12/08/2021;17:03;2017-34215;170.0376;-27.5456;
12/08/2021;17:54;2017-34215;170.1079;-27.5588;
12/08/2021;19:34;2017-34215;170.1629;-27.6043;
12/08/2021;20:00;2017-34215;170.0827;-27.6283;
12/08/2021;23:35;2017-34215;170.1237;-27.7331;
13/08/2021;03:45;2017-34215;170.2859;-27.9007;
13/08/2021;05:24;2017-34215;170.313;-27.9563;
13/08/2021;07:03;2017-34215;170.3311;-27.9773;
13/08/2021;07:10;2017-34215;170.3552;-28.0711;
13/08/2021;07:58;2017-34215;170.3377;-28.1606;
13/08/2021;19:12;2017-34215;170.2993;-28.6373;
13/08/2021;19:23;2017-34215;170.5537;-28.5046;
13/08/2021;19:54;2017-34215;170.556;-28.5292;
13/08/2021;21:32;2017-34215;170.5573;-28.5784;
14/08/2021;19:44;2017-34215;170.595;-29.537;
15/08/2021;03:28;2017-34215;170.5069;-29.5679;
15/08/2021;05:02;2017-34215;169.9516;-29.2443;
15/08/2021;07:08;2017-34215;169.966;-29.2746;
15/08/2021;11:23;2017-34215;169.9796;-29.2927;
15/08/2021;19:37;2017-34215;169.9929;-29.457;
16/08/2021;03:12;2017-34215;169.9189;-29.3865;
16/08/2021;05:36;2017-34215;169.2297;-29.5337;
16/08/2021;07:59;2017-34215;169.0741;-29.5416;
16/08/2021;09:22;2017-34215;169.0069;-29.5529;
16/08/2021;11:02;2017-34215;168.953;-29.623;
16/08/2021;17:42;2017-34215;168.5379;-29.7748;
16/08/2021;17:56;2017-34215;169.1358;-29.8335;
16/08/2021;17:57;2017-34215;168.9444;-29.92;
16/08/2021;19:25;2017-34215;168.7602;-29.9823;
16/08/2021;19:32;2017-34215;168.7654;-29.9877;
16/08/2021;19:38;2017-34215;168.8278;-30.014;
16/08/2021;21:26;2017-34215;168.6923;-30.0133;
17/08/2021;07:51;2017-34215;168.8069;-30.3188;
17/08/2021;17:30;2017-34215;168.7639;-30.5982;
17/08/2021;19:09;2017-34215;168.7034;-30.6365;
17/08/2021;19:11;2017-34215;168.6993;-30.6535;
17/08/2021;21:52;2017-34215;168.9818;-30.8273;
18/08/2021;07:29;2017-34215;169.0614;-31.3185;
18/08/2021;09:19;2017-34215;169.1073;-31.4163;
18/08/2021;15:51;2017-34215;169.1924;-31.6494;
18/08/2021;19:02;2017-34215;169.2744;-31.564;
19/08/2021;07:18;2017-34215;169.6111;-31.8991;
19/08/2021;09:54;2017-34215;170.0374;-32.1389;
19/08/2021;17:19;2017-34215;170.7445;-32.4491;
19/08/2021;21:13;2017-34215;170.4651;-32.5301;
20/08/2021;15:26;2017-34215;170.556;-32.5971;
20/08/2021;17:06;2017-34215;170.7512;-32.7011;
21/08/2021;07:56;2017-34215;170.757;-33.0756;
21/08/2021;19:13;2017-34215;171.0179;-33.0527;
21/08/2021;21:24;2017-34215;171.6377;-32.6304;
22/08/2021;03:47;2017-34215;172.4831;-32.4877;
22/08/2021;05:20;2017-34215;172.5846;-32.3839;
22/08/2021;05:46;2017-34215;172.4649;-32.4045;
22/08/2021;07:33;2017-34215;172.4295;-32.4718;
22/08/2021;19:44;2017-34215;173.2306;-32.2789;
22/08/2021;19:53;2017-34215;172.8279;-32.713;
22/08/2021;21:50;2017-34215;172.9756;-32.6944;
23/08/2021;03:30;2017-34215;172.7532;-33.0662;
23/08/2021;05:11;2017-34215;172.7537;-33.1121;
23/08/2021;07:01;2017-34215;172.841;-33.1348;
23/08/2021;11:50;2017-34215;172.8553;-33.1684;
23/08/2021;21:26;2017-34215;173.2601;-33.3713;
23/08/2021;23:08;2017-34215;173.1886;-33.3818;
24/08/2021;17:52;2017-34215;173.2632;-33.6288;
24/08/2021;19:32;2017-34215;173.5704;-33.9222;
25/08/2021;03:06;2017-34215;174.1095;-34.6213;
25/08/2021;19:22;2017-34215;174.2478;-34.6829;
26/08/2021;19:11;2017-34215;174.3464;-34.9127;
26/08/2021;19:22;2017-34215;173.8992;-35.1423;
27/08/2021;07:03;2017-34215;174.7387;-35.8952;
27/08/2021;07:42;2017-34215;174.722;-35.9252;
27/08/2021;09:14;2017-34215;174.8722;-36.0229;
28/08/2021;05:58;2017-34215;176.1785;-37.2789;
28/08/2021;15:30;2017-34215;175.2096;-36.3541;
28/08/2021;19:58;2017-34215;175.0626;-36.1841;
28/08/2021;21:28;2017-34215;175.4566;-36.1606;
29/08/2021;05:32;2017-34215;176.2614;-36.3166;
29/08/2021;07:12;2017-34215;176.3945;-36.3145;
29/08/2021;07:13;2017-34215;176.364;-36.308;
29/08/2021;09:41;2017-34215;176.5717;-36.3163;
29/08/2021;11:25;2017-34215;176.3377;-36.2925;
29/08/2021;13:41;2017-34215;176.4011;-36.2516;
29/08/2021;17:42;2017-34215;176.5393;-36.2154;
29/08/2021;19:25;2017-34215;176.5268;-36.0485;
29/08/2021;21:11;2017-34215;176.5701;-35.9843;
30/08/2021;05:02;2017-34215;176.6473;-36.0186;
30/08/2021;07:34;2017-34215;176.7971;-35.9443;
30/08/2021;17:09;2017-34215;177.0033;-35.8152;
31/08/2021;03:38;2017-34215;176.9056;-35.8922;
31/08/2021;07:03;2017-34215;177.1775;-35.6901;
31/08/2021;15:07;2017-34215;177.5513;-35.6787;
02/09/2021;17:33;2017-34215;-178.9916;-35.5347;
02/09/2021;19:01;2017-34215;-178.9035;-35.7873;
02/09/2021;19:47;2017-34215;-179.247;-36.0135;
03/09/2021;09:43;2017-34215;-178.8646;-35.8303;
03/09/2021;17:35;2017-34215;-178.6284;-36.3812;
04/09/2021;09:19;2017-34215;-178.6857;-36.4505;
04/09/2021;09:19;2017-34215;-178.4062;-36.7987;
04/09/2021;11:03;2017-34215;-178.3633;-36.8733;
04/09/2021;21:38;2017-34215;-178.6469;-36.5872;
05/09/2021;21:17;2017-34215;-178.2267;-37.2154;
06/09/2021;05:46;2017-34215;-177.709;-37.6374;
06/09/2021;15:32;2017-34215;-177.436;-37.0098;
07/09/2021;03:56;2017-34215;-176.598;-37.433;
07/09/2021;05:53;2017-34215;-175.508;-37.5426;
07/09/2021;07:07;2017-34215;-176.6028;-37.4418;
07/09/2021;07:27;2017-34215;-175.6511;-37.5768;
08/09/2021;09:39;2017-34215;-173.7263;-38.226;
08/09/2021;19:13;2017-34215;-173.1198;-38.4003;
08/09/2021;21:02;2017-34215;-173.0082;-38.4239;
09/09/2021;03:30;2017-34215;-173.1036;-38.4033;
09/09/2021;05:10;2017-34215;-173.2984;-38.3829;
09/09/2021;09:14;2017-34215;-173.4594;-38.4002;
10/09/2021;03:22;2017-34215;-173.064;-38.7123;
10/09/2021;05:00;2017-34215;-173.0921;-38.7027;
10/09/2021;07:53;2017-34215;-172.4819;-38.7843;
11/09/2021;03:10;2017-34215;-171.5745;-39.4031;
11/09/2021;05:45;2017-34215;-171.399;-39.4598;
11/09/2021;17:06;2017-34215;-170.879;-39.8175;
11/09/2021;17:38;2017-34215;-170.8725;-39.8196;
11/09/2021;19:57;2017-34215;-171.1641;-39.8196;
12/09/2021;03:00;2017-34215;-171.1587;-39.994;
12/09/2021;07:45;2017-34215;-171.1101;-40.0634;
12/09/2021;09:08;2017-34215;-170.9978;-39.899;
12/09/2021;09:51;2017-34215;-170.988;-39.8895;
12/09/2021;17:11;2017-34215;-170.8133;-39.7738;
12/09/2021;19:14;2017-34215;-170.9179;-39.974;
12/09/2021;19:32;2017-34215;-170.8996;-39.9713;
12/09/2021;21:17;2017-34215;-170.8734;-39.9726;
13/09/2021;07:39;2017-34215;-170.8665;-39.93;
13/09/2021;09:32;2017-34215;-170.943;-39.9214;
13/09/2021;17:19;2017-34215;-171.077;-39.854;
14/09/2021;07:51;2017-34215;-170.7952;-40.0162;
14/09/2021;17:06;2017-34215;-170.4966;-40.0706;
14/09/2021;17:36;2017-34215;-170.4994;-40.0466;
15/09/2021;05:04;2017-34215;-170.4495;-40.0742;
15/09/2021;05:45;2017-34215;-170.535;-40.1934;
15/09/2021;07:16;2017-34215;-170.5923;-40.2623;
15/09/2021;13:50;2017-34215;-170.3915;-40.3082;
15/09/2021;17:06;2017-34215;-170.4738;-40.4232;
15/09/2021;21:54;2017-34215;-170.2265;-40.235;
16/09/2021;07:05;2017-34215;-170.2028;-40.6117;
16/09/2021;07:05;2017-34215;-170.2467;-40.6569;
16/09/2021;15:22;2017-34215;-170.137;-41.0999;
16/09/2021;19:53;2017-34215;-170.0651;-41.0448;
17/09/2021;15:07;2017-34215;-169.8637;-41.786;
17/09/2021;19:34;2017-34215;-169.3141;-42.0458;
27/09/2021;19:27;2017-34215;-157.698;-51.9141;
27/09/2021;19:45;2017-34215;-157.8067;-52.1605;
27/09/2021;21:09;2017-34215;-157.9168;-51.8228;
28/09/2021;03:11;2017-34215;-155.4991;-49.515;
28/09/2021;05:18;2017-34215;-157.1299;-52.2141;
28/09/2021;09:17;2017-34215;-160.6178;-51.8754;
28/09/2021;13:06;2017-34215;-155.9335;-53.1041;
28/09/2021;17:04;2017-34215;-157.5467;-51.6765;
28/09/2021;17:51;2017-34215;-156.3319;-50.8384;
28/09/2021;19:05;2017-34215;-148.7457;-53.7738;
28/09/2021;19:33;2017-34215;-164.3742;-50.8043;
29/09/2021;03:01;2017-34215;-164.4072;-50.7405;
29/09/2021;09:04;2017-34215;-164.415;-50.7237;
29/09/2021;09:50;2017-34215;-164.3467;-50.7404;
30/09/2021;03:59;2017-34215;-163.9646;-50.8491;
30/09/2021;05:40;2017-34215;-163.692;-50.9351;
30/09/2021;05:52;2017-34215;-163.6548;-50.9654;
30/09/2021;07:34;2017-34215;-163.5886;-50.9926;
30/09/2021;15:53;2017-34215;-162.9201;-51.2371;
30/09/2021;17:34;2017-34215;-162.8639;-51.4424;
30/09/2021;17:41;2017-34215;-162.8296;-51.2222;
30/09/2021;19:18;2017-34215;-162.2742;-51.3788;
30/09/2021;19:25;2017-34215;-162.4206;-51.4372;
01/10/2021;05:47;2017-34215;-162.3831;-51.4116;
01/10/2021;07:24;2017-34215;-162.4904;-51.3893;
01/10/2021;09:56;2017-34215;-162.5166;-51.5664;
02/10/2021;05:19;2017-34215;-162.883;-51.8735;
02/10/2021;05:35;2017-34215;-162.8598;-51.8835;
02/10/2021;07:15;2017-34215;-162.7217;-51.9364;
02/10/2021;09:34;2017-34215;-162.8746;-51.8702;
02/10/2021;15:07;2017-34215;-162.606;-51.9919;
02/10/2021;17:03;2017-34215;-162.6969;-51.9089;
02/10/2021;19:27;2017-34215;-162.7044;-51.8879;
02/10/2021;19:59;2017-34215;-162.7945;-51.8513;
02/10/2021;21:03;2017-34215;-162.7091;-51.8616;
03/10/2021;05:17;2017-34215;-162.6925;-51.8207;
03/10/2021;07:35;2017-34215;-162.6542;-51.8717;
03/10/2021;13:47;2017-34215;-162.6928;-51.9356;
03/10/2021;17:50;2017-34215;-162.6232;-51.9714;
03/10/2021;19:31;2017-34215;-162.6072;-51.9782;
04/10/2021;03:34;2017-34215;-162.7126;-52.1129;
04/10/2021;03:42;2017-34215;-162.5723;-52.1963;
04/10/2021;05:11;2017-34215;-162.5721;-52.2174;
04/10/2021;05:21;2017-34215;-162.5613;-52.2257;
04/10/2021;15:53;2017-34215;-162.4221;-52.4676;
04/10/2021;17:18;2017-34215;-162.1278;-52.5738;
04/10/2021;17:38;2017-34215;-162.2075;-52.6303;
05/10/2021;05:45;2017-34215;-162.3308;-53.2504;
05/10/2021;15:03;2017-34215;-162.2917;-53.5075;
06/10/2021;01:41;2017-34215;-162.2276;-53.8039;
06/10/2021;03:23;2017-34215;-162.2032;-53.8153;
06/10/2021;09:10;2017-34215;-162.1629;-54.0805;
06/10/2021;13:13;2017-34215;-162.0934;-54.0502;
06/10/2021;17:59;2017-34215;-162.1667;-54.128;
06/10/2021;17:59;2017-34215;-162.0984;-54.1049;
06/10/2021;19:44;2017-34215;-162.1173;-54.1453;
07/10/2021;03:11;2017-34215;-162.1042;-54.2556;
07/10/2021;05:20;2017-34215;-161.7151;-54.1603;
07/10/2021;09:31;2017-34215;-161.5557;-54.1593;
07/10/2021;13:05;2017-34215;-161.4086;-54.1892;
07/10/2021;15:45;2017-34215;-161.3216;-54.2402;
07/10/2021;17:26;2017-34215;-161.4368;-54.2454;
07/10/2021;17:49;2017-34215;-161.5029;-54.223;
07/10/2021;19:23;2017-34215;-161.5599;-54.2574;
08/10/2021;09:16;2017-34215;-161.6706;-54.334;
08/10/2021;17:37;2017-34215;-161.434;-54.8275;
08/10/2021;17:37;2017-34215;-161.4228;-54.8281;
08/10/2021;19:01;2017-34215;-161.6269;-54.893;
09/10/2021;05:46;2017-34215;-161.9052;-55.3688;
09/10/2021;09:42;2017-34215;-161.8385;-55.4109;
10/10/2021;05:19;2017-34215;-162.2187;-56.3909;
10/10/2021;05:43;2017-34215;-162.2103;-55.993;
10/10/2021;09:28;2017-34215;-162.1707;-56.6194;
10/10/2021;15:11;2017-34215;-161.7334;-56.5463;
10/10/2021;19:16;2017-34215;-161.6164;-56.9248;
11/10/2021;05:22;2017-34215;-161.1832;-57.3064;
12/10/2021;03:53;2017-34215;-159.6591;-58.5311;
12/10/2021;07:45;2017-34215;-159.4621;-58.7112;
12/10/2021;07:45;2017-34215;-159.4939;-58.7135;
12/10/2021;13:45;2017-34215;-159.2388;-58.995;
13/10/2021;03:34;2017-34215;-158.9837;-59.584;
13/10/2021;03:52;2017-34215;-158.9843;-59.585;
13/10/2021;05:21;2017-34215;-158.9199;-59.6521;
13/10/2021;07:22;2017-34215;-158.884;-59.7009;
13/10/2021;09:07;2017-34215;-158.8322;-59.761;
13/10/2021;09:57;2017-34215;-158.791;-59.8103;
13/10/2021;11:55;2017-34215;-158.7265;-59.8959;
13/10/2021;13:31;2017-34215;-158.7244;-59.9321;
13/10/2021;15:33;2017-34215;-158.667;-60.0027;
13/10/2021;17:21;2017-34215;-158.5195;-60.1121;
13/10/2021;17:37;2017-34215;-158.5314;-60.0983;
13/10/2021;19:00;2017-34215;-158.4549;-60.1711;
14/10/2021;01:46;2017-34215;-158.0632;-60.5041;
14/10/2021;03:25;2017-34215;-157.9734;-60.5808;
14/10/2021;03:27;2017-34215;-157.9985;-60.5426;
14/10/2021;05:18;2017-34215;-157.9282;-60.6307;
16/10/2021;07:50;2017-34215;-157.3361;-63.5036;
16/10/2021;13:00;2017-34215;-157.5939;-63.7076;
16/10/2021;19:26;2017-34215;-157.1319;-64.4098;
16/10/2021;19:34;2017-34215;-157.9366;-64.1557;
17/10/2021;01:11;2017-34215;-158.0192;-64.0278;
17/10/2021;05:41;2017-34215;-158.5741;-64.1087;
17/10/2021;07:20;2017-34215;-158.7012;-64.1861;
17/10/2021;07:41;2017-34215;-158.6474;-64.191;
17/10/2021;15:51;2017-34215;-158.661;-64.1172;
17/10/2021;17:08;2017-34215;-158.6431;-64.1059;
17/10/2021;17:34;2017-34215;-159.2637;-64.0879;
17/10/2021;17:34;2017-34215;-159.6991;-64.0102;
18/10/2021;05:12;2017-34215;-159.1769;-63.9909;
18/10/2021;05:42;2017-34215;-158.9459;-63.6714;
18/10/2021;19:57;2017-34215;-160.8856;-63.7421;
19/10/2021;07:15;2017-34215;-161.6278;-63.9479;
19/10/2021;17:10;2017-34215;-159.7091;-63.1619;
19/10/2021;17:46;2017-34215;-159.6755;-63.0849;
20/10/2021;03:56;2017-34215;-160.0527;-62.4553;
20/10/2021;15:59;2017-34215;-160.0513;-61.8928;
21/10/2021;01:27;2017-34215;-160.0494;-61.426;
21/10/2021;03:05;2017-34215;-160.4645;-61.1146;
21/10/2021;03:42;2017-34215;-161.5794;-61.3815;
21/10/2021;05:04;2017-34215;-161.1085;-62.6429;
21/10/2021;05:25;2017-34215;-161.5071;-62.4142;
21/10/2021;05:40;2017-34215;-162.1358;-61.7295;
21/10/2021;07:21;2017-34215;-161.7205;-61.5858;
21/10/2021;07:55;2017-34215;-162.1274;-61.7263;
21/10/2021;09:00;2017-34215;-161.9511;-61.7511;
21/10/2021;11:17;2017-34215;-161.8784;-61.7199;
21/10/2021;13:47;2017-34215;-161.5281;-61.4358;
21/10/2021;15:08;2017-34215;-161.2997;-61.3778;
21/10/2021;15:30;2017-34215;-161.27;-61.3801;
21/10/2021;17:13;2017-34215;-161.0719;-61.3139;
21/10/2021;19:32;2017-34215;-160.8539;-61.2436;
22/10/2021;01:51;2017-34215;-160.7222;-60.9916;
22/10/2021;05:16;2017-34215;-160.5711;-60.8907;
22/10/2021;05:17;2017-34215;-160.5763;-60.8914;
22/10/2021;05:55;2017-34215;-160.5268;-60.8707;
22/10/2021;07:38;2017-34215;-160.4337;-60.8242;
22/10/2021;09:17;2017-34215;-160.3353;-60.7755;
22/10/2021;11:04;2017-34215;-160.2662;-60.7434;
22/10/2021;11:35;2017-34215;-160.2213;-60.7248;
22/10/2021;11:56;2017-34215;-160.2208;-60.7255;
22/10/2021;15:12;2017-34215;-159.9627;-60.6065;
22/10/2021;19:09;2017-34215;-159.994;-60.6233;
23/10/2021;01:44;2017-34215;-160.133;-60.7508;
23/10/2021;03:21;2017-34215;-159.9306;-60.6903;
23/10/2021;09:47;2017-34215;-158.9208;-60.5045;
23/10/2021;11:41;2017-34215;-159.0356;-60.5995;
23/10/2021;15:00;2017-34215;-158.6073;-60.6778;
23/10/2021;17:14;2017-34215;-158.3018;-60.6968;
23/10/2021;19:02;2017-34215;-158.1308;-60.692;
24/10/2021;03:12;2017-34215;-157.2969;-60.769;
24/10/2021;03:12;2017-34215;-158.0231;-60.6124;
24/10/2021;07:46;2017-34215;-156.9606;-60.8381;
24/10/2021;13:06;2017-34215;-156.7321;-60.8265;
24/10/2021;17:38;2017-34215;-156.2743;-60.9451;
24/10/2021;17:54;2017-34215;-156.2384;-60.9537;
25/10/2021;03:59;2017-34215;-155.3669;-61.0114;
25/10/2021;19:53;2017-34215;-154.0164;-61.1704;
26/10/2021;03:32;2017-34215;-153.256;-61.2099;
26/10/2021;07:32;2017-34215;-152.211;-61.4074;
27/10/2021;01:37;2017-34215;-149.579;-61.8372;
27/10/2021;03:17;2017-34215;-149.3563;-61.9075;
27/10/2021;15:16;2017-34215;-148.0976;-62.322;
27/10/2021;15:38;2017-34215;-150.043;-61.9248;
28/10/2021;05:28;2017-34215;-147.9277;-62.4494;
28/10/2021;07:41;2017-34215;-147.7217;-62.5505;
28/10/2021;15:32;2017-34215;-146.7884;-62.8376;
29/10/2021;03:56;2017-34215;-145.636;-62.4707;
29/10/2021;03:56;2017-34215;-146.3658;-62.8028;
29/10/2021;05:31;2017-34215;-145.3685;-62.4879;
29/10/2021;07:14;2017-34215;-145.1547;-62.5181;
30/10/2021;17:03;2017-34215;-144.5122;-61.9389;
30/10/2021;17:22;2017-34215;-143.3785;-61.7304;
30/10/2021;23:35;2017-34215;-142.5956;-61.8072;
31/10/2021;03:12;2017-34215;-142.6848;-61.8042;
31/10/2021;03:29;2017-34215;-142.4063;-61.8519;
31/10/2021;07:51;2017-34215;-142.4053;-61.8531;
31/10/2021;09:28;2017-34215;-142.3957;-61.8511;
31/10/2021;09:47;2017-34215;-142.3525;-61.8623;
31/10/2021;09:54;2017-34215;-142.3948;-61.8511;
31/10/2021;11:14;2017-34215;-142.192;-61.8692;
31/10/2021;11:49;2017-34215;-142.2302;-61.8399;
31/10/2021;13:03;2017-34215;-142.186;-61.8269;
31/10/2021;13:28;2017-34215;-142.1756;-61.8012;
31/10/2021;17:40;2017-34215;-141.8584;-61.7431;
31/10/2021;19:24;2017-34215;-141.8802;-61.8431;
01/11/2021;01:34;2017-34215;-141.5531;-61.8156;
01/11/2021;07:32;2017-34215;-141.6814;-61.8294;
01/11/2021;17:42;2017-34215;-141.0088;-61.7902;
02/11/2021;03:07;2017-34215;-140.3601;-61.744;
02/11/2021;03:28;2017-34215;-140.2312;-61.6219;
02/11/2021;13:49;2017-34215;-139.4696;-61.5643;
02/11/2021;13:51;2017-34215;-139.2424;-61.4512;
02/11/2021;15:33;2017-34215;-138.8863;-61.4243;
02/11/2021;15:33;2017-34215;-139.3415;-61.4224;
03/11/2021;01:21;2017-34215;-138.6899;-61.33;
03/11/2021;03:37;2017-34215;-138.4644;-61.2494;
03/11/2021;07:43;2017-34215;-138.1298;-61.215;
04/11/2021;03:07;2017-34215;-137.1489;-61.0643;
04/11/2021;05:45;2017-34215;-136.2002;-61.141;
04/11/2021;17:51;2017-34215;-133.9909;-61.1065;
05/11/2021;01:58;2017-34215;-133.8405;-61.4265;
05/11/2021;05:32;2017-34215;-133.2743;-61.4387;
06/11/2021;03:58;2017-34215;-129.5672;-61.8066;
06/11/2021;13:38;2017-34215;-129.7593;-62.1054;
06/11/2021;13:50;2017-34215;-130.7928;-61.8878;
06/11/2021;15:06;2017-34215;-130.7084;-61.8889;
06/11/2021;15:16;2017-34215;-130.8204;-61.8793;
06/11/2021;15:29;2017-34215;-130.8609;-61.8803;
12/11/2021;01:08;2017-34215;-117.5333;-63.2188;
12/11/2021;01:38;2017-34215;-122.528;-64.1587;
12/11/2021;03:09;2017-34215;-122.5564;-64.3679;
12/11/2021;05:19;2017-34215;-121.1519;-64.4891;
13/11/2021;01:07;2017-34215;-118.8913;-65.1316;
13/11/2021;09:02;2017-34215;-117.5835;-65.1957;
13/11/2021;15:51;2017-34215;-117.6174;-65.1901;
14/11/2021;03:48;2017-34215;-116.52;-65.457;
14/11/2021;09:09;2017-34215;-115.3203;-65.5892;
14/11/2021;09:36;2017-34215;-116.0472;-65.5109;
14/11/2021;13:49;2017-34215;-115.3647;-65.5678;
14/11/2021;15:54;2017-34215;-115.6736;-65.519;
15/11/2021;03:30;2017-34215;-115.7639;-65.5472;
15/11/2021;05:15;2017-34215;-114.289;-65.5954;
25/11/2021;09:15;2017-34215;-86.8631;-66.1413;
25/11/2021;13:18;2017-34215;-86.861;-66.1758;
26/11/2021;01:24;2017-34215;-86.8292;-66.1183;
26/11/2021;11:15;2017-34215;-86.1168;-66.3025;
27/11/2021;11:15;2017-34215;158.785994;-46.366811;out of domain 
12/08/2021;19:32;2017-34221;158.86539;-20.9397;
13/08/2021;19:57;2017-34221;158.89204;-21.08298;
14/08/2021;07:35;2017-34221;158.9938;-21.14636;
15/08/2021;05:08;2017-34221;159.0756;-21.34823;
17/08/2021;23:33;2017-34221;155.68592;-23.11992;
18/08/2021;23:33;2017-34221;158.785994;-46.366811;out of domain 
22/08/2021;09:15;2017-34222;158.7827;-19.4795;
22/08/2021;10:34;2017-34222;158.81;-19.4817;
22/08/2021;16:44;2017-34222;158.8799;-19.3548;
22/08/2021;18:46;2017-34222;158.7235;-19.3056;
22/08/2021;19:48;2017-34222;158.7088;-19.2978;
22/08/2021;19:50;2017-34222;158.7402;-19.2914;
22/08/2021;21:49;2017-34222;158.6949;-19.2792;
22/08/2021;23:26;2017-34222;158.6621;-19.2578;
23/08/2021;03:36;2017-34222;158.596;-19.2083;
23/08/2021;05:12;2017-34222;158.597;-19.1993;
23/08/2021;07:08;2017-34222;158.653;-19.2311;
23/08/2021;11:09;2017-34222;158.6892;-19.2691;
23/08/2021;19:55;2017-34222;158.6027;-19.2789;
23/08/2021;21:25;2017-34222;158.6451;-19.3314;
23/08/2021;23:04;2017-34222;158.6194;-19.4387;
24/08/2021;05:03;2017-34222;158.6048;-19.5904;
24/08/2021;11:34;2017-34222;158.4047;-19.755;
24/08/2021;19:34;2017-34222;158.3918;-19.802;
24/08/2021;21:07;2017-34222;158.4177;-19.8268;
25/08/2021;07:57;2017-34222;158.4071;-19.7936;
25/08/2021;09:41;2017-34222;158.3807;-19.796;
25/08/2021;11:16;2017-34222;158.3373;-19.9003;
25/08/2021;19:07;2017-34222;158.3586;-19.7252;
25/08/2021;19:18;2017-34222;158.3792;-19.6574;
25/08/2021;19:56;2017-34222;158.3584;-19.6231;
25/08/2021;23:21;2017-34222;158.3226;-19.5706;
26/08/2021;07:01;2017-34222;158.4981;-19.4965;
26/08/2021;07:35;2017-34222;158.495;-19.4764;
26/08/2021;09:29;2017-34222;158.4926;-19.4426;
26/08/2021;15:57;2017-34222;158.5618;-19.3233;
26/08/2021;19:22;2017-34222;158.5704;-19.2539;
27/08/2021;09:24;2017-34222;158.5902;-19.2366;
27/08/2021;15:44;2017-34222;158.8727;-19.4347;
27/08/2021;17:24;2017-34222;158.8941;-19.4562;
27/08/2021;21:47;2017-34222;158.9399;-19.4728;
27/08/2021;23:22;2017-34222;159.0165;-19.5066;
28/08/2021;07:26;2017-34222;159.1335;-19.8333;
28/08/2021;07:40;2017-34222;158.9071;-19.8725;
28/08/2021;09:11;2017-34222;158.9442;-19.893;
28/08/2021;11:09;2017-34222;158.974;-19.9138;
28/08/2021;11:56;2017-34222;158.9836;-19.93;
28/08/2021;15:36;2017-34222;158.9436;-20.0549;
28/08/2021;17:10;2017-34222;158.9467;-20.0358;
28/08/2021;19:34;2017-34222;158.9744;-20.0695;
28/08/2021;19:57;2017-34222;158.9671;-20.0676;
28/08/2021;21:22;2017-34222;158.9735;-20.1474;
28/08/2021;23:03;2017-34222;158.9704;-20.2003;
28/08/2021;23:54;2017-34222;158.9851;-20.2235;
29/08/2021;05:46;2017-34222;158.9473;-20.4907;
29/08/2021;05:46;2017-34222;158.9473;-20.4907;
29/08/2021;07:09;2017-34222;158.9544;-20.5283;
29/08/2021;09:01;2017-34222;158.9514;-20.5467;
29/08/2021;09:52;2017-34222;158.9558;-20.566;
29/08/2021;11:33;2017-34222;158.9538;-20.6395;
29/08/2021;19:28;2017-34222;158.8955;-20.7748;
29/08/2021;21:00;2017-34222;158.8943;-20.8097;
29/08/2021;21:50;2017-34222;158.8911;-20.8382;
30/08/2021;05:34;2017-34222;158.938;-21.0068;
30/08/2021;07:39;2017-34222;158.9427;-21.0643;
30/08/2021;19:00;2017-34222;158.9439;-21.1723;
30/08/2021;19:58;2017-34222;158.9478;-21.2195;
30/08/2021;23:12;2017-34222;158.9684;-21.2843;
31/08/2021;03:43;2017-34222;158.8972;-21.4093;
31/08/2021;05:22;2017-34222;158.8906;-21.4397;
31/08/2021;07:12;2017-34222;158.9236;-21.4628;
31/08/2021;19:47;2017-34222;158.861;-21.4004;
31/08/2021;21:27;2017-34222;158.8756;-21.4096;
31/08/2021;21:59;2017-34222;158.8865;-21.4357;
31/08/2021;23:40;2017-34222;158.8767;-21.5093;
01/09/2021;03:32;2017-34222;158.8821;-21.6074;
01/09/2021;05:09;2017-34222;158.8775;-21.636;
01/09/2021;07:16;2017-34222;158.8676;-21.5491;
01/09/2021;11:26;2017-34222;158.9289;-21.4781;
01/09/2021;19:42;2017-34222;159.0963;-21.4798;
01/09/2021;21:15;2017-34222;159.0959;-21.4915;
01/09/2021;21:40;2017-34222;159.2498;-21.5986;
01/09/2021;23:20;2017-34222;159.3242;-21.593;
02/09/2021;11:53;2017-34222;159.4154;-21.8298;
02/09/2021;19:06;2017-34222;159.421;-21.8523;
02/09/2021;19:09;2017-34222;159.4553;-21.8548;
02/09/2021;21:05;2017-34222;159.4862;-21.8669;
02/09/2021;21:21;2017-34222;159.4789;-21.8627;
03/09/2021;11:26;2017-34222;159.4493;-21.8342;
04/09/2021;07:09;2017-34222;159.6682;-21.8579;
04/09/2021;09:25;2017-34222;159.5042;-21.8246;
04/09/2021;11:12;2017-34222;159.5911;-21.8011;
04/09/2021;15:54;2017-34222;159.623;-21.7815;
04/09/2021;19:03;2017-34222;159.6423;-21.769;
04/09/2021;19:41;2017-34222;159.5733;-21.7485;
04/09/2021;19:57;2017-34222;159.5849;-21.7383;
04/09/2021;23:15;2017-34222;159.5523;-21.7089;
05/09/2021;07:38;2017-34222;159.574;-21.7299;
05/09/2021;09:18;2017-34222;159.5596;-21.7268;
05/09/2021;15:46;2017-34222;159.4413;-21.6231;
05/09/2021;17:22;2017-34222;159.5762;-21.7479;
05/09/2021;21:55;2017-34222;159.6073;-21.7857;
05/09/2021;23:37;2017-34222;159.6369;-21.8005;
06/09/2021;07:24;2017-34222;159.7043;-21.7355;
06/09/2021;07:57;2017-34222;159.7009;-21.7073;
06/09/2021;07:57;2017-34222;159.6824;-21.6468;
06/09/2021;09:02;2017-34222;159.5871;-21.5995;
06/09/2021;17:12;2017-34222;159.5588;-21.5373;
07/09/2021;05:43;2017-34222;159.5852;-21.6208;
07/09/2021;07:36;2017-34222;159.5846;-21.6444;
07/09/2021;11:45;2017-34222;159.5967;-21.7147;
07/09/2021;19:49;2017-34222;159.437;-21.7998;
08/09/2021;03:52;2017-34222;159.3418;-21.7995;
08/09/2021;05:30;2017-34222;159.3269;-21.8006;
08/09/2021;09:42;2017-34222;159.2965;-21.8405;
08/09/2021;11:24;2017-34222;159.2705;-21.8647;
08/09/2021;19:20;2017-34222;159.2824;-21.8837;
08/09/2021;19:58;2017-34222;159.3206;-21.8815;
08/09/2021;19:58;2017-34222;159.3411;-21.886;
09/09/2021;03:37;2017-34222;159.4388;-21.8521;
09/09/2021;05:20;2017-34222;159.5228;-21.8409;
09/09/2021;11:04;2017-34222;159.6143;-21.816;
09/09/2021;19:36;2017-34222;159.6431;-21.861;
09/09/2021;23:10;2017-34222;159.5498;-21.8479;
10/09/2021;07:35;2017-34222;159.5805;-21.7715;
10/09/2021;07:56;2017-34222;159.512;-21.7452;
10/09/2021;09:38;2017-34222;159.5463;-21.7493;
10/09/2021;19:13;2017-34222;159.6612;-21.7657;
10/09/2021;19:33;2017-34222;159.5726;-21.7491;
10/09/2021;21:11;2017-34222;159.5882;-21.745;
10/09/2021;21:53;2017-34222;159.6077;-21.7651;
10/09/2021;23:36;2017-34222;159.638;-21.7747;
11/09/2021;07:05;2017-34222;159.5419;-21.9037;
11/09/2021;07:34;2017-34222;159.5547;-21.8933;
11/09/2021;09:10;2017-34222;159.5535;-21.9198;
11/09/2021;19:28;2017-34222;159.4441;-21.9324;
11/09/2021;21:03;2017-34222;159.4383;-21.9852;
11/09/2021;23:10;2017-34222;159.4149;-22.1755;
12/09/2021;07:10;2017-34222;159.3132;-22.4492;
12/09/2021;09:34;2017-34222;159.2527;-22.4619;
12/09/2021;09:58;2017-34222;159.2364;-22.3597;
12/09/2021;11:40;2017-34222;159.1356;-22.4041;
12/09/2021;17:40;2017-34222;159.0238;-22.5333;
12/09/2021;19:56;2017-34222;159.0282;-22.6347;
13/09/2021;07:40;2017-34222;159.0633;-22.5785;
13/09/2021;07:41;2017-34222;159.231;-22.6721;
13/09/2021;09:28;2017-34222;159.2061;-22.7153;
13/09/2021;15:49;2017-34222;159.2861;-22.938;
13/09/2021;17:30;2017-34222;159.2988;-23.0122;
13/09/2021;19:35;2017-34222;159.3802;-23.1043;
13/09/2021;19:59;2017-34222;159.3109;-23.1294;
14/09/2021;07:09;2017-34222;159.3222;-23.5998;
14/09/2021;07:57;2017-34222;159.3291;-23.6315;
14/09/2021;09:14;2017-34222;159.3378;-23.6859;
14/09/2021;17:15;2017-34222;159.4536;-24.01;
14/09/2021;19:12;2017-34222;159.4686;-24.0846;
14/09/2021;19:35;2017-34222;159.4685;-24.1063;
14/09/2021;21:09;2017-34222;159.4586;-24.1205;
15/09/2021;05:50;2017-34222;159.5171;-24.1463;
15/09/2021;07:30;2017-34222;159.5347;-24.1883;
15/09/2021;09:02;2017-34222;159.5468;-24.2216;
15/09/2021;11:32;2017-34222;159.5131;-24.1617;
15/09/2021;19:00;2017-34222;159.5001;-24.1487;
15/09/2021;21:49;2017-34222;159.4951;-24.1561;
15/09/2021;23:31;2017-34222;159.5288;-24.1544;
16/09/2021;05:42;2017-34222;159.5851;-24.1436;
16/09/2021;07:43;2017-34222;159.5341;-24.1481;
16/09/2021;11:10;2017-34222;159.5131;-24.168;
16/09/2021;15:21;2017-34222;159.5089;-24.1863;
16/09/2021;21:28;2017-34222;159.4714;-24.1925;
17/09/2021;07:19;2017-34222;159.4748;-24.1282;
17/09/2021;11:37;2017-34222;159.4429;-24.1396;
17/09/2021;19:39;2017-34222;159.4151;-24.1466;
17/09/2021;19:55;2017-34222;159.5336;-24.1523;
18/09/2021;05:12;2017-34222;159.4982;-24.1609;
18/09/2021;07:56;2017-34222;159.5053;-24.1519;
18/09/2021;11:19;2017-34222;159.3861;-24.1208;
18/09/2021;19:06;2017-34222;159.4356;-24.1979;
18/09/2021;19:13;2017-34222;159.4649;-24.1821;
19/09/2021;07:32;2017-34222;159.4084;-24.1855;
19/09/2021;09:10;2017-34222;159.3808;-24.2137;
19/09/2021;19:34;2017-34222;159.5233;-24.1697;
20/09/2021;07:08;2017-34222;159.4968;-24.3481;
20/09/2021;07:59;2017-34222;159.5334;-24.3517;
20/09/2021;19:20;2017-34222;159.7162;-24.3346;
20/09/2021;19:45;2017-34222;159.5376;-24.144;
20/09/2021;21:45;2017-34222;159.5371;-24.1321;
20/09/2021;23:27;2017-34222;159.4997;-24.1229;
21/09/2021;07:51;2017-34222;159.4586;-24.0576;
21/09/2021;09:32;2017-34222;159.4338;-24.0666;
21/09/2021;15:58;2017-34222;159.4484;-24.1474;
21/09/2021;19:13;2017-34222;159.4518;-24.1816;
21/09/2021;19:33;2017-34222;159.4496;-24.1802;
21/09/2021;23:09;2017-34222;159.4371;-24.1265;
22/09/2021;07:58;2017-34222;159.4268;-24.1386;
22/09/2021;09:18;2017-34222;159.4475;-24.1492;
22/09/2021;11:34;2017-34222;159.4499;-24.1529;
22/09/2021;15:47;2017-34222;159.4531;-24.1756;
22/09/2021;19:12;2017-34222;159.3866;-24.1201;
23/09/2021;05:51;2017-34222;159.3714;-24.0338;
23/09/2021;07:30;2017-34222;159.509;-24.034;
23/09/2021;09:05;2017-34222;159.5813;-24.0537;
23/09/2021;11:11;2017-34222;159.6386;-24.1081;
23/09/2021;19:47;2017-34222;159.8223;-24.1573;
24/09/2021;05:47;2017-34222;159.4594;-24.5171;
24/09/2021;07:00;2017-34222;159.4935;-24.5632;
24/09/2021;07:09;2017-34222;159.4949;-24.5667;
24/09/2021;17:07;2017-34222;159.5791;-24.9213;
24/09/2021;19:18;2017-34222;159.5751;-24.9906;
25/09/2021;19:18;2017-34222;158.785994;-46.366811;out of domain 
17/08/2021;10:42;2017-34223;158.5666;-19.4154;
17/08/2021;15:54;2017-34223;158.5094;-19.3343;
17/08/2021;17:38;2017-34223;158.4942;-19.3355;
17/08/2021;19:14;2017-34223;158.4903;-19.3338;
17/08/2021;20:45;2017-34223;158.4897;-19.3542;
17/08/2021;20:45;2017-34223;158.4952;-19.3607;
17/08/2021;20:45;2017-34223;158.4951;-19.3608;
17/08/2021;23:30;2017-34223;158.5131;-19.3936;
18/08/2021;07:38;2017-34223;158.567;-19.4798;
18/08/2021;07:48;2017-34223;158.5045;-19.4296;
18/08/2021;07:48;2017-34223;158.5121;-19.4778;
18/08/2021;09:13;2017-34223;158.5257;-19.5033;
18/08/2021;15:50;2017-34223;158.5675;-19.6172;
18/08/2021;17:32;2017-34223;158.6206;-19.6565;
18/08/2021;19:01;2017-34223;158.7175;-19.6294;
18/08/2021;21:33;2017-34223;158.7539;-19.6112;
18/08/2021;23:09;2017-34223;158.5595;-19.4925;
19/08/2021;07:12;2017-34223;158.5751;-19.215;
19/08/2021;07:14;2017-34223;158.457;-19.3578;
19/08/2021;09:15;2017-34223;158.454;-19.2414;
19/08/2021;11:39;2017-34223;158.7291;-19.2589;
19/08/2021;15:33;2017-34223;158.8354;-19.2043;
19/08/2021;17:15;2017-34223;158.8583;-19.2123;
20/08/2021;05:50;2017-34223;159.1453;-19.2228;
20/08/2021;07:23;2017-34223;158.9513;-19.2892;
20/08/2021;11:24;2017-34223;158.796;-19.4443;
20/08/2021;15:27;2017-34223;158.7652;-19.4823;
20/08/2021;17:00;2017-34223;158.762;-19.4956;
20/08/2021;19:36;2017-34223;158.7872;-19.4858;
20/08/2021;21:39;2017-34223;158.7396;-19.5185;
21/08/2021;07:58;2017-34223;158.7673;-19.4512;
21/08/2021;07:58;2017-34223;158.777;-19.4678;
21/08/2021;15:10;2017-34223;158.7391;-19.4928;
21/08/2021;19:15;2017-34223;158.6393;-19.4612;
22/08/2021;05:26;2017-34223;158.5209;-19.3739;
22/08/2021;05:26;2017-34223;158.5209;-19.3739;
22/08/2021;07:28;2017-34223;158.496;-19.3741;
22/08/2021;07:35;2017-34223;158.5099;-19.3762;
22/08/2021;09:11;2017-34223;158.4955;-19.3757;
22/08/2021;21:34;2017-34223;158.3665;-19.3467;
22/08/2021;21:43;2017-34223;158.3923;-19.3346;
22/08/2021;23:22;2017-34223;158.3753;-19.332;
23/08/2021;23:22;2017-34223;158.785994;-46.366811;out of domain 
22/08/2021;10:35;2017-34226;158.5833;-19.3166;
22/08/2021;16:42;2017-34226;158.5839;-19.3164;
22/08/2021;18:12;2017-34226;158.5806;-19.3154;
22/08/2021;18:39;2017-34226;158.5671;-19.2955;
22/08/2021;19:49;2017-34226;158.5767;-19.3083;
22/08/2021;19:56;2017-34226;158.4988;-19.3298;
22/08/2021;21:46;2017-34226;158.4504;-19.314;
22/08/2021;23:24;2017-34226;158.4759;-19.3749;
23/08/2021;07:10;2017-34226;158.3938;-19.5272;
23/08/2021;11:13;2017-34226;158.3557;-19.5637;
23/08/2021;11:56;2017-34226;158.3862;-19.6858;
23/08/2021;19:18;2017-34226;159.1138;-19.8638;
23/08/2021;19:40;2017-34226;159.1079;-19.8699;
23/08/2021;19:56;2017-34226;158.6333;-19.9352;
23/08/2021;21:19;2017-34226;159.008;-19.9546;
23/08/2021;23:09;2017-34226;158.5409;-20.0516;
24/08/2021;05:10;2017-34226;158.6833;-20.3609;
24/08/2021;11:41;2017-34226;158.7988;-20.6039;
24/08/2021;19:30;2017-34226;158.8371;-20.7164;
24/08/2021;19:31;2017-34226;158.7195;-20.6473;
24/08/2021;21:06;2017-34226;158.7114;-20.6888;
25/08/2021;07:30;2017-34226;158.8606;-20.9687;
25/08/2021;09:46;2017-34226;158.8816;-21.0468;
25/08/2021;11:12;2017-34226;158.8986;-21.0022;
25/08/2021;19:13;2017-34226;158.9041;-21.2276;
25/08/2021;19:52;2017-34226;158.8758;-21.1197;
26/08/2021;15:56;2017-34226;158.9104;-21.0717;
26/08/2021;17:35;2017-34226;158.9445;-21.114;
26/08/2021;19:06;2017-34226;158.8842;-21.0855;
26/08/2021;19:21;2017-34226;158.8683;-21.047;
27/08/2021;09:25;2017-34226;158.7624;-21.0668;
27/08/2021;15:41;2017-34226;158.8385;-21.2758;
27/08/2021;17:28;2017-34226;158.9799;-21.2843;
27/08/2021;19:59;2017-34226;159.2156;-21.2622;
27/08/2021;21:41;2017-34226;159.2144;-21.2557;
27/08/2021;23:23;2017-34226;159.1805;-21.2506;
28/08/2021;05:56;2017-34226;159.44;-21.3573;
28/08/2021;07:37;2017-34226;159.2427;-21.5689;
28/08/2021;09:09;2017-34226;159.2244;-21.6121;
28/08/2021;17:09;2017-34226;159.4377;-21.6338;
28/08/2021;19:33;2017-34226;159.4374;-21.6555;
28/08/2021;19:59;2017-34226;159.4309;-21.6915;
29/08/2021;05:44;2017-34226;159.4742;-21.7618;
29/08/2021;07:04;2017-34226;159.5175;-21.8016;
29/08/2021;07:56;2017-34226;159.4838;-21.833;
29/08/2021;09:50;2017-34226;159.4917;-21.8618;
29/08/2021;15:24;2017-34226;159.3286;-21.7669;
29/08/2021;17:04;2017-34226;159.2953;-21.7804;
29/08/2021;19:10;2017-34226;159.3086;-21.7208;
29/08/2021;21:00;2017-34226;159.2835;-21.7191;
30/08/2021;03:53;2017-34226;159.2225;-21.5291;
30/08/2021;05:38;2017-34226;159.0415;-21.5274;
30/08/2021;07:39;2017-34226;158.9087;-21.3688;
30/08/2021;09:28;2017-34226;158.8518;-21.3141;
30/08/2021;11:13;2017-34226;158.7976;-21.2653;
30/08/2021;19:02;2017-34226;158.6556;-21.0976;
30/08/2021;19:56;2017-34226;158.6526;-21.119;
30/08/2021;23:20;2017-34226;158.583;-21.061;
30/08/2021;23:59;2017-34226;158.62;-21.0712;
31/08/2021;03:45;2017-34226;158.554;-20.9633;
31/08/2021;19:47;2017-34226;158.567;-20.9841;
31/08/2021;19:58;2017-34226;158.6243;-20.8817;
31/08/2021;23:37;2017-34226;158.5368;-21.0317;
01/09/2021;03:32;2017-34226;158.503;-21.0074;
01/09/2021;11:19;2017-34226;158.6273;-21.0638;
01/09/2021;19:37;2017-34226;158.637;-20.9897;
01/09/2021;19:39;2017-34226;158.647;-20.7467;
01/09/2021;19:40;2017-34226;158.5495;-21.0178;
01/09/2021;21:14;2017-34226;158.4643;-20.7709;
01/09/2021;21:23;2017-34226;158.4565;-20.7664;
01/09/2021;21:44;2017-34226;158.4681;-20.7582;
01/09/2021;23:24;2017-34226;158.4595;-20.7514;
02/09/2021;05:00;2017-34226;158.3914;-20.5559;
02/09/2021;11:01;2017-34226;158.3594;-20.549;
02/09/2021;11:45;2017-34226;158.4557;-20.4785;
02/09/2021;17:59;2017-34226;158.9269;-20.3592;
02/09/2021;19:05;2017-34226;158.9258;-20.4502;
02/09/2021;19:13;2017-34226;158.9061;-20.4597;
02/09/2021;19:26;2017-34226;158.9152;-20.459;
03/09/2021;07:31;2017-34226;159.2387;-20.5266;
03/09/2021;07:57;2017-34226;158.8096;-20.3733;
03/09/2021;09:14;2017-34226;158.7498;-20.3931;
03/09/2021;09:37;2017-34226;158.7509;-20.3949;
03/09/2021;09:52;2017-34226;158.7511;-20.3952;
03/09/2021;11:31;2017-34226;158.7534;-20.3997;
03/09/2021;19:14;2017-34226;158.7607;-20.4261;
03/09/2021;21:01;2017-34226;158.7554;-20.4253;
04/09/2021;11:05;2017-34226;158.7137;-20.2885;
04/09/2021;17:28;2017-34226;158.6805;-20.2958;
04/09/2021;19:48;2017-34226;158.629;-20.3246;
04/09/2021;19:59;2017-34226;158.6237;-20.4493;
04/09/2021;21:21;2017-34226;158.6725;-20.3675;
05/09/2021;15:44;2017-34226;158.6646;-20.6812;
05/09/2021;19:11;2017-34226;158.6315;-20.7267;
05/09/2021;19:37;2017-34226;158.7423;-20.7972;
05/09/2021;21:59;2017-34226;158.79;-20.8284;
06/09/2021;07:55;2017-34226;158.769;-20.8302;
06/09/2021;07:56;2017-34226;158.8508;-21.0997;
06/09/2021;09:05;2017-34226;159.1012;-21.3342;
06/09/2021;11:20;2017-34226;159.2705;-21.5417;
06/09/2021;15:33;2017-34226;159.3847;-21.6893;
06/09/2021;17:04;2017-34226;159.4483;-21.7486;
06/09/2021;19:07;2017-34226;159.4268;-21.8003;
06/09/2021;21:34;2017-34226;159.3936;-21.8747;
06/09/2021;23:11;2017-34226;159.4046;-21.9298;
07/09/2021;05:43;2017-34226;159.0593;-22.1075;
07/09/2021;07:34;2017-34226;159.039;-22.174;
07/09/2021;17:02;2017-34226;158.9459;-22.4401;
07/09/2021;19:46;2017-34226;158.9232;-22.5134;
07/09/2021;21:15;2017-34226;158.8562;-22.577;
08/09/2021;03:51;2017-34226;158.7188;-22.7895;
08/09/2021;05:27;2017-34226;158.6754;-22.8539;
08/09/2021;07:00;2017-34226;158.6486;-22.9022;
08/09/2021;07:08;2017-34226;158.5645;-22.9755;
08/09/2021;11:30;2017-34226;158.6604;-23.1829;
08/09/2021;19:15;2017-34226;159.0902;-23.5988;
08/09/2021;19:59;2017-34226;159.0691;-23.7258;
08/09/2021;19:59;2017-34226;159.0688;-23.7252;
08/09/2021;21:01;2017-34226;159.0675;-23.8091;
08/09/2021;21:40;2017-34226;159.0664;-23.8471;
09/09/2021;05:26;2017-34226;159.0538;-24.4477;
09/09/2021;11:00;2017-34226;159.0555;-24.1591;
09/09/2021;23:51;2017-34226;159.2686;-24.5222;
10/09/2021;05:13;2017-34226;159.3711;-24.2042;
10/09/2021;05:59;2017-34226;159.5371;-24.157;
10/09/2021;07:29;2017-34226;159.5417;-24.1613;
10/09/2021;07:58;2017-34226;159.5391;-24.1528;
10/09/2021;11:33;2017-34226;159.6918;-24.1164;
10/09/2021;19:55;2017-34226;159.6236;-24.1127;
10/09/2021;21:11;2017-34226;159.5814;-24.1409;
11/09/2021;05:25;2017-34226;159.5597;-24.1886;
11/09/2021;07:03;2017-34226;159.5589;-24.1891;
11/09/2021;07:33;2017-34226;159.5771;-24.1872;
11/09/2021;09:47;2017-34226;159.5881;-24.1968;
11/09/2021;17:50;2017-34226;159.6295;-24.2257;
11/09/2021;19:25;2017-34226;159.5679;-24.135;
11/09/2021;19:26;2017-34226;159.4786;-24.1309;
11/09/2021;21:02;2017-34226;159.4688;-24.122;
11/09/2021;21:02;2017-34226;159.4772;-24.1441;
11/09/2021;23:14;2017-34226;159.4966;-24.1633;
12/09/2021;07:52;2017-34226;159.4908;-24.1216;
12/09/2021;19:09;2017-34226;159.4847;-24.0286;
12/09/2021;19:58;2017-34226;159.5226;-24.0599;
13/09/2021;09:19;2017-34226;159.5865;-24.0575;
13/09/2021;11:22;2017-34226;159.4912;-24.1405;
13/09/2021;15:47;2017-34226;159.4636;-24.2009;
13/09/2021;17:26;2017-34226;159.4404;-24.186;
13/09/2021;17:54;2017-34226;159.3973;-24.184;
13/09/2021;19:00;2017-34226;159.3905;-24.1892;
13/09/2021;19:36;2017-34226;159.3911;-24.1518;
14/09/2021;07:09;2017-34226;159.3318;-24.0229;
14/09/2021;09:09;2017-34226;159.3862;-24.0285;
14/09/2021;09:38;2017-34226;159.4114;-23.999;
14/09/2021;15:37;2017-34226;159.5006;-24.0611;
14/09/2021;17:21;2017-34226;159.5091;-24.0525;
14/09/2021;19:15;2017-34226;159.4547;-23.9943;
15/09/2021;05:49;2017-34226;159.4366;-23.8833;
15/09/2021;07:22;2017-34226;159.4215;-23.8804;
15/09/2021;07:35;2017-34226;159.3677;-24.0142;
15/09/2021;15:25;2017-34226;159.4168;-24.0617;
15/09/2021;21:46;2017-34226;159.5042;-23.8373;
15/09/2021;23:32;2017-34226;159.474;-24.7052;
16/09/2021;05:40;2017-34226;159.5017;-24.8445;
16/09/2021;07:11;2017-34226;159.4993;-24.9857;
16/09/2021;11:10;2017-34226;159.528;-24.9729;
16/09/2021;15:19;2017-34226;159.5617;-25.1679;
16/09/2021;21:28;2017-34226;159.567;-25.2568;
16/09/2021;21:43;2017-34226;159.6688;-25.2592;
17/09/2021;03:46;2017-34226;159.701;-25.2906;
17/09/2021;05:24;2017-34226;159.6838;-25.2128;
17/09/2021;05:34;2017-34226;159.6803;-25.2147;
17/09/2021;07:20;2017-34226;159.6639;-25.2491;
17/09/2021;09:51;2017-34226;159.666;-25.2559;
17/09/2021;11:35;2017-34226;159.6556;-25.262;
17/09/2021;15:01;2017-34226;159.6506;-25.2867;
17/09/2021;17:58;2017-34226;159.6464;-25.3216;
17/09/2021;17:59;2017-34226;159.6555;-25.3307;
17/09/2021;19:32;2017-34226;159.6622;-25.3536;
17/09/2021;19:32;2017-34226;159.6267;-25.3831;
17/09/2021;19:53;2017-34226;159.5689;-25.3966;
17/09/2021;21:11;2017-34226;159.5687;-25.4133;
17/09/2021;21:32;2017-34226;159.5672;-25.4176;
18/09/2021;03:33;2017-34226;159.5667;-25.5193;
18/09/2021;05:16;2017-34226;159.6853;-25.6477;
18/09/2021;07:55;2017-34226;159.7003;-25.6067;
18/09/2021;11:17;2017-34226;159.761;-25.6536;
18/09/2021;19:06;2017-34226;159.6543;-25.5968;
18/09/2021;19:06;2017-34226;159.6989;-25.5793;
18/09/2021;19:38;2017-34226;159.6519;-25.5977;
18/09/2021;23:27;2017-34226;159.6638;-25.6228;
19/09/2021;05:05;2017-34226;159.6038;-25.8598;
19/09/2021;07:34;2017-34226;159.2847;-26.0161;
19/09/2021;07:56;2017-34226;159.3595;-26.0153;
19/09/2021;09:51;2017-34226;159.264;-26.0545;
19/09/2021;19:31;2017-34226;159.325;-26.5675;
19/09/2021;21:06;2017-34226;159.3523;-26.6263;
19/09/2021;23:50;2017-34226;159.3642;-26.6526;
20/09/2021;07:11;2017-34226;159.3429;-26.9281;
20/09/2021;07:24;2017-34226;159.3792;-26.7148;
20/09/2021;19:21;2017-34226;159.4311;-26.9855;
20/09/2021;19:47;2017-34226;159.3902;-26.8336;
20/09/2021;21:01;2017-34226;159.3554;-26.8811;
20/09/2021;21:48;2017-34226;159.34;-26.9058;
21/09/2021;07:51;2017-34226;159.2275;-27.2603;
21/09/2021;09:27;2017-34226;159.1569;-27.4447;
21/09/2021;15:56;2017-34226;159.0327;-27.6692;
21/09/2021;19:06;2017-34226;158.8877;-27.7979;
21/09/2021;19:12;2017-34226;158.882;-27.8023;
21/09/2021;19:39;2017-34226;158.8731;-27.8181;
21/09/2021;21:26;2017-34226;158.8063;-27.8944;
21/09/2021;23:02;2017-34226;158.7563;-27.9541;
22/09/2021;07:39;2017-34226;158.4298;-28.2341;
22/09/2021;07:55;2017-34226;158.4222;-28.1421;
22/09/2021;07:58;2017-34226;158.4827;-28.1574;
22/09/2021;09:20;2017-34226;158.4292;-28.2087;
22/09/2021;09:49;2017-34226;158.4227;-28.2078;
22/09/2021;11:34;2017-34226;158.3691;-28.2399;
22/09/2021;15:54;2017-34226;158.2219;-28.3823;
22/09/2021;17:25;2017-34226;158.2064;-28.3613;
22/09/2021;19:10;2017-34226;158.1448;-28.4305;
22/09/2021;21:06;2017-34226;158.0675;-28.4562;
23/09/2021;05:52;2017-34226;157.7105;-28.7284;
23/09/2021;05:57;2017-34226;157.8607;-28.6104;
23/09/2021;07:30;2017-34226;157.4146;-28.7035;
23/09/2021;07:31;2017-34226;157.4052;-28.7001;
23/09/2021;11:14;2017-34226;156.9896;-28.8465;
23/09/2021;15:37;2017-34226;157.0779;-28.8729;
23/09/2021;17:13;2017-34226;156.9612;-28.9275;
23/09/2021;19:50;2017-34226;156.7435;-29.1007;
23/09/2021;21:25;2017-34226;156.6879;-29.1612;
24/09/2021;05:49;2017-34226;156.2862;-29.495;
24/09/2021;07:02;2017-34226;156.2093;-29.5552;
24/09/2021;07:04;2017-34226;156.2069;-29.5567;
24/09/2021;17:01;2017-34226;156.2386;-30.2588;
24/09/2021;19:22;2017-34226;156.1401;-30.3827;
24/09/2021;21:59;2017-34226;156.0549;-30.5496;
24/09/2021;23:48;2017-34226;156.0353;-30.6017;
25/09/2021;05:40;2017-34226;155.7371;-30.9938;
25/09/2021;11:23;2017-34226;155.6882;-31.031;
25/09/2021;15:12;2017-34226;155.6572;-31.1858;
25/09/2021;19:41;2017-34226;155.5951;-31.2413;
25/09/2021;21:41;2017-34226;155.4423;-31.2605;
25/09/2021;21:41;2017-34226;155.324;-31.2623;
25/09/2021;23:25;2017-34226;155.2465;-31.3262;
26/09/2021;05:26;2017-34226;154.828;-31.4958;
26/09/2021;07:41;2017-34226;154.6992;-31.5159;
26/09/2021;07:55;2017-34226;154.7083;-31.4799;
26/09/2021;09:37;2017-34226;154.5389;-31.5354;
26/09/2021;11:03;2017-34226;154.4693;-31.5287;
26/09/2021;11:51;2017-34226;154.4408;-31.5768;
26/09/2021;19:12;2017-34226;154.1124;-31.7894;
26/09/2021;19:50;2017-34226;154.0733;-31.8114;
26/09/2021;19:53;2017-34226;154.0819;-31.8293;
26/09/2021;21:22;2017-34226;153.9553;-31.8905;
26/09/2021;21:33;2017-34226;153.963;-31.8803;
26/09/2021;23:07;2017-34226;153.8221;-31.984;
27/09/2021;05:13;2017-34226;153.3756;-32.2857;
27/09/2021;07:32;2017-34226;153.0817;-32.4412;
27/09/2021;11:31;2017-34226;152.8161;-32.7633;
27/09/2021;13:07;2017-34226;152.6773;-32.8514;
27/09/2021;21:25;2017-34226;152.7604;-32.7453;
27/09/2021;21:58;2017-34226;152.5767;-32.8063;
27/09/2021;23:39;2017-34226;152.4171;-32.851;
28/09/2021;05:01;2017-34226;151.6826;-32.9765;
28/09/2021;07:09;2017-34226;152.0973;-32.8775;
28/09/2021;09:40;2017-34226;151.9177;-32.8559;
28/09/2021;11:11;2017-34226;152.8648;-33.7139;
28/09/2021;19:26;2017-34226;152.7048;-32.9719;
28/09/2021;19:59;2017-34226;152.6081;-32.906;
28/09/2021;21:08;2017-34226;151.763;-33.0273;
29/09/2021;07:45;2017-34226;151.6555;-33.1709;
29/09/2021;09:25;2017-34226;151.6508;-33.1822;
29/09/2021;09:35;2017-34226;151.6599;-33.2143;
29/09/2021;11:43;2017-34226;151.6672;-33.2522;
29/09/2021;17:49;2017-34226;151.572;-33.4456;
29/09/2021;19:16;2017-34226;151.5638;-33.4716;
29/09/2021;19:39;2017-34226;151.5166;-33.5071;
29/09/2021;19:58;2017-34226;151.5421;-33.5048;
29/09/2021;21:15;2017-34226;151.4805;-33.5503;
29/09/2021;21:38;2017-34226;151.4804;-33.5498;
29/09/2021;23:00;2017-34226;151.4512;-33.5854;
29/09/2021;23:47;2017-34226;151.4401;-33.6264;
30/09/2021;07:13;2017-34226;151.3224;-33.8077;
30/09/2021;07:56;2017-34226;151.3191;-33.8273;
30/09/2021;09:20;2017-34226;151.3201;-33.8644;
30/09/2021;09:39;2017-34226;151.2926;-33.8729;
30/09/2021;15:54;2017-34226;151.1789;-34.0738;
30/09/2021;19:28;2017-34226;151.2227;-34.1497;
30/09/2021;21:12;2017-34226;151.1993;-34.2052;
30/09/2021;23:22;2017-34226;151.1505;-34.1812;
01/10/2021;07:33;2017-34226;151.0017;-34.3477;
01/10/2021;09:11;2017-34226;150.9516;-34.3491;
01/10/2021;09:11;2017-34226;150.9471;-34.3483;
01/10/2021;09:11;2017-34226;150.9471;-34.3483;
01/10/2021;11:42;2017-34226;150.9424;-34.4159;
01/10/2021;13:25;2017-34226;150.9178;-34.4577;
01/10/2021;17:27;2017-34226;150.8837;-34.517;
01/10/2021;23:04;2017-34226;150.8099;-34.706;
02/10/2021;05:57;2017-34226;150.7429;-34.9103;
02/10/2021;07:37;2017-34226;150.7218;-34.9552;
02/10/2021;07:49;2017-34226;150.7395;-34.9325;
02/10/2021;09:02;2017-34226;150.7383;-34.9927;
02/10/2021;11:22;2017-34226;150.8671;-35.0535;
02/10/2021;17:15;2017-34226;150.9207;-35.2393;
02/10/2021;21:07;2017-34226;150.9265;-35.3074;
02/10/2021;21:47;2017-34226;150.8419;-35.213;
03/10/2021;05:46;2017-34226;150.57;-35.2344;
03/10/2021;07:20;2017-34226;150.4424;-35.2954;
03/10/2021;07:21;2017-34226;150.5037;-35.3073;
03/10/2021;09:03;2017-34226;150.4398;-35.344;
03/10/2021;11:02;2017-34226;150.3481;-35.4241;
03/10/2021;17:02;2017-34226;150.1153;-35.5685;
03/10/2021;19:31;2017-34226;150.2402;-35.4906;
03/10/2021;19:41;2017-34226;150.2534;-35.4852;
03/10/2021;21:13;2017-34226;150.3884;-35.6745;
03/10/2021;21:17;2017-34226;150.4169;-35.7166;
04/10/2021;05:35;2017-34226;150.7243;-36.0009;
04/10/2021;07:14;2017-34226;150.7731;-36.0713;
04/10/2021;07:54;2017-34226;150.7037;-36.0881;
04/10/2021;09:35;2017-34226;150.4385;-35.93;
04/10/2021;11:36;2017-34226;150.3428;-36.0296;
05/10/2021;05:21;2017-34226;149.7546;-36.6494;
05/10/2021;23:15;2017-34226;148.9542;-37.0967;
06/10/2021;07:28;2017-34226;149.9079;-37.4743;
06/10/2021;09:55;2017-34226;149.9099;-37.5634;
06/10/2021;11:41;2017-34226;150.035;-37.5838;
06/10/2021;13:21;2017-34226;150.0673;-37.6229;
06/10/2021;21:16;2017-34226;150.2054;-37.7541;
07/10/2021;09:42;2017-34226;149.5822;-37.8785;
07/10/2021;11:21;2017-34226;149.5654;-37.9031;
07/10/2021;17:59;2017-34226;149.5324;-38.0218;
07/10/2021;19:39;2017-34226;149.5074;-38.073;
08/10/2021;19:39;2017-34226;158.785994;-46.366811;out of domain 
18/08/2021;07:35;2017-34227;158.5652;-19.8537;
18/08/2021;07:50;2017-34227;158.5788;-19.8321;
18/08/2021;09:16;2017-34227;158.5846;-19.8015;
18/08/2021;09:23;2017-34227;158.5971;-19.7788;
18/08/2021;10:16;2017-34227;158.5966;-19.7613;
18/08/2021;11:12;2017-34227;158.5908;-19.7698;
18/08/2021;12:02;2017-34227;158.5588;-19.766;
18/08/2021;15:48;2017-34227;158.5587;-19.7454;
18/08/2021;17:23;2017-34227;158.564;-19.7775;
18/08/2021;18:43;2017-34227;158.5608;-19.7755;
18/08/2021;18:56;2017-34227;158.5604;-19.7769;
18/08/2021;20:13;2017-34227;158.6024;-19.731;
18/08/2021;20:21;2017-34227;158.6023;-19.7286;
18/08/2021;20:40;2017-34227;158.5914;-19.7007;
18/08/2021;21:30;2017-34227;158.5905;-19.6917;
18/08/2021;23:07;2017-34227;158.612;-19.6277;
19/08/2021;15:37;2017-34227;158.8046;-19.2466;
19/08/2021;17:13;2017-34227;158.9446;-19.3047;
19/08/2021;19:41;2017-34227;158.9301;-19.3558;
19/08/2021;19:59;2017-34227;158.9242;-19.3475;
20/08/2021;05:47;2017-34227;158.9526;-19.2057;
20/08/2021;09:01;2017-34227;158.8486;-19.143;
20/08/2021;15:25;2017-34227;158.8743;-19.1614;
20/08/2021;17:06;2017-34227;158.8108;-19.1625;
20/08/2021;19:10;2017-34227;158.7827;-19.1447;
20/08/2021;19:10;2017-34227;158.7827;-19.1447;
20/08/2021;19:38;2017-34227;158.7794;-19.1452;
20/08/2021;23:24;2017-34227;158.7548;-19.1487;
21/08/2021;03:55;2017-34227;158.8075;-19.1696;
21/08/2021;05:36;2017-34227;158.8392;-19.2164;
21/08/2021;19:08;2017-34227;158.7628;-19.1147;
21/08/2021;23:01;2017-34227;158.6717;-19.2339;
21/08/2021;23:46;2017-34227;158.6659;-19.2448;
22/08/2021;03:45;2017-34227;158.6576;-19.3153;
22/08/2021;05:25;2017-34227;158.5191;-19.4682;
22/08/2021;05:50;2017-34227;158.5189;-19.4683;
22/08/2021;07:22;2017-34227;158.4964;-19.4644;
22/08/2021;07:33;2017-34227;158.5162;-19.4693;
22/08/2021;19:47;2017-34227;158.5005;-19.5609;
22/08/2021;19:56;2017-34227;158.5221;-19.5482;
22/08/2021;21:49;2017-34227;158.4777;-19.6257;
22/08/2021;23:24;2017-34227;158.4193;-19.6523;
23/08/2021;03:33;2017-34227;158.2996;-19.7501;
23/08/2021;05:12;2017-34227;158.2776;-19.6991;
23/08/2021;07:08;2017-34227;158.274;-19.6641;
23/08/2021;19:15;2017-34227;158.4568;-19.904;
23/08/2021;19:43;2017-34227;158.4575;-19.9045;
23/08/2021;19:56;2017-34227;158.4579;-19.9034;
23/08/2021;21:24;2017-34227;158.3946;-19.8972;
23/08/2021;21:24;2017-34227;158.4029;-19.903;
23/08/2021;23:05;2017-34227;158.3126;-19.857;
24/08/2021;05:03;2017-34227;158.2433;-19.6895;
24/08/2021;17:56;2017-34227;158.4466;-19.8275;
24/08/2021;19:29;2017-34227;158.4601;-19.8141;
24/08/2021;19:31;2017-34227;158.4602;-19.8138;
24/08/2021;21:03;2017-34227;158.5168;-19.7624;
24/08/2021;21:04;2017-34227;158.5314;-19.8142;
25/08/2021;05:50;2017-34227;158.6167;-19.8131;
25/08/2021;07:30;2017-34227;158.8196;-20.0103;
25/08/2021;07:57;2017-34227;158.8383;-20.0228;
25/08/2021;17:50;2017-34227;159.1615;-20.0421;
25/08/2021;19:13;2017-34227;158.8213;-19.9313;
25/08/2021;19:16;2017-34227;158.8145;-19.928;
25/08/2021;19:54;2017-34227;158.8643;-19.9276;
25/08/2021;21:01;2017-34227;158.88;-19.9426;
26/08/2021;07:03;2017-34227;158.9938;-20.0137;
26/08/2021;07:33;2017-34227;158.9964;-20.0215;
26/08/2021;07:49;2017-34227;158.9942;-20.0431;
26/08/2021;15:54;2017-34227;159.0021;-19.9983;
26/08/2021;17:34;2017-34227;159.0007;-19.9878;
26/08/2021;19:06;2017-34227;159.0118;-19.9869;
26/08/2021;19:22;2017-34227;158.9708;-19.9568;
26/08/2021;21:03;2017-34227;158.9687;-19.9515;
26/08/2021;23:01;2017-34227;158.9821;-19.9681;
26/08/2021;23:44;2017-34227;158.894;-19.9917;
27/08/2021;07:08;2017-34227;158.8921;-20.0538;
27/08/2021;07:39;2017-34227;158.6418;-20.0599;
27/08/2021;09:19;2017-34227;158.9633;-19.9931;
27/08/2021;15:43;2017-34227;158.8201;-19.997;
27/08/2021;17:27;2017-34227;158.8484;-20.0063;
27/08/2021;19:57;2017-34227;158.6525;-20.0935;
27/08/2021;21:47;2017-34227;158.631;-20.1136;
27/08/2021;23:23;2017-34227;158.625;-20.1328;
28/08/2021;05:52;2017-34227;158.6809;-20.2762;
28/08/2021;05:56;2017-34227;158.6542;-20.2895;
28/08/2021;07:28;2017-34227;158.6465;-20.3057;
28/08/2021;07:36;2017-34227;158.7133;-20.2733;
28/08/2021;09:06;2017-34227;158.6595;-20.2909;
28/08/2021;15:37;2017-34227;158.6564;-20.2922;
28/08/2021;17:08;2017-34227;158.6582;-20.2646;
28/08/2021;17:55;2017-34227;158.6727;-20.2692;
28/08/2021;19:36;2017-34227;158.6228;-20.2558;
28/08/2021;21:24;2017-34227;158.6627;-20.2476;
28/08/2021;23:04;2017-34227;158.6495;-20.2733;
29/08/2021;05:47;2017-34227;158.692;-20.2705;
29/08/2021;07:08;2017-34227;158.7;-20.2758;
29/08/2021;07:16;2017-34227;158.6991;-20.2753;
29/08/2021;07:56;2017-34227;158.6785;-20.2679;
29/08/2021;09:01;2017-34227;158.6752;-20.2449;
29/08/2021;15:20;2017-34227;158.6369;-20.22;
29/08/2021;17:01;2017-34227;158.6361;-20.2371;
29/08/2021;19:10;2017-34227;158.6404;-20.2623;
30/08/2021;03:52;2017-34227;158.6826;-20.2849;
30/08/2021;05:33;2017-34227;158.6954;-20.2525;
30/08/2021;07:34;2017-34227;158.7006;-20.2316;
30/08/2021;09:14;2017-34227;158.6802;-20.213;
30/08/2021;11:07;2017-34227;158.6849;-20.1921;
30/08/2021;15:11;2017-34227;158.6522;-20.2222;
30/08/2021;19:57;2017-34227;158.6563;-20.225;
30/08/2021;21:37;2017-34227;158.6682;-20.214;
30/08/2021;23:10;2017-34227;158.6669;-20.2092;
31/08/2021;03:44;2017-34227;158.6707;-20.2108;
31/08/2021;05:20;2017-34227;158.6924;-20.2336;
31/08/2021;07:47;2017-34227;158.7115;-20.2359;
31/08/2021;19:47;2017-34227;158.72;-20.0849;
31/08/2021;19:56;2017-34227;158.7146;-20.0753;
31/08/2021;21:27;2017-34227;158.5908;-20.0299;
31/08/2021;21:56;2017-34227;158.6159;-20.0283;
31/08/2021;23:40;2017-34227;158.5757;-20.0219;
01/09/2021;05:10;2017-34227;159.7046;-19.8442;
01/09/2021;05:36;2017-34227;159.6744;-19.8763;
01/09/2021;07:16;2017-34227;159.57;-20.3184;
01/09/2021;11:26;2017-34227;159.64;-20.5536;
01/09/2021;19:32;2017-34227;158.3659;-19.9174;
01/09/2021;19:33;2017-34227;158.3621;-19.9705;
01/09/2021;19:40;2017-34227;158.5062;-19.9428;
01/09/2021;21:15;2017-34227;158.4673;-19.8557;
01/09/2021;21:37;2017-34227;158.4977;-19.8492;
01/09/2021;23:16;2017-34227;158.4893;-19.8195;
02/09/2021;05:00;2017-34227;158.6039;-19.6375;
02/09/2021;17:53;2017-34227;158.6345;-19.3364;
02/09/2021;19:04;2017-34227;158.6377;-19.3098;
02/09/2021;19:14;2017-34227;158.6522;-19.3167;
02/09/2021;19:29;2017-34227;158.607;-19.3179;
02/09/2021;21:01;2017-34227;158.6437;-19.3544;
02/09/2021;21:22;2017-34227;158.6405;-19.3655;
03/09/2021;07:39;2017-34227;158.7501;-19.2783;
03/09/2021;07:51;2017-34227;158.6924;-19.3827;
03/09/2021;07:58;2017-34227;158.7012;-19.3895;
03/09/2021;09:45;2017-34227;158.716;-19.3799;
03/09/2021;11:32;2017-34227;158.7292;-19.3913;
03/09/2021;19:13;2017-34227;158.8544;-19.3646;
03/09/2021;21:49;2017-34227;158.8824;-19.361;
04/09/2021;07:46;2017-34227;158.9008;-19.308;
04/09/2021;15:52;2017-34227;158.8959;-19.3217;
04/09/2021;17:33;2017-34227;158.9265;-19.3237;
04/09/2021;19:00;2017-34227;158.9485;-19.3202;
04/09/2021;19:39;2017-34227;158.9433;-19.3164;
04/09/2021;19:58;2017-34227;158.9422;-19.3169;
05/09/2021;07:36;2017-34227;158.9069;-19.337;
05/09/2021;17:25;2017-34227;158.8459;-19.3116;
05/09/2021;19:35;2017-34227;158.8481;-19.3115;
05/09/2021;21:56;2017-34227;158.8088;-19.2972;
05/09/2021;23:37;2017-34227;158.7909;-19.2926;
06/09/2021;07:59;2017-34227;158.7826;-19.2819;
06/09/2021;07:59;2017-34227;158.7417;-19.2907;
06/09/2021;09:03;2017-34227;158.7367;-19.3078;
06/09/2021;11:23;2017-34227;158.7246;-19.3128;
06/09/2021;17:08;2017-34227;158.7726;-19.2499;
06/09/2021;19:07;2017-34227;158.9049;-19.2703;
07/09/2021;07:28;2017-34227;158.8852;-19.2844;
07/09/2021;07:34;2017-34227;158.9225;-19.3393;
07/09/2021;17:01;2017-34227;159.0492;-19.3634;
07/09/2021;19:53;2017-34227;159.0524;-19.3815;
07/09/2021;21:13;2017-34227;158.8113;-19.4288;
08/09/2021;05:36;2017-34227;158.5196;-19.503;
08/09/2021;09:42;2017-34227;158.5822;-19.6637;
08/09/2021;11:22;2017-34227;158.7789;-19.4865;
08/09/2021;19:21;2017-34227;158.6704;-19.4086;
08/09/2021;19:58;2017-34227;158.6419;-19.3904;
08/09/2021;19:58;2017-34227;158.6473;-19.3938;
09/09/2021;05:26;2017-34227;158.5772;-19.2226;
09/09/2021;09:23;2017-34227;158.4532;-19.2379;
09/09/2021;11:03;2017-34227;158.4594;-19.3465;
09/09/2021;19:30;2017-34227;158.3664;-19.4046;
09/09/2021;19:41;2017-34227;158.3557;-19.4071;
09/09/2021;23:12;2017-34227;158.4174;-19.4923;
10/09/2021;05:06;2017-34227;158.3685;-19.6471;
10/09/2021;07:29;2017-34227;158.3606;-19.6461;
10/09/2021;07:57;2017-34227;158.3631;-19.6497;
10/09/2021;09:55;2017-34227;158.361;-19.6464;
10/09/2021;19:14;2017-34227;158.485;-19.6721;
10/09/2021;19:29;2017-34227;158.3959;-19.6769;
10/09/2021;21:51;2017-34227;158.4573;-19.6855;
11/09/2021;07:02;2017-34227;158.5554;-19.7991;
11/09/2021;07:35;2017-34227;158.5436;-19.7966;
11/09/2021;09:12;2017-34227;158.5604;-19.8111;
11/09/2021;09:47;2017-34227;158.5069;-19.82;
11/09/2021;11:17;2017-34227;158.4748;-19.8386;
11/09/2021;11:59;2017-34227;158.4841;-19.8326;
11/09/2021;17:54;2017-34227;158.5879;-19.7807;
11/09/2021;19:22;2017-34227;158.5855;-19.7792;
11/09/2021;19:22;2017-34227;158.5772;-19.7818;
11/09/2021;21:04;2017-34227;158.5739;-19.7757;
11/09/2021;21:05;2017-34227;158.5417;-19.7406;
11/09/2021;21:29;2017-34227;158.5506;-19.7424;
12/09/2021;07:11;2017-34227;158.5668;-19.7777;
12/09/2021;07:53;2017-34227;158.3663;-19.8951;
12/09/2021;11:46;2017-34227;158.3797;-19.891;
12/09/2021;19:57;2017-34227;158.3768;-19.8952;
13/09/2021;07:40;2017-34227;158.3834;-19.924;
13/09/2021;07:40;2017-34227;158.3897;-19.919;
13/09/2021;09:40;2017-34227;158.4081;-19.9264;
13/09/2021;11:22;2017-34227;158.4144;-19.9255;
13/09/2021;19:59;2017-34227;158.4341;-19.9361;
14/09/2021;07:06;2017-34227;158.4737;-19.916;
14/09/2021;07:27;2017-34227;158.4607;-19.9144;
14/09/2021;07:57;2017-34227;158.4122;-19.8856;
14/09/2021;09:10;2017-34227;158.4513;-19.8541;
14/09/2021;17:22;2017-34227;158.4137;-19.7614;
14/09/2021;19:11;2017-34227;158.4203;-19.7335;
14/09/2021;23:08;2017-34227;158.4159;-19.6802;
15/09/2021;05:48;2017-34227;158.4577;-19.7457;
15/09/2021;07:34;2017-34227;158.4558;-19.9074;
15/09/2021;09:06;2017-34227;158.418;-19.9202;
15/09/2021;11:36;2017-34227;158.4154;-19.9241;
15/09/2021;17:02;2017-34227;158.414;-19.9329;
15/09/2021;19:04;2017-34227;158.4006;-19.9341;
15/09/2021;21:48;2017-34227;158.4275;-19.8917;
15/09/2021;23:24;2017-34227;158.4187;-19.8626;
16/09/2021;05:36;2017-34227;158.4277;-19.8155;
16/09/2021;07:09;2017-34227;158.4272;-19.8091;
16/09/2021;07:46;2017-34227;158.4327;-19.7889;
16/09/2021;11:09;2017-34227;158.444;-19.7181;
16/09/2021;11:57;2017-34227;158.3982;-19.7139;
16/09/2021;15:15;2017-34227;158.3458;-19.6794;
16/09/2021;17:00;2017-34227;158.3169;-19.6612;
16/09/2021;21:29;2017-34227;158.3741;-19.5501;
16/09/2021;21:46;2017-34227;158.4177;-19.5359;
17/09/2021;03:49;2017-34227;158.3699;-19.4768;
17/09/2021;05:29;2017-34227;158.4724;-19.4902;
17/09/2021;07:18;2017-34227;158.4928;-19.4741;
17/09/2021;15:03;2017-34227;158.564;-19.4003;
17/09/2021;19:31;2017-34227;158.579;-19.3745;
17/09/2021;19:42;2017-34227;158.6206;-19.3904;
17/09/2021;19:55;2017-34227;158.6228;-19.3885;
17/09/2021;21:08;2017-34227;158.6349;-19.3777;
17/09/2021;21:59;2017-34227;158.634;-19.3706;
18/09/2021;07:59;2017-34227;158.6347;-19.4094;
18/09/2021;09:38;2017-34227;158.7601;-19.3202;
18/09/2021;11:16;2017-34227;158.7316;-19.3361;
18/09/2021;19:02;2017-34227;158.6722;-19.4093;
18/09/2021;19:14;2017-34227;158.5623;-19.4189;
18/09/2021;19:42;2017-34227;158.5544;-19.4131;
18/09/2021;21:23;2017-34227;158.5822;-19.3916;
19/09/2021;05:03;2017-34227;158.6738;-19.3202;
19/09/2021;07:34;2017-34227;158.3714;-19.3249;
19/09/2021;07:53;2017-34227;158.3712;-19.3407;
19/09/2021;09:51;2017-34227;158.325;-19.3282;
19/09/2021;11:48;2017-34227;158.2954;-19.3272;
19/09/2021;19:27;2017-34227;158.1997;-19.4408;
19/09/2021;21:06;2017-34227;158.2515;-19.545;
19/09/2021;23:04;2017-34227;158.2574;-19.5915;
20/09/2021;05:01;2017-34227;158.2575;-19.7211;
20/09/2021;07:08;2017-34227;158.2782;-19.6138;
20/09/2021;07:20;2017-34227;158.4026;-19.6689;
20/09/2021;07:59;2017-34227;158.4138;-19.6785;
20/09/2021;09:41;2017-34227;158.4127;-19.6777;
20/09/2021;19:16;2017-34227;158.4138;-19.6454;
20/09/2021;19:42;2017-34227;158.4053;-19.6327;
20/09/2021;21:01;2017-34227;158.4253;-19.6474;
20/09/2021;21:41;2017-34227;158.4397;-19.6604;
20/09/2021;23:21;2017-34227;158.4993;-19.7298;
21/09/2021;07:47;2017-34227;158.6151;-19.9723;
21/09/2021;09:30;2017-34227;158.5851;-20.0945;
21/09/2021;11:08;2017-34227;158.5965;-20.1358;
21/09/2021;11:55;2017-34227;158.6015;-20.1598;
21/09/2021;19:09;2017-34227;158.683;-20.3508;
21/09/2021;19:13;2017-34227;158.6167;-20.1358;
21/09/2021;19:35;2017-34227;158.6199;-20.1328;
21/09/2021;21:25;2017-34227;158.662;-20.1969;
21/09/2021;23:05;2017-34227;158.6524;-20.2202;
22/09/2021;07:42;2017-34227;158.6336;-20.2774;
22/09/2021;07:58;2017-34227;158.6415;-20.2644;
22/09/2021;07:58;2017-34227;158.6525;-20.2467;
22/09/2021;09:18;2017-34227;158.669;-20.2784;
22/09/2021;09:52;2017-34227;158.67;-20.2902;
22/09/2021;11:32;2017-34227;158.677;-20.3177;
22/09/2021;15:49;2017-34227;158.6976;-20.5126;
22/09/2021;17:23;2017-34227;158.7137;-20.5495;
22/09/2021;19:08;2017-34227;158.722;-20.556;
23/09/2021;05:58;2017-34227;158.7414;-20.5752;
23/09/2021;07:30;2017-34227;158.7498;-20.5993;
23/09/2021;09:07;2017-34227;158.7526;-20.6128;
23/09/2021;11:14;2017-34227;158.7526;-20.6804;
23/09/2021;15:37;2017-34227;158.7401;-20.761;
23/09/2021;17:17;2017-34227;158.751;-20.7732;
23/09/2021;19:50;2017-34227;158.7541;-20.8162;
24/09/2021;05:48;2017-34227;158.7486;-20.8071;
24/09/2021;07:11;2017-34227;158.7339;-20.8311;
24/09/2021;09:02;2017-34227;158.7227;-20.8508;
24/09/2021;17:03;2017-34227;158.7143;-20.9128;
24/09/2021;19:21;2017-34227;158.6989;-20.9129;
24/09/2021;21:59;2017-34227;158.6987;-20.9347;
24/09/2021;23:40;2017-34227;158.7385;-20.9213;
25/09/2021;03:52;2017-34227;158.777;-20.9178;
25/09/2021;05:37;2017-34227;158.781;-20.9189;
25/09/2021;11:25;2017-34227;158.8069;-21.014;
25/09/2021;19:59;2017-34227;158.8151;-21.0308;
25/09/2021;21:37;2017-34227;158.7355;-20.9949;
25/09/2021;21:40;2017-34227;158.7299;-20.9983;
25/09/2021;23:24;2017-34227;158.6726;-21.0006;
26/09/2021;05:25;2017-34227;158.6376;-20.9443;
26/09/2021;07:36;2017-34227;158.6984;-20.9497;
26/09/2021;07:57;2017-34227;158.6985;-20.9501;
26/09/2021;11:08;2017-34227;158.6932;-20.9475;
26/09/2021;19:12;2017-34227;158.9383;-20.9353;
26/09/2021;19:50;2017-34227;158.9632;-20.9502;
26/09/2021;19:56;2017-34227;158.9599;-20.9485;
26/09/2021;21:23;2017-34227;158.9966;-20.9768;
26/09/2021;23:01;2017-34227;159.0469;-20.9837;
27/09/2021;05:09;2017-34227;159.1352;-21.016;
27/09/2021;07:04;2017-34227;159.0313;-21.124;
27/09/2021;07:36;2017-34227;159.0437;-21.1307;
27/09/2021;09:49;2017-34227;159.0334;-21.1638;
27/09/2021;09:57;2017-34227;159.028;-21.188;
27/09/2021;11:28;2017-34227;159.0321;-21.1269;
27/09/2021;19:37;2017-34227;158.9944;-21.0873;
27/09/2021;21:20;2017-34227;158.9907;-21.0611;
28/09/2021;05:03;2017-34227;158.9892;-20.9672;
28/09/2021;07:09;2017-34227;158.9285;-20.9677;
28/09/2021;09:48;2017-34227;158.8812;-21.0004;
28/09/2021;11:10;2017-34227;158.9184;-21.0004;
28/09/2021;19:24;2017-34227;158.879;-21.0037;
28/09/2021;21:08;2017-34227;158.7317;-21.0644;
28/09/2021;23:17;2017-34227;158.6549;-21.0962;
29/09/2021;07:56;2017-34227;158.6567;-21.0589;
29/09/2021;17:56;2017-34227;158.567;-21.0998;
29/09/2021;19:37;2017-34227;158.6217;-21.0774;
30/09/2021;07:47;2017-34227;158.5966;-20.9836;
30/09/2021;07:57;2017-34227;158.4356;-21.0068;
30/09/2021;09:32;2017-34227;158.5339;-20.9996;
30/09/2021;15:54;2017-34227;158.6831;-20.9282;
30/09/2021;19:04;2017-34227;158.6622;-20.9143;
30/09/2021;19:09;2017-34227;158.6602;-20.9214;
30/09/2021;19:38;2017-34227;158.6678;-20.916;
30/09/2021;21:40;2017-34227;158.5711;-20.8192;
30/09/2021;23:19;2017-34227;158.5473;-20.7627;
01/10/2021;07:32;2017-34227;158.5645;-20.6927;
01/10/2021;07:33;2017-34227;158.7557;-20.7184;
01/10/2021;15:47;2017-34227;158.9733;-20.7913;
01/10/2021;19:02;2017-34227;158.9934;-20.7988;
01/10/2021;21:18;2017-34227;159.0048;-20.7648;
02/10/2021;05:54;2017-34227;159.0415;-20.6723;
02/10/2021;07:08;2017-34227;158.9954;-20.8058;
02/10/2021;07:48;2017-34227;159.0246;-20.8074;
02/10/2021;09:02;2017-34227;159.0325;-20.858;
02/10/2021;11:25;2017-34227;159.0345;-20.8889;
02/10/2021;17:16;2017-34227;159.0213;-20.9887;
02/10/2021;19:58;2017-34227;159.0119;-21.054;
03/10/2021;07:20;2017-34227;159.0221;-21.4345;
03/10/2021;11:08;2017-34227;159.0261;-21.5268;
03/10/2021;15:22;2017-34227;159.0598;-21.5483;
03/10/2021;19:37;2017-34227;159.0895;-21.5862;
04/10/2021;05:36;2017-34227;159.1445;-21.8233;
04/10/2021;11:39;2017-34227;159.2174;-21.966;
04/10/2021;19:09;2017-34227;159.5244;-21.9472;
04/10/2021;19:11;2017-34227;159.4899;-21.9345;
04/10/2021;21:55;2017-34227;159.4469;-21.9188;
05/10/2021;03:39;2017-34227;159.4899;-21.9708;
05/10/2021;07:52;2017-34227;159.5083;-21.9459;
12/10/2021;05:39;2017-34227;153.224;-24.5691;
12/10/2021;07:37;2017-34227;153.2657;-24.5396;
12/10/2021;17:00;2017-34227;153.2322;-24.661;
12/10/2021;19:12;2017-34227;153.2774;-24.668;
12/10/2021;19:56;2017-34227;153.3384;-24.7605;
13/10/2021;15:09;2017-34227;153.8853;-25.5836;
13/10/2021;19:24;2017-34227;153.4074;-25.4493;
13/10/2021;19:57;2017-34227;153.4005;-25.46;
13/10/2021;23:06;2017-34227;153.3565;-25.5206;
14/10/2021;05:20;2017-34227;153.2674;-25.6226;
14/10/2021;07:05;2017-34227;153.1861;-25.749;
14/10/2021;21:23;2017-34227;153.0863;-26.1781;
14/10/2021;21:52;2017-34227;153.0995;-26.2283;
14/10/2021;23:29;2017-34227;153.1758;-26.2782;
15/10/2021;07:40;2017-34227;153.1773;-26.5416;
15/10/2021;09:50;2017-34227;153.1777;-26.6557;
15/10/2021;11:52;2017-34227;153.178;-26.7454;
15/10/2021;19:33;2017-34227;153.2673;-26.6495;
15/10/2021;21:10;2017-34227;153.2675;-26.6495;
15/10/2021;21:33;2017-34227;153.2263;-26.6852;
16/10/2021;07:14;2017-34227;153.3368;-26.9522;
16/10/2021;11:33;2017-34227;153.2984;-26.9907;
16/10/2021;19:29;2017-34227;153.5367;-26.9695;
16/10/2021;21:01;2017-34227;153.5704;-26.9675;
17/10/2021;07:30;2017-34227;153.6574;-27.1337;
17/10/2021;09:23;2017-34227;153.594;-27.1576;
17/10/2021;11:13;2017-34227;153.5775;-27.2192;
17/10/2021;19:02;2017-34227;153.5486;-27.3401;
17/10/2021;19:08;2017-34227;153.5621;-27.3558;
18/10/2021;07:51;2017-34227;153.4952;-27.8141;
18/10/2021;15:53;2017-34227;153.5283;-27.9811;
18/10/2021;19:59;2017-34227;153.5446;-28.1467;
18/10/2021;23:50;2017-34227;153.6203;-28.3174;
19/10/2021;05:39;2017-34227;153.661;-28.5337;
19/10/2021;07:20;2017-34227;153.6842;-28.6713;
19/10/2021;09:03;2017-34227;153.6854;-28.7598;
19/10/2021;11:28;2017-34227;153.6842;-28.7588;
19/10/2021;17:21;2017-34227;153.604;-28.8058;
19/10/2021;19:38;2017-34227;153.6577;-28.9443;
19/10/2021;19:38;2017-34227;153.6473;-28.9653;
19/10/2021;21:53;2017-34227;153.6228;-29.0797;
19/10/2021;23:29;2017-34227;153.6089;-29.1027;
20/10/2021;05:48;2017-34227;153.5434;-29.2517;
20/10/2021;11:09;2017-34227;153.5562;-29.4266;
20/10/2021;15:33;2017-34227;153.5029;-29.6176;
20/10/2021;19:05;2017-34227;153.4644;-29.7094;
20/10/2021;19:13;2017-34227;153.4551;-29.7013;
21/10/2021;05:38;2017-34227;153.5045;-29.8757;
21/10/2021;07:30;2017-34227;153.3329;-29.9635;
21/10/2021;07:58;2017-34227;153.3912;-29.9884;
21/10/2021;09:08;2017-34227;153.3306;-30.0141;
21/10/2021;21:06;2017-34227;153.0496;-30.2201;
22/10/2021;07:26;2017-34227;153.0129;-30.3711;
22/10/2021;11:11;2017-34227;153.0883;-30.4419;
22/10/2021;19:44;2017-34227;153.0172;-30.5695;
22/10/2021;19:51;2017-34227;153.0237;-30.5696;
22/10/2021;19:56;2017-34227;153.0242;-30.5693;
22/10/2021;21:23;2017-34227;153.0109;-30.5945;
22/10/2021;21:31;2017-34227;153.0214;-30.5678;
23/10/2021;11:42;2017-34227;152.927;-30.8531;
23/10/2021;19:11;2017-34227;152.7922;-31.0994;
23/10/2021;19:33;2017-34227;153.018;-31.166;
23/10/2021;19:43;2017-34227;153.0284;-31.1678;
23/10/2021;21:17;2017-34227;153.0327;-31.2484;
24/10/2021;05:02;2017-34227;152.9099;-31.5342;
24/10/2021;07:57;2017-34227;152.9219;-31.6088;
24/10/2021;09:35;2017-34227;152.8246;-31.6776;
24/10/2021;09:43;2017-34227;152.8559;-31.6958;
24/10/2021;19:14;2017-34227;152.766;-31.8057;
24/10/2021;19:28;2017-34227;152.8031;-31.8279;
24/10/2021;21:08;2017-34227;152.7612;-31.8313;
24/10/2021;21:42;2017-34227;152.7815;-31.8486;
24/10/2021;23:26;2017-34227;152.8013;-31.8952;
25/10/2021;07:32;2017-34227;152.7141;-32.0508;
25/10/2021;11:51;2017-34227;152.7159;-32.0614;
25/10/2021;17:54;2017-34227;152.7033;-32.0767;
25/10/2021;19:18;2017-34227;152.6953;-32.113;
25/10/2021;19:49;2017-34227;152.6986;-32.1009;
25/10/2021;21:29;2017-34227;152.6909;-32.1125;
25/10/2021;23:07;2017-34227;152.7042;-32.0667;
26/10/2021;07:01;2017-34227;152.7183;-32.171;
26/10/2021;09:24;2017-34227;152.6762;-32.216;
26/10/2021;11:29;2017-34227;152.6145;-32.2012;
26/10/2021;17:44;2017-34227;152.5055;-32.1752;
26/10/2021;19:03;2017-34227;152.5347;-32.1663;
26/10/2021;19:18;2017-34227;152.4967;-32.1907;
26/10/2021;21:05;2017-34227;152.4574;-32.199;
27/10/2021;09:13;2017-34227;152.4115;-32.5874;
27/10/2021;19:42;2017-34227;152.2879;-32.6494;
28/10/2021;19:42;2017-34227;158.785994;-46.366811;out of domain 
20/08/2021;05:47;2017-34228;158.4676;-19.8524;
20/08/2021;06:48;2017-34228;158.4347;-19.8503;
20/08/2021;08:23;2017-34228;158.4141;-19.8289;
20/08/2021;08:59;2017-34228;158.4144;-19.8314;
20/08/2021;11:14;2017-34228;158.3508;-19.8233;
20/08/2021;17:04;2017-34228;158.3825;-19.7419;
20/08/2021;19:12;2017-34228;158.257;-19.6597;
20/08/2021;19:38;2017-34228;158.2508;-19.6348;
20/08/2021;20:19;2017-34228;158.2444;-19.6239;
20/08/2021;22:28;2017-34228;158.2527;-19.6194;
21/08/2021;19:05;2017-34228;158.3136;-19.2652;
21/08/2021;23:43;2017-34228;158.2977;-19.2172;
22/08/2021;05:25;2017-34228;158.3651;-19.2716;
22/08/2021;11:30;2017-34228;158.3356;-19.1678;
22/08/2021;19:55;2017-34228;158.6002;-19.2081;
22/08/2021;19:55;2017-34228;158.6002;-19.2081;
23/08/2021;07:11;2017-34228;158.7112;-19.2251;
23/08/2021;19:16;2017-34228;158.8033;-19.2046;
23/08/2021;21:19;2017-34228;158.9012;-19.3014;
23/08/2021;23:08;2017-34228;158.9232;-19.3133;
24/08/2021;05:01;2017-34228;159.0379;-19.316;
24/08/2021;09:56;2017-34228;159.089;-19.359;
24/08/2021;11:33;2017-34228;158.8041;-19.4555;
24/08/2021;19:32;2017-34228;158.6022;-19.5134;
24/08/2021;19:39;2017-34228;158.6202;-19.518;
25/08/2021;19:39;2017-34228;158.785994;-46.366811;out of domain 
17/07/2021;05:52;2018-34350;167.7144;-23.3542;
17/07/2021;06:27;2018-34350;167.6896;-23.3534;
17/07/2021;07:00;2018-34350;168.2334;-23.2517;
17/07/2021;08:27;2018-34350;168.2836;-23.2968;
17/07/2021;10:03;2018-34350;168.2362;-23.2535;
17/07/2021;10:18;2018-34350;168.0969;-23.2471;
18/07/2021;07:35;2018-34350;168.6825;-22.658;
18/07/2021;08:12;2018-34350;168.9693;-22.53;
18/07/2021;08:14;2018-34350;168.9556;-22.5318;
18/07/2021;09:53;2018-34350;168.9588;-22.5185;
18/07/2021;09:57;2018-34350;168.9896;-22.4109;
18/07/2021;11:40;2018-34350;168.9689;-22.3963;
18/07/2021;18:14;2018-34350;169.0495;-22.2991;
18/07/2021;19:30;2018-34350;168.9603;-22.3926;
18/07/2021;19:55;2018-34350;169.0197;-22.3405;
18/07/2021;21:09;2018-34350;168.9745;-22.3939;
18/07/2021;22:14;2018-34350;168.9694;-22.3969;
18/07/2021;22:55;2018-34350;168.967;-22.3996;
19/07/2021;06:11;2018-34350;168.9437;-22.4326;
19/07/2021;07:03;2018-34350;169.0106;-22.4036;
19/07/2021;07:49;2018-34350;169.0297;-22.4029;
19/07/2021;08:01;2018-34350;169.0095;-22.406;
19/07/2021;09:40;2018-34350;169.0102;-22.4123;
19/07/2021;09:40;2018-34350;169.0116;-22.4113;
19/07/2021;19:19;2018-34350;169.0054;-22.443;
19/07/2021;19:22;2018-34350;169.0134;-22.4207;
19/07/2021;20:58;2018-34350;169.0141;-22.3927;
20/07/2021;06:33;2018-34350;169.0294;-22.3858;
20/07/2021;07:21;2018-34350;169.0059;-22.3887;
20/07/2021;07:54;2018-34350;169.0086;-22.3937;
20/07/2021;09:15;2018-34350;168.9772;-22.3844;
20/07/2021;09:29;2018-34350;168.9704;-22.3849;
20/07/2021;10:55;2018-34350;168.9786;-22.3974;
20/07/2021;18:32;2018-34350;168.9409;-22.387;
20/07/2021;18:53;2018-34350;168.9483;-22.4002;
20/07/2021;19:05;2018-34350;168.9685;-22.3945;
20/07/2021;20:10;2018-34350;168.9647;-22.3953;
20/07/2021;20:50;2018-34350;168.9712;-22.3638;
20/07/2021;22:08;2018-34350;168.9723;-22.3681;
21/07/2021;06:05;2018-34350;168.9545;-22.3338;
21/07/2021;06:57;2018-34350;168.9436;-22.3675;
21/07/2021;07:38;2018-34350;168.9938;-22.3791;
21/07/2021;10:36;2018-34350;169.0027;-22.403;
21/07/2021;18:06;2018-34350;169.0136;-22.4172;
21/07/2021;18:19;2018-34350;169.0053;-22.4129;
21/07/2021;19:57;2018-34350;168.9647;-22.417;
21/07/2021;20:34;2018-34350;168.9667;-22.4027;
21/07/2021;21:47;2018-34350;168.9719;-22.3931;
22/07/2021;06:36;2018-34350;168.9702;-22.3877;
22/07/2021;07:12;2018-34350;168.9705;-22.3893;
22/07/2021;10:11;2018-34350;169.0455;-22.3791;
22/07/2021;19:30;2018-34350;168.9448;-22.4182;
22/07/2021;20:24;2018-34350;169.0439;-22.4199;
22/07/2021;21:30;2018-34350;168.9449;-22.4013;
22/07/2021;23:06;2018-34350;168.9467;-22.3999;
23/07/2021;06:24;2018-34350;168.9573;-22.3918;
23/07/2021;07:49;2018-34350;168.947;-22.3933;
23/07/2021;08:52;2018-34350;168.9593;-22.4007;
23/07/2021;09:15;2018-34350;168.9557;-22.3907;
23/07/2021;18:56;2018-34350;168.9505;-22.3896;
23/07/2021;18:56;2018-34350;168.991;-22.3777;
23/07/2021;20:15;2018-34350;168.9872;-22.4033;
23/07/2021;21:10;2018-34350;168.9232;-22.3979;
23/07/2021;22:51;2018-34350;168.9119;-22.3995;
24/07/2021;06:09;2018-34350;168.942;-22.3807;
24/07/2021;06:10;2018-34350;168.9536;-22.3853;
24/07/2021;07:23;2018-34350;168.9685;-22.3929;
24/07/2021;07:43;2018-34350;168.955;-22.3916;
24/07/2021;08:48;2018-34350;168.9568;-22.3953;
24/07/2021;09:05;2018-34350;168.9587;-22.3948;
24/07/2021;18:27;2018-34350;169.0036;-22.4157;
24/07/2021;18:28;2018-34350;169.0115;-22.4083;
24/07/2021;20:07;2018-34350;169.0092;-22.4147;
24/07/2021;20:07;2018-34350;169.0103;-22.4132;
24/07/2021;20:46;2018-34350;169.0107;-22.413;
24/07/2021;21:38;2018-34350;169.011;-22.4136;
24/07/2021;21:50;2018-34350;169.0114;-22.4128;
24/07/2021;22:28;2018-34350;169.0106;-22.4125;
25/07/2021;06:00;2018-34350;168.983;-22.3928;
25/07/2021;06:56;2018-34350;168.9819;-22.3857;
25/07/2021;07:12;2018-34350;168.9811;-22.3741;
25/07/2021;08:30;2018-34350;168.9872;-22.3961;
25/07/2021;10:57;2018-34350;168.9738;-22.3692;
25/07/2021;18:09;2018-34350;168.9759;-22.3988;
25/07/2021;19:35;2018-34350;168.9749;-22.3892;
25/07/2021;19:44;2018-34350;168.9738;-22.3907;
25/07/2021;19:48;2018-34350;168.9597;-22.4103;
25/07/2021;21:59;2018-34350;168.9554;-22.404;
26/07/2021;06:31;2018-34350;168.9439;-22.3778;
26/07/2021;06:41;2018-34350;168.9439;-22.3808;
26/07/2021;10:38;2018-34350;168.9485;-22.3748;
26/07/2021;19:04;2018-34350;168.9812;-22.3029;
26/07/2021;19:25;2018-34350;169.05;-22.2961;
26/07/2021;19:39;2018-34350;168.9837;-22.2983;
26/07/2021;21:18;2018-34350;168.9932;-22.3022;
27/07/2021;06:09;2018-34350;169.0346;-22.3791;
27/07/2021;07:48;2018-34350;169.0855;-22.3809;
27/07/2021;08:13;2018-34350;169.0679;-22.3886;
27/07/2021;10:10;2018-34350;169.0739;-22.3988;
27/07/2021;18:35;2018-34350;169.0027;-22.3984;
27/07/2021;19:31;2018-34350;168.9994;-22.4057;
27/07/2021;21:19;2018-34350;168.9983;-22.4102;
27/07/2021;22:24;2018-34350;168.9899;-22.43;
27/07/2021;23:10;2018-34350;168.9803;-22.4389;
28/07/2021;07:17;2018-34350;168.9118;-22.5206;
28/07/2021;07:26;2018-34350;168.9147;-22.5591;
28/07/2021;18:06;2018-34350;168.8417;-22.6554;
28/07/2021;18:36;2018-34350;168.8938;-22.614;
28/07/2021;19:13;2018-34350;168.8996;-22.6241;
28/07/2021;20:15;2018-34350;168.8994;-22.6351;
28/07/2021;21:01;2018-34350;168.9029;-22.6134;
28/07/2021;22:03;2018-34350;168.8647;-22.648;
28/07/2021;22:43;2018-34350;168.8569;-22.6555;
29/07/2021;06:50;2018-34350;168.1741;-22.8605;
29/07/2021;06:59;2018-34350;168.1533;-22.8613;
29/07/2021;07:49;2018-34350;168.1178;-22.8732;
29/07/2021;08:41;2018-34350;168.0539;-22.8473;
29/07/2021;09:27;2018-34350;167.9275;-22.8391;
29/07/2021;09:28;2018-34350;167.916;-22.8495;
29/07/2021;10:34;2018-34350;167.8405;-22.8393;
29/07/2021;11:11;2018-34350;167.7348;-22.8834;
29/07/2021;18:11;2018-34350;167.6706;-22.9841;
29/07/2021;19:14;2018-34350;167.6006;-22.9961;
29/07/2021;19:52;2018-34350;167.5851;-23.0142;
29/07/2021;20:46;2018-34350;167.4966;-23.0341;
29/07/2021;20:46;2018-34350;167.7334;-23.0541;
29/07/2021;21:46;2018-34350;167.5434;-23.0899;
30/07/2021;06:18;2018-34350;167.7944;-23.0169;
30/07/2021;06:28;2018-34350;167.7864;-23.0191;
30/07/2021;08:08;2018-34350;167.7107;-23.0422;
30/07/2021;09:12;2018-34350;167.7899;-23.021;
30/07/2021;09:12;2018-34350;167.7578;-23.0318;
30/07/2021;10:15;2018-34350;167.7403;-23.0259;
30/07/2021;10:50;2018-34350;167.7896;-23.0163;
30/07/2021;18:37;2018-34350;167.6744;-23.0206;
30/07/2021;19:26;2018-34350;167.6861;-22.9261;
30/07/2021;20:20;2018-34350;167.5323;-22.9909;
30/07/2021;20:28;2018-34350;167.6175;-22.912;
30/07/2021;21:18;2018-34350;167.5741;-22.9216;
30/07/2021;22:01;2018-34350;167.5303;-22.955;
31/07/2021;07:27;2018-34350;167.2301;-22.8654;
31/07/2021;07:47;2018-34350;167.1004;-22.8055;
31/07/2021;08:59;2018-34350;167.0927;-22.8099;
31/07/2021;10:24;2018-34350;167.0925;-22.8231;
31/07/2021;18:09;2018-34350;166.7452;-22.6764;
31/07/2021;19:03;2018-34350;167.35;-22.7836;
31/07/2021;19:52;2018-34350;166.7;-22.6716;
31/07/2021;20:21;2018-34350;167.1943;-22.7127;
31/07/2021;21:38;2018-34350;167.3313;-22.7223;
01/08/2021;06:23;2018-34350;167.3472;-22.706;
01/08/2021;06:56;2018-34350;167.6638;-22.8508;
01/08/2021;08:52;2018-34350;167.6689;-22.8673;
01/08/2021;09:04;2018-34350;167.664;-22.8569;
01/08/2021;11:49;2018-34350;167.6605;-22.8803;
01/08/2021;18:34;2018-34350;167.8125;-23.1374;
01/08/2021;19:18;2018-34350;167.8533;-23.1337;
01/08/2021;20:11;2018-34350;167.8737;-23.1624;
01/08/2021;20:11;2018-34350;167.8938;-23.1622;
01/08/2021;21:21;2018-34350;167.9436;-23.1914;
01/08/2021;22:26;2018-34350;167.9823;-23.2162;
02/08/2021;06:26;2018-34350;168.1109;-23.4123;
02/08/2021;06:59;2018-34350;168.1089;-23.4344;
02/08/2021;08:33;2018-34350;168.164;-23.4539;
02/08/2021;08:39;2018-34350;168.0962;-23.3939;
02/08/2021;09:50;2018-34350;168.0688;-23.3634;
02/08/2021;10:53;2018-34350;168.0672;-23.3604;
02/08/2021;18:08;2018-34350;168.0518;-23.4322;
02/08/2021;18:46;2018-34350;168.1254;-23.4927;
02/08/2021;19:53;2018-34350;168.1661;-23.5274;
02/08/2021;19:58;2018-34350;168.1705;-23.5261;
02/08/2021;20:24;2018-34350;168.1703;-23.5244;
02/08/2021;22:43;2018-34350;168.2027;-23.5569;
03/08/2021;07:36;2018-34350;168.4776;-23.9188;
03/08/2021;09:24;2018-34350;168.5199;-23.9345;
03/08/2021;10:08;2018-34350;168.6081;-23.9416;
03/08/2021;19:21;2018-34350;168.5906;-23.9667;
03/08/2021;19:47;2018-34350;169.0466;-24.2662;
03/08/2021;19:59;2018-34350;169.1515;-24.2001;
03/08/2021;21:27;2018-34350;169.2391;-24.264;
03/08/2021;21:41;2018-34350;169.189;-24.3825;
04/08/2021;07:04;2018-34350;168.8743;-24.8135;
04/08/2021;19:00;2018-34350;169.0972;-25.1092;
04/08/2021;21:17;2018-34350;168.8656;-25.3453;
04/08/2021;21:57;2018-34350;168.942;-25.3773;
05/08/2021;06:33;2018-34350;168.5697;-25.8367;
05/08/2021;07:21;2018-34350;168.5441;-25.8557;
05/08/2021;09:01;2018-34350;168.507;-25.9255;
05/08/2021;10:21;2018-34350;168.5192;-26.0424;
05/08/2021;18:33;2018-34350;168.5379;-26.1304;
05/08/2021;18:53;2018-34350;168.603;-26.189;
05/08/2021;20:12;2018-34350;168.5899;-26.2486;
05/08/2021;21:07;2018-34350;168.582;-26.2878;
06/08/2021;06:02;2018-34350;168.4348;-26.7804;
06/08/2021;06:58;2018-34350;168.3841;-26.8382;
06/08/2021;09:34;2018-34350;168.3313;-26.8998;
06/08/2021;10:03;2018-34350;168.3234;-26.9095;
06/08/2021;18:11;2018-34350;168.1823;-27.1616;
06/08/2021;18:22;2018-34350;168.2211;-27.1556;
06/08/2021;19:46;2018-34350;168.19;-27.2579;
06/08/2021;19:58;2018-34350;168.195;-27.269;
06/08/2021;20:53;2018-34350;168.1114;-27.303;
06/08/2021;21:18;2018-34350;168.1158;-27.3445;
06/08/2021;22:54;2018-34350;168.0602;-27.4288;
07/08/2021;07:09;2018-34350;167.7678;-27.8703;
07/08/2021;08:08;2018-34350;167.7277;-27.9236;
07/08/2021;11:24;2018-34350;167.8225;-28.0515;
07/08/2021;19:24;2018-34350;167.8134;-28.3518;
07/08/2021;19:28;2018-34350;167.8;-28.3621;
07/08/2021;20:43;2018-34350;167.8216;-28.4424;
07/08/2021;22:41;2018-34350;167.8104;-28.5747;
08/08/2021;06:38;2018-34350;167.8187;-28.8997;
08/08/2021;06:39;2018-34350;167.8185;-28.9;
08/08/2021;07:47;2018-34350;167.8867;-28.9307;
08/08/2021;09:13;2018-34350;167.7782;-29.0036;
08/08/2021;11:02;2018-34350;167.8395;-28.9986;
08/08/2021;18:54;2018-34350;167.838;-29.3307;
08/08/2021;20:27;2018-34350;167.8085;-29.1032;
08/08/2021;20:37;2018-34350;167.8109;-29.1035;
08/08/2021;20:37;2018-34350;167.8271;-29.1108;
08/08/2021;20:37;2018-34350;167.9112;-29.1256;
08/08/2021;22:17;2018-34350;167.9158;-29.1883;
09/08/2021;06:10;2018-34350;168.0269;-29.1569;
09/08/2021;06:23;2018-34350;168.0267;-29.1567;
09/08/2021;07:21;2018-34350;168.0321;-29.1605;
09/08/2021;08:57;2018-34350;168.0198;-29.1337;
09/08/2021;10:37;2018-34350;168.0261;-29.1446;
09/08/2021;18:24;2018-34350;168.0351;-29.0427;
09/08/2021;18:39;2018-34350;168.0525;-29.0447;
09/08/2021;21:56;2018-34350;168.0729;-29.0464;
10/08/2021;06:14;2018-34350;167.9549;-29.111;
10/08/2021;07:13;2018-34350;167.9599;-29.1308;
10/08/2021;08:34;2018-34350;167.9687;-29.154;
10/08/2021;08:50;2018-34350;167.9702;-29.1509;
10/08/2021;10:29;2018-34350;167.9705;-29.1762;
10/08/2021;19:36;2018-34350;167.8782;-29.2191;
10/08/2021;20:06;2018-34350;167.8701;-29.2588;
11/08/2021;06:05;2018-34350;167.8416;-29.4037;
11/08/2021;06:49;2018-34350;167.8561;-29.3065;
11/08/2021;08:11;2018-34350;167.9219;-29.2664;
11/08/2021;19:04;2018-34350;167.929;-29.293;
11/08/2021;19:28;2018-34350;167.8681;-29.3091;
11/08/2021;19:54;2018-34350;167.8489;-29.3097;
11/08/2021;21:18;2018-34350;167.7751;-29.3308;
11/08/2021;21:36;2018-34350;167.8504;-29.3416;
11/08/2021;22:57;2018-34350;167.8143;-29.3542;
12/08/2021;06:14;2018-34350;167.8188;-29.4244;
12/08/2021;08:19;2018-34350;167.8064;-29.4648;
12/08/2021;09:41;2018-34350;167.839;-29.5061;
12/08/2021;10:02;2018-34350;167.8605;-29.5001;
12/08/2021;10:41;2018-34350;167.8416;-29.5152;
12/08/2021;11:19;2018-34350;167.9171;-29.5083;
12/08/2021;18:34;2018-34350;168.068;-29.4578;
12/08/2021;18:58;2018-34350;168.056;-29.4636;
12/08/2021;18:58;2018-34350;168.056;-29.4636;
12/08/2021;20:12;2018-34350;168.0952;-29.4474;
12/08/2021;20:55;2018-34350;167.9968;-29.4428;
12/08/2021;22:38;2018-34350;167.9535;-29.4352;
13/08/2021;08:11;2018-34350;167.9676;-29.2691;
13/08/2021;08:59;2018-34350;167.6808;-29.368;
13/08/2021;09:48;2018-34350;167.8633;-29.2955;
13/08/2021;19:42;2018-34350;167.9856;-29.1383;
13/08/2021;20:35;2018-34350;167.9156;-29.2113;
14/08/2021;06:54;2018-34350;167.8824;-29.274;
14/08/2021;09:37;2018-34350;167.9587;-29.1369;
14/08/2021;10:36;2018-34350;167.9741;-29.1216;
14/08/2021;19:12;2018-34350;168.0207;-29.2743;
14/08/2021;19:20;2018-34350;168.0549;-29.2657;
14/08/2021;21:54;2018-34350;168.0375;-29.3059;
15/08/2021;06:20;2018-34350;167.9703;-29.4935;
15/08/2021;09:26;2018-34350;167.8978;-29.5438;
15/08/2021;10:14;2018-34350;167.9128;-29.5755;
15/08/2021;11:17;2018-34350;167.9147;-29.5778;
15/08/2021;18:40;2018-34350;167.9694;-29.6551;
15/08/2021;19:23;2018-34350;167.9673;-29.6634;
15/08/2021;20:49;2018-34350;167.915;-29.6704;
15/08/2021;21:29;2018-34350;167.871;-29.6535;
16/08/2021;06:48;2018-34350;167.705;-29.8577;
16/08/2021;07:31;2018-34350;167.7347;-29.8944;
16/08/2021;07:45;2018-34350;167.4315;-30.0281;
16/08/2021;09:55;2018-34350;167.3009;-29.9873;
16/08/2021;19:01;2018-34350;167.1866;-30.1178;
16/08/2021;19:43;2018-34350;166.7204;-30.2577;
16/08/2021;20:38;2018-34350;166.9787;-30.1633;
16/08/2021;21:13;2018-34350;167.3516;-30.2667;
17/08/2021;09:04;2018-34350;167.533;-30.3384;
17/08/2021;18:36;2018-34350;167.5891;-30.2871;
17/08/2021;20:52;2018-34350;167.6065;-30.3584;
18/08/2021;06:29;2018-34350;170.6207;-30.9421;
18/08/2021;08:54;2018-34350;170.8039;-30.5875;
18/08/2021;10:53;2018-34350;168.1449;-30.9386;
18/08/2021;19:51;2018-34350;168.2144;-31.1303;
18/08/2021;22:11;2018-34350;168.0958;-31.3029;
19/08/2021;22:11;2018-34350;158.785994;-46.366811;out of domain 
21/07/2021;05:04;2018-34354;168.2905;-23.2469;
21/07/2021;06:02;2018-34354;168.0976;-23.312;
21/07/2021;06:48;2018-34354;168.0542;-23.3271;
21/07/2021;19:50;2018-34354;167.8772;-22.8799;
21/07/2021;20:33;2018-34354;167.8096;-22.8472;
21/07/2021;21:50;2018-34354;167.774;-22.8914;
22/07/2021;06:31;2018-34354;167.4549;-22.8853;
22/07/2021;06:31;2018-34354;167.4663;-22.8832;
22/07/2021;19:25;2018-34354;167.4665;-22.8899;
22/07/2021;19:32;2018-34354;166.8153;-22.9153;
22/07/2021;21:27;2018-34354;167.0461;-22.9587;
22/07/2021;23:08;2018-34354;166.9636;-22.9643;
23/07/2021;18:59;2018-34354;166.6997;-23.6637;
23/07/2021;18:59;2018-34354;166.6692;-23.5822;
23/07/2021;21:07;2018-34354;166.7843;-23.6937;
24/07/2021;18:24;2018-34354;166.776;-24.0817;
24/07/2021;18:32;2018-34354;166.6195;-23.7217;
24/07/2021;19:58;2018-34354;166.5401;-23.7773;
24/07/2021;20:47;2018-34354;166.529;-23.7856;
25/07/2021;08:40;2018-34354;166.3243;-23.9225;
25/07/2021;09:16;2018-34354;166.0581;-23.76;
25/07/2021;19:32;2018-34354;165.6457;-24.0534;
25/07/2021;19:45;2018-34354;165.0429;-23.9028;
25/07/2021;22:10;2018-34354;164.939;-23.9662;
26/07/2021;06:35;2018-34354;164.717;-23.7615;
26/07/2021;08:18;2018-34354;164.3183;-23.8662;
26/07/2021;19:09;2018-34354;163.2843;-24.1592;
26/07/2021;19:24;2018-34354;163.5615;-23.4962;
26/07/2021;19:35;2018-34354;162.9624;-23.779;
26/07/2021;21:18;2018-34354;163.3702;-23.5797;
26/07/2021;21:46;2018-34354;163.4105;-23.5938;
27/07/2021;08:09;2018-34354;163.4483;-23.7563;
27/07/2021;09:46;2018-34354;163.3576;-23.5973;
30/07/2021;08:13;2018-34354;162.1029;-23.7117;
30/07/2021;09:11;2018-34354;162.3759;-24.945;
30/07/2021;18:02;2018-34354;162.3495;-24.2904;
30/07/2021;20:23;2018-34354;162.275;-24.9181;
30/07/2021;21:23;2018-34354;162.1131;-24.7383;
30/07/2021;21:58;2018-34354;168.9419;-27.6009;
30/07/2021;22:14;2018-34354;159.6346;-25.3959;
31/07/2021;07:24;2018-34354;159.6156;-25.404;
31/07/2021;07:48;2018-34354;159.6484;-25.2275;
31/07/2021;08:59;2018-34354;159.6491;-25.2268;
31/07/2021;18:57;2018-34354;159.6556;-25.2733;
31/07/2021;20:22;2018-34354;159.6475;-25.2778;
31/07/2021;20:41;2018-34354;159.6277;-25.2759;
31/07/2021;22:06;2018-34354;159.6267;-25.2807;
31/07/2021;22:46;2018-34354;159.6306;-25.2792;
01/08/2021;06:16;2018-34354;159.6389;-25.2994;
01/08/2021;10:11;2018-34354;159.6378;-25.2463;
01/08/2021;11:07;2018-34354;159.6368;-25.1873;
01/08/2021;20:07;2018-34354;159.6316;-25.0198;
01/08/2021;22:26;2018-34354;159.5995;-24.958;
02/08/2021;06:27;2018-34354;159.5184;-25.1185;
02/08/2021;08:38;2018-34354;159.522;-25.1264;
02/08/2021;08:38;2018-34354;159.5588;-25.1338;
02/08/2021;19:47;2018-34354;159.4658;-25.0717;
02/08/2021;19:54;2018-34354;159.5058;-25.0561;
02/08/2021;20:30;2018-34354;159.5407;-25.1057;
02/08/2021;21:34;2018-34354;159.3835;-25.1225;
02/08/2021;22:42;2018-34354;159.3846;-25.1877;
03/08/2021;07:35;2018-34354;159.0698;-25.5905;
03/08/2021;08:16;2018-34354;158.9363;-25.6528;
03/08/2021;10:09;2018-34354;158.7199;-25.668;
03/08/2021;10:28;2018-34354;158.6686;-25.6837;
03/08/2021;19:26;2018-34354;158.525;-25.7709;
03/08/2021;19:57;2018-34354;157.7;-26.1226;
03/08/2021;22:20;2018-34354;158.2503;-26.0214;
04/08/2021;07:04;2018-34354;157.9611;-26.4354;
04/08/2021;09:58;2018-34354;157.7729;-26.4605;
04/08/2021;10:48;2018-34354;157.8645;-26.4092;
04/08/2021;20:41;2018-34354;157.8676;-26.1036;
04/08/2021;22:00;2018-34354;157.7864;-26.1734;
04/08/2021;23:41;2018-34354;157.7543;-26.1812;
05/08/2021;06:32;2018-34354;157.7751;-26.0748;
05/08/2021;07:16;2018-34354;157.7564;-25.9773;
05/08/2021;07:24;2018-34354;156.6036;-25.8531;
05/08/2021;09:42;2018-34354;156.609;-25.7612;
05/08/2021;10:28;2018-34354;156.8014;-25.7112;
05/08/2021;11:27;2018-34354;156.6799;-25.7405;
05/08/2021;21:36;2018-34354;155.7597;-25.5074;
06/08/2021;06:01;2018-34354;153.9565;-25.1988;
06/08/2021;06:59;2018-34354;157.5276;-25.2913;
06/08/2021;07:39;2018-34354;154.8722;-25.4543;
06/08/2021;11:03;2018-34354;152.0147;-25.3669;
06/08/2021;20:04;2018-34354;155.3344;-26.2968;
06/08/2021;20:51;2018-34354;154.5504;-26.5242;
06/08/2021;22:18;2018-34354;154.5504;-26.5247;
06/08/2021;23:00;2018-34354;154.5477;-26.5395;
07/08/2021;06:51;2018-34354;154.548;-26.6648;
07/08/2021;09:23;2018-34354;153.9354;-27.0022;
07/08/2021;09:54;2018-34354;154.5461;-26.6842;
07/08/2021;11:01;2018-34354;154.1633;-26.686;
07/08/2021;11:24;2018-34354;154.1416;-26.7967;
07/08/2021;19:22;2018-34354;153.2831;-26.8433;
07/08/2021;20:40;2018-34354;153.3396;-26.7666;
07/08/2021;22:25;2018-34354;153.1907;-26.7452;
07/08/2021;22:41;2018-34354;153.3655;-26.6647;
08/08/2021;08:19;2018-34354;152.6572;-26.6172;
08/08/2021;09:14;2018-34354;152.7298;-26.7004;
08/08/2021;20:29;2018-34354;152.5737;-26.6847;
08/08/2021;20:37;2018-34354;152.5804;-26.691;
08/08/2021;20:41;2018-34354;153.2697;-26.5753;
08/08/2021;22:09;2018-34354;153.2388;-26.5758;
08/08/2021;22:20;2018-34354;153.2454;-26.5689;
09/08/2021;07:49;2018-34354;153.1032;-26.3465;
09/08/2021;08:55;2018-34354;153.131;-26.2943;
09/08/2021;20:10;2018-34354;153.1405;-25.9779;
09/08/2021;20:10;2018-34354;153.389;-26.0992;
09/08/2021;21:59;2018-34354;153.2864;-25.8633;
09/08/2021;22:58;2018-34354;153.2802;-25.7966;
09/08/2021;23:36;2018-34354;153.2563;-25.749;
10/08/2021;06:18;2018-34354;153.0997;-25.3986;
10/08/2021;08:35;2018-34354;153.0464;-25.2775;
10/08/2021;08:49;2018-34354;153.12;-25.3897;
11/08/2021;06:06;2018-34354;153.0056;-25.3299;
11/08/2021;06:47;2018-34354;153.375;-24.9619;
11/08/2021;08:10;2018-34354;153.2617;-25.0578;
11/08/2021;10:17;2018-34354;153.447;-25.0298;
11/08/2021;11:45;2018-34354;153.3746;-24.7093;
12/08/2021;07:32;2018-34354;153.2532;-24.6917;
12/08/2021;20:19;2018-34354;153.5146;-24.4829;
12/08/2021;22:37;2018-34354;153.4554;-24.4624;
13/08/2021;07:20;2018-34354;153.64;-24.1675;
13/08/2021;09:54;2018-34354;153.549;-24.4777;
13/08/2021;19:47;2018-34354;153.8604;-24.5141;
13/08/2021;22:17;2018-34354;153.6661;-24.5975;
13/08/2021;22:48;2018-34354;153.6772;-24.6036;
13/08/2021;23:13;2018-34354;153.541;-24.7188;
14/08/2021;09:37;2018-34354;153.3308;-24.9085;
14/08/2021;19:49;2018-34354;153.0911;-25.1962;
14/08/2021;20:57;2018-34354;153.2052;-25.2531;
14/08/2021;21:54;2018-34354;153.4703;-25.3636;
14/08/2021;22:37;2018-34354;153.4962;-25.3867;
15/08/2021;07:02;2018-34354;153.7571;-25.7298;
15/08/2021;08:14;2018-34354;153.5027;-25.5801;
15/08/2021;09:29;2018-34354;153.4677;-25.5929;
15/08/2021;11:13;2018-34354;153.4829;-25.6158;
15/08/2021;20:20;2018-34354;153.4232;-25.7171;
15/08/2021;21:36;2018-34354;153.3653;-25.8283;
16/08/2021;06:45;2018-34354;153.1801;-26.1447;
16/08/2021;22:16;2018-34354;153.1387;-26.2774;
17/08/2021;20:14;2018-34354;152.9415;-26.6848;
17/08/2021;22:02;2018-34354;152.8897;-26.8829;
18/08/2021;08:08;2018-34354;152.7939;-27.4858;
18/08/2021;08:36;2018-34354;152.812;-27.4683;
18/08/2021;10:33;2018-34354;153.3741;-27.4568;
18/08/2021;10:52;2018-34354;153.2053;-27.3943;
18/08/2021;21:26;2018-34354;153.8307;-27.7404;
18/08/2021;22:11;2018-34354;153.6168;-27.6912;
18/08/2021;22:11;2018-34354;153.6168;-27.6912;
18/08/2021;23:51;2018-34354;153.5414;-27.7127;
19/08/2021;06:00;2018-34354;153.354;-27.7142;
19/08/2021;07:33;2018-34354;153.4258;-27.7149;
19/08/2021;11:34;2018-34354;153.5699;-27.8662;
19/08/2021;21:02;2018-34354;152.9968;-28.1084;
19/08/2021;21:39;2018-34354;152.9601;-28.1219;
20/08/2021;06:02;2018-34354;153.2509;-28.4272;
20/08/2021;07:05;2018-34354;153.1387;-28.6967;
20/08/2021;07:44;2018-34354;153.1314;-28.7155;
20/08/2021;20:42;2018-34354;152.5016;-29.5836;
20/08/2021;21:02;2018-34354;153.4915;-29.0151;
21/08/2021;06:34;2018-34354;153.2388;-29.5565;
21/08/2021;21:20;2018-34354;153.5173;-29.9293;
22/08/2021;08:35;2018-34354;153.0635;-30.515;
22/08/2021;09:46;2018-34354;153.0369;-30.5749;
22/08/2021;19:49;2018-34354;153.0012;-30.7073;
22/08/2021;20:03;2018-34354;152.7491;-31.0658;
23/08/2021;09:34;2018-34354;152.5409;-31.6052;
23/08/2021;23:11;2018-34354;152.2743;-32.1535;
23/08/2021;23:52;2018-34354;152.3722;-31.9362;
24/08/2021;06:41;2018-34354;152.138;-32.444;
24/08/2021;06:51;2018-34354;152.0846;-32.585;
24/08/2021;11:02;2018-34354;152.0215;-32.7892;
24/08/2021;20:36;2018-34354;151.786;-33.164;
24/08/2021;20:36;2018-34354;151.9151;-33.2396;
25/08/2021;11:52;2018-34354;151.8016;-33.452;
26/08/2021;06:28;2018-34354;151.4216;-33.9792;
26/08/2021;07:20;2018-34354;151.5412;-33.9744;
26/08/2021;08:35;2018-34354;151.5712;-33.9946;
26/08/2021;11:30;2018-34354;151.6503;-34.0498;
26/08/2021;22:49;2018-34354;151.9698;-34.3185;
27/08/2021;06:49;2018-34354;151.8443;-34.2399;
27/08/2021;09:44;2018-34354;151.7659;-34.2006;
27/08/2021;20:47;2018-34354;151.3103;-34.2569;
28/08/2021;09:23;2018-34354;151.1062;-34.2315;
28/08/2021;10:20;2018-34354;151.1421;-34.2146;
29/08/2021;07:29;2018-34354;150.8041;-34.4682;
29/08/2021;08:56;2018-34354;150.6952;-34.6421;
29/08/2021;10:02;2018-34354;150.6996;-34.689;
29/08/2021;20:12;2018-34354;150.4731;-35.1151;
30/08/2021;07:25;2018-34354;150.264;-35.5104;
30/08/2021;23:07;2018-34354;149.9361;-36.1656;
31/08/2021;22:46;2018-34354;149.7982;-36.8159;
01/09/2021;20:41;2018-34354;149.456;-37.2667;
02/09/2021;20:15;2018-34354;149.1238;-37.9707;
03/09/2021;19:51;2018-34354;148.7225;-38.3306;
03/09/2021;22:13;2018-34354;149.153;-38.4143;
03/09/2021;23:19;2018-34354;149.3889;-38.5448;
04/09/2021;23:19;2018-34354;158.785994;-46.366811;out of domain 
17/07/2021;04:15;2018-57535;168.0895;-22.8825;
17/07/2021;05:50;2018-57535;168.0895;-23.4048;
17/07/2021;06:27;2018-57535;168.1183;-23.3984;
17/07/2021;06:55;2018-57535;168.1174;-23.3988;
17/07/2021;08:25;2018-57535;168.053;-23.3412;
17/07/2021;10:02;2018-57535;168.1414;-23.3813;
17/07/2021;10:20;2018-57535;168.1235;-23.3691;
18/07/2021;06:30;2018-57535;168.2832;-23.3491;
18/07/2021;08:12;2018-57535;168.0555;-23.3611;
18/07/2021;08:12;2018-57535;168.0656;-23.357;
18/07/2021;09:56;2018-57535;167.9482;-23.3947;
18/07/2021;09:56;2018-57535;168.0659;-23.3628;
18/07/2021;18:17;2018-57535;168.132;-23.4217;
18/07/2021;19:26;2018-57535;168.1203;-23.4347;
18/07/2021;19:33;2018-57535;168.102;-23.4423;
18/07/2021;19:53;2018-57535;168.1;-23.4369;
18/07/2021;21:13;2018-57535;168.0978;-23.4249;
18/07/2021;21:13;2018-57535;168.0908;-23.4285;
18/07/2021;22:54;2018-57535;168.098;-23.4212;
19/07/2021;07:04;2018-57535;168.1096;-23.4359;
19/07/2021;09:36;2018-57535;168.119;-23.4312;
19/07/2021;09:40;2018-57535;168.1121;-23.4381;
19/07/2021;11:19;2018-57535;168.0661;-23.4351;
19/07/2021;18:57;2018-57535;168.0287;-23.4557;
19/07/2021;19:26;2018-57535;168.0244;-23.424;
19/07/2021;20:54;2018-57535;168.0471;-23.4177;
19/07/2021;21:00;2018-57535;168.0885;-23.4164;
19/07/2021;21:00;2018-57535;168.0885;-23.4164;
19/07/2021;21:51;2018-57535;168.0331;-23.3953;
19/07/2021;22:32;2018-57535;168.0464;-23.3904;
20/07/2021;06:33;2018-57535;168.0291;-23.3583;
20/07/2021;07:21;2018-57535;168.0529;-23.3595;
20/07/2021;07:53;2018-57535;168.0414;-23.3517;
20/07/2021;09:14;2018-57535;168.0868;-23.3552;
20/07/2021;10:14;2018-57535;168.0918;-23.3831;
20/07/2021;10:57;2018-57535;168.0697;-23.4013;
20/07/2021;18:51;2018-57535;168.0382;-23.4578;
20/07/2021;20:17;2018-57535;168.0534;-23.4681;
20/07/2021;20:29;2018-57535;168.0704;-23.4623;
20/07/2021;20:29;2018-57535;168.1088;-23.4445;
20/07/2021;20:49;2018-57535;168.1021;-23.4551;
20/07/2021;22:10;2018-57535;168.0916;-23.4379;
21/07/2021;06:00;2018-57535;168.0256;-23.299;
21/07/2021;06:58;2018-57535;168.0064;-23.2439;
21/07/2021;07:39;2018-57535;168.0113;-23.3001;
21/07/2021;07:42;2018-57535;168.0338;-23.2493;
21/07/2021;09:21;2018-57535;168.0158;-23.2008;
21/07/2021;10:35;2018-57535;168.0505;-23.1638;
21/07/2021;19:49;2018-57535;167.8053;-23.09;
21/07/2021;19:58;2018-57535;167.8543;-23.0729;
21/07/2021;20:37;2018-57535;167.8492;-23.0655;
21/07/2021;21:46;2018-57535;167.8404;-23.0551;
21/07/2021;23:30;2018-57535;167.8283;-23.0252;
22/07/2021;07:11;2018-57535;167.7381;-22.8377;
22/07/2021;08:08;2018-57535;167.6661;-22.8226;
22/07/2021;09:03;2018-57535;167.6837;-22.8055;
22/07/2021;10:13;2018-57535;167.4704;-22.8517;
22/07/2021;19:24;2018-57535;167.5681;-22.8385;
22/07/2021;20:25;2018-57535;167.6161;-22.8428;
22/07/2021;21:26;2018-57535;167.6582;-22.7768;
22/07/2021;22:30;2018-57535;167.6565;-22.7573;
22/07/2021;23:09;2018-57535;167.655;-22.7483;
23/07/2021;06:40;2018-57535;167.4211;-22.8002;
23/07/2021;07:47;2018-57535;167.4153;-22.8004;
23/07/2021;08:57;2018-57535;167.4037;-22.7911;
23/07/2021;11:38;2018-57535;167.3325;-22.7824;
23/07/2021;19:03;2018-57535;167.2174;-22.7494;
23/07/2021;21:08;2018-57535;167.2566;-22.782;
23/07/2021;22:52;2018-57535;167.2067;-22.7828;
24/07/2021;06:03;2018-57535;167.0712;-22.7959;
24/07/2021;07:23;2018-57535;167.2756;-22.8023;
24/07/2021;08:47;2018-57535;167.2717;-22.807;
24/07/2021;09:34;2018-57535;167.3042;-22.792;
24/07/2021;10:24;2018-57535;167.3318;-22.7952;
24/07/2021;10:37;2018-57535;167.333;-22.7795;
24/07/2021;11:17;2018-57535;167.2936;-22.7684;
24/07/2021;20:01;2018-57535;167.3042;-22.806;
24/07/2021;20:44;2018-57535;167.3323;-22.7982;
24/07/2021;21:50;2018-57535;167.2988;-22.8217;
25/07/2021;06:00;2018-57535;167.2275;-22.8217;
25/07/2021;06:57;2018-57535;167.2652;-22.8136;
25/07/2021;07:17;2018-57535;167.2506;-22.8036;
25/07/2021;08:36;2018-57535;167.2649;-22.8238;
25/07/2021;08:37;2018-57535;167.2818;-22.8188;
25/07/2021;09:15;2018-57535;167.2823;-22.8236;
25/07/2021;10:10;2018-57535;167.2767;-22.8471;
25/07/2021;10:53;2018-57535;167.2893;-22.8299;
25/07/2021;18:00;2018-57535;167.3202;-22.8543;
25/07/2021;19:37;2018-57535;167.3691;-22.8529;
25/07/2021;19:48;2018-57535;167.341;-22.8685;
25/07/2021;19:48;2018-57535;167.3356;-22.8673;
25/07/2021;20:26;2018-57535;167.3823;-22.8558;
25/07/2021;21:28;2018-57535;167.3973;-22.8598;
25/07/2021;22:03;2018-57535;167.382;-22.8362;
26/07/2021;22:03;2018-57535;158.785994;-46.366811;out of domain 
21/07/2021;06:00;2018-57536;168.1763;-23.0992;
21/07/2021;06:44;2018-57536;168.1767;-23.2431;
21/07/2021;06:57;2018-57536;168.1626;-23.2689;
21/07/2021;07:37;2018-57536;168.0711;-23.4;
21/07/2021;07:42;2018-57536;168.0681;-23.3925;
21/07/2021;10:38;2018-57536;167.8838;-23.548;
21/07/2021;11:32;2018-57536;167.8932;-23.5998;
21/07/2021;16:27;2018-57536;168.0511;-23.4001;
21/07/2021;18:04;2018-57536;168.0258;-23.4493;
21/07/2021;18:11;2018-57536;168.0263;-23.4309;
21/07/2021;18:23;2018-57536;168.0885;-23.4154;
21/07/2021;18:58;2018-57536;168.0837;-23.4382;
21/07/2021;20:01;2018-57536;168.0847;-23.4156;
21/07/2021;20:08;2018-57536;168.0854;-23.4142;
21/07/2021;20:34;2018-57536;168.0866;-23.4174;
21/07/2021;21:44;2018-57536;168.0824;-23.4661;
21/07/2021;22:52;2018-57536;168.0689;-23.4799;
22/07/2021;06:38;2018-57536;168.022;-23.4786;
22/07/2021;07:11;2018-57536;168.0323;-23.3069;
22/07/2021;08:11;2018-57536;168.0325;-23.3138;
22/07/2021;09:09;2018-57536;168.0042;-23.3289;
22/07/2021;10:21;2018-57536;168.1538;-23.2248;
22/07/2021;11:15;2018-57536;168.1804;-23.1868;
22/07/2021;11:59;2018-57536;168.1574;-23.1863;
22/07/2021;19:25;2018-57536;168.0869;-23.4986;
22/07/2021;19:29;2018-57536;168.1066;-23.4587;
22/07/2021;20:24;2018-57536;168.0995;-23.4693;
22/07/2021;21:25;2018-57536;168.0757;-23.477;
22/07/2021;22:26;2018-57536;168.07;-23.473;
22/07/2021;23:11;2018-57536;168.067;-23.4676;
23/07/2021;06:36;2018-57536;168.0582;-23.4919;
23/07/2021;07:47;2018-57536;168.0786;-23.4711;
23/07/2021;08:58;2018-57536;168.0548;-23.4516;
23/07/2021;09:53;2018-57536;168.0598;-23.4273;
23/07/2021;10:35;2018-57536;168.0553;-23.4226;
23/07/2021;11:37;2018-57536;168.0553;-23.4103;
23/07/2021;18:58;2018-57536;168.0553;-23.416;
23/07/2021;18:58;2018-57536;168.1192;-23.4007;
23/07/2021;20:15;2018-57536;168.1209;-23.3879;
23/07/2021;21:10;2018-57536;168.1008;-23.3842;
23/07/2021;21:50;2018-57536;168.1077;-23.3763;
23/07/2021;22:05;2018-57536;168.0997;-23.3885;
24/07/2021;06:06;2018-57536;168.1148;-23.3477;
24/07/2021;07:24;2018-57536;168.1323;-23.3339;
24/07/2021;08:50;2018-57536;168.1355;-23.3244;
24/07/2021;09:04;2018-57536;168.1337;-23.344;
24/07/2021;09:36;2018-57536;168.1516;-23.3348;
24/07/2021;10:25;2018-57536;168.1406;-23.3345;
24/07/2021;10:31;2018-57536;168.0386;-23.3727;
24/07/2021;18:39;2018-57536;168.0706;-23.3356;
24/07/2021;20:02;2018-57536;168.0765;-23.408;
24/07/2021;20:06;2018-57536;168.1037;-23.4343;
24/07/2021;20:48;2018-57536;168.1037;-23.4224;
24/07/2021;22:23;2018-57536;168.1012;-23.4102;
25/07/2021;06:55;2018-57536;168.1028;-23.4283;
25/07/2021;07:13;2018-57536;168.097;-23.4377;
25/07/2021;08:36;2018-57536;168.121;-23.4555;
25/07/2021;08:36;2018-57536;168.1232;-23.4552;
25/07/2021;09:17;2018-57536;168.1376;-23.4733;
25/07/2021;10:52;2018-57536;168.0675;-23.4836;
25/07/2021;18:06;2018-57536;168.111;-23.4156;
25/07/2021;19:52;2018-57536;168.0741;-23.4666;
25/07/2021;19:52;2018-57536;168.078;-23.4689;
25/07/2021;20:30;2018-57536;168.07;-23.4743;
25/07/2021;22:05;2018-57536;168.0622;-23.4638;
26/07/2021;06:35;2018-57536;168.0881;-23.3854;
26/07/2021;06:42;2018-57536;168.0817;-23.4351;
26/07/2021;08:11;2018-57536;168.0644;-23.3826;
26/07/2021;08:19;2018-57536;168.064;-23.381;
26/07/2021;08:53;2018-57536;168.1012;-23.4016;
26/07/2021;09:58;2018-57536;168.0995;-23.3952;
26/07/2021;09:58;2018-57536;168.1007;-23.3962;
26/07/2021;10:34;2018-57536;168.1034;-23.3994;
26/07/2021;19:05;2018-57536;168.0939;-23.4196;
26/07/2021;19:22;2018-57536;167.9806;-23.4002;
26/07/2021;19:39;2018-57536;168.0253;-23.4203;
26/07/2021;20:08;2018-57536;168.0251;-23.4193;
26/07/2021;21:19;2018-57536;167.9787;-23.4152;
26/07/2021;21:48;2018-57536;167.9877;-23.3813;
26/07/2021;23:26;2018-57536;167.9593;-23.3788;
27/07/2021;06:05;2018-57536;167.8154;-23.336;
27/07/2021;06:08;2018-57536;168.1108;-23.384;
27/07/2021;07:49;2018-57536;168.0927;-23.3864;
27/07/2021;07:52;2018-57536;168.0891;-23.3784;
27/07/2021;08:09;2018-57536;168.102;-23.3793;
27/07/2021;10:12;2018-57536;168.0871;-23.3762;
27/07/2021;11:52;2018-57536;168.0439;-23.3807;
27/07/2021;18:35;2018-57536;167.9572;-23.4042;
27/07/2021;19:00;2018-57536;168.0315;-23.3785;
27/07/2021;19:28;2018-57536;168.0353;-23.3715;
27/07/2021;20:36;2018-57536;168.0527;-23.3622;
27/07/2021;21:09;2018-57536;168.0608;-23.3611;
27/07/2021;21:27;2018-57536;168.0707;-23.3311;
27/07/2021;23:05;2018-57536;168.0857;-23.3183;
28/07/2021;07:23;2018-57536;168.0215;-23.1644;
28/07/2021;07:23;2018-57536;167.7906;-23.1046;
28/07/2021;07:57;2018-57536;167.8856;-23.0896;
28/07/2021;08:59;2018-57536;167.8241;-23.0443;
28/07/2021;09:40;2018-57536;167.786;-23.0217;
28/07/2021;09:54;2018-57536;167.7804;-23.0063;
28/07/2021;10:52;2018-57536;167.7323;-22.9842;
28/07/2021;18:08;2018-57536;167.7292;-22.9702;
28/07/2021;19:42;2018-57536;167.7296;-22.9696;
28/07/2021;20:52;2018-57536;167.6249;-22.9452;
28/07/2021;21:07;2018-57536;167.7055;-22.9245;
28/07/2021;22:44;2018-57536;167.6736;-22.8951;
29/07/2021;06:49;2018-57536;167.4396;-22.7331;
29/07/2021;07:46;2018-57536;167.5922;-22.7889;
29/07/2021;08:35;2018-57536;167.5944;-22.7842;
29/07/2021;09:32;2018-57536;167.5891;-22.7749;
29/07/2021;09:33;2018-57536;167.5879;-22.7685;
29/07/2021;10:32;2018-57536;167.5907;-22.7824;
29/07/2021;11:12;2018-57536;167.5901;-22.7795;
29/07/2021;18:12;2018-57536;167.5862;-22.7427;
29/07/2021;19:05;2018-57536;167.5915;-22.7674;
29/07/2021;19:12;2018-57536;167.614;-22.8559;
29/07/2021;19:47;2018-57536;167.6523;-22.8744;
29/07/2021;20:42;2018-57536;167.6679;-22.8449;
29/07/2021;20:45;2018-57536;167.663;-22.8597;
29/07/2021;21:46;2018-57536;167.6532;-22.871;
29/07/2021;22:23;2018-57536;167.6843;-22.8688;
30/07/2021;06:15;2018-57536;167.6615;-22.7446;
30/07/2021;07:35;2018-57536;167.6867;-22.7373;
30/07/2021;08:11;2018-57536;167.7464;-22.7241;
30/07/2021;09:09;2018-57536;167.6946;-22.7384;
30/07/2021;09:19;2018-57536;167.7893;-22.6803;
30/07/2021;18:45;2018-57536;167.5844;-22.6969;
30/07/2021;19:27;2018-57536;167.5797;-22.7676;
30/07/2021;20:22;2018-57536;167.5809;-22.6901;
30/07/2021;20:22;2018-57536;167.6686;-22.6491;
30/07/2021;20:31;2018-57536;167.6662;-22.6626;
30/07/2021;21:20;2018-57536;167.673;-22.5921;
30/07/2021;22:04;2018-57536;167.6425;-22.5501;
31/07/2021;06:31;2018-57536;167.969;-22.1879;
31/07/2021;07:51;2018-57536;167.9941;-22.1468;
31/07/2021;09:03;2018-57536;168.19;-22.2539;
31/07/2021;10:27;2018-57536;168.2679;-22.2117;
31/07/2021;18:09;2018-57536;168.707;-22.052;
31/07/2021;19:46;2018-57536;168.7771;-22.0151;
31/07/2021;20:17;2018-57536;168.746;-22.0697;
31/07/2021;21:41;2018-57536;168.7369;-22.0585;
31/07/2021;21:57;2018-57536;168.7491;-22.0639;
31/07/2021;22:47;2018-57536;168.8448;-21.9978;
01/08/2021;06:19;2018-57536;169.2243;-22.149;
01/08/2021;07:23;2018-57536;169.0441;-22.3951;
01/08/2021;08:46;2018-57536;169.0502;-22.4749;
01/08/2021;18:31;2018-57536;169.0431;-22.3084;
01/08/2021;19:15;2018-57536;169.0461;-22.3345;
01/08/2021;20:09;2018-57536;169.0568;-22.3224;
01/08/2021;21:45;2018-57536;169.0649;-22.3539;
01/08/2021;22:16;2018-57536;169.0605;-22.3385;
02/08/2021;06:10;2018-57536;168.9961;-22.3171;
02/08/2021;06:23;2018-57536;168.994;-22.3301;
02/08/2021;06:57;2018-57536;168.9942;-22.3371;
02/08/2021;08:37;2018-57536;169.008;-22.3719;
02/08/2021;08:37;2018-57536;168.9959;-22.354;
02/08/2021;09:50;2018-57536;169.0102;-22.3914;
02/08/2021;18:09;2018-57536;169.0641;-22.4528;
02/08/2021;18:48;2018-57536;169.1312;-22.4318;
02/08/2021;19:55;2018-57536;169.1447;-22.4481;
02/08/2021;20:58;2018-57536;169.0136;-22.3843;
03/08/2021;07:35;2018-57536;169.08;-22.3219;
03/08/2021;08:14;2018-57536;169.0723;-22.3382;
03/08/2021;08:30;2018-57536;169.0836;-22.3449;
03/08/2021;09:27;2018-57536;169.0823;-22.3339;
03/08/2021;10:28;2018-57536;169.0802;-22.3194;
03/08/2021;11:09;2018-57536;169.0948;-22.3162;
03/08/2021;18:12;2018-57536;169.1101;-22.2791;
03/08/2021;19:23;2018-57536;169.087;-22.3068;
03/08/2021;19:45;2018-57536;169.0978;-22.3063;
03/08/2021;19:52;2018-57536;169.0865;-22.3163;
03/08/2021;21:24;2018-57536;169.0813;-22.3113;
03/08/2021;21:40;2018-57536;169.0909;-22.3278;
03/08/2021;22:13;2018-57536;169.0925;-22.3316;
04/08/2021;06:08;2018-57536;169.0981;-22.3586;
04/08/2021;07:05;2018-57536;169.0839;-22.3358;
04/08/2021;07:54;2018-57536;169.084;-22.3376;
04/08/2021;08:21;2018-57536;169.082;-22.3361;
04/08/2021;09:59;2018-57536;169.0841;-22.3284;
04/08/2021;10:50;2018-57536;169.083;-22.3323;
04/08/2021;18:59;2018-57536;169.0773;-22.351;
04/08/2021;19:21;2018-57536;169.0826;-22.3452;
04/08/2021;19:37;2018-57536;169.0635;-22.3692;
04/08/2021;21:57;2018-57536;169.0591;-22.3631;
05/08/2021;06:33;2018-57536;169.0737;-22.4129;
05/08/2021;07:20;2018-57536;169.0791;-22.405;
05/08/2021;08:04;2018-57536;169.0646;-22.3919;
05/08/2021;09:01;2018-57536;169.0211;-22.3894;
05/08/2021;10:27;2018-57536;168.9559;-22.388;
05/08/2021;18:32;2018-57536;169.0751;-22.3685;
06/08/2021;18:23;2018-57536;168.9752;-22.3637;
06/08/2021;19:09;2018-57536;168.9731;-22.3728;
06/08/2021;20:50;2018-57536;168.9679;-22.405;
06/08/2021;21:21;2018-57536;168.9731;-22.3798;
07/08/2021;07:12;2018-57536;168.9568;-22.4135;
07/08/2021;08:11;2018-57536;168.9981;-22.3886;
07/08/2021;08:11;2018-57536;168.9981;-22.3886;
07/08/2021;09:19;2018-57536;169.0037;-22.3966;
07/08/2021;09:43;2018-57536;168.97;-22.3967;
07/08/2021;10:43;2018-57536;168.9776;-22.396;
07/08/2021;11:23;2018-57536;168.9774;-22.3919;
07/08/2021;19:01;2018-57536;169.0074;-22.3254;
07/08/2021;19:21;2018-57536;169.1763;-22.3334;
07/08/2021;19:30;2018-57536;169.1906;-22.3386;
07/08/2021;20:38;2018-57536;169.2325;-22.3742;
07/08/2021;20:55;2018-57536;169.2794;-22.3403;
07/08/2021;22:04;2018-57536;169.2932;-22.3476;
07/08/2021;22:40;2018-57536;169.3044;-22.3574;
08/08/2021;06:37;2018-57536;169.6557;-22.5402;
08/08/2021;06:41;2018-57536;169.6678;-22.5241;
08/08/2021;07:50;2018-57536;169.6848;-22.5207;
08/08/2021;09:09;2018-57536;169.7294;-22.5635;
08/08/2021;09:27;2018-57536;169.709;-22.5473;
08/08/2021;10:26;2018-57536;169.741;-22.5527;
08/08/2021;11:05;2018-57536;169.8138;-22.5454;
08/08/2021;18:55;2018-57536;169.8072;-22.5459;
08/08/2021;19:02;2018-57536;170.2819;-22.5694;
08/08/2021;20:28;2018-57536;170.3744;-22.5583;
08/08/2021;20:34;2018-57536;170.0721;-22.5255;
08/08/2021;22:12;2018-57536;169.6451;-22.41;
09/08/2021;06:07;2018-57536;169.3103;-22.3756;
09/08/2021;07:20;2018-57536;169.2606;-22.3697;
09/08/2021;07:44;2018-57536;169.2518;-22.3511;
09/08/2021;09:03;2018-57536;169.2347;-22.3537;
09/08/2021;09:03;2018-57536;169.2453;-22.3534;
10/08/2021;06:15;2018-57536;169.1908;-22.2947;
10/08/2021;06:58;2018-57536;169.0528;-22.3065;
10/08/2021;07:14;2018-57536;169.0894;-22.3008;
10/08/2021;08:52;2018-57536;169.02;-22.2967;
10/08/2021;09:46;2018-57536;168.9819;-22.3131;
10/08/2021;10:28;2018-57536;168.96;-22.3174;
10/08/2021;18:02;2018-57536;168.6877;-22.3003;
10/08/2021;18:07;2018-57536;169.0419;-22.3636;
10/08/2021;20:01;2018-57536;168.896;-22.3965;
10/08/2021;21:32;2018-57536;168.8164;-22.376;
11/08/2021;21:32;2018-57536;158.785994;-46.366811;out of domain 
21/07/2021;05:03;2018-57537;168.0804;-23.4334;
21/07/2021;05:58;2018-57537;168.0902;-23.4177;
21/07/2021;06:44;2018-57537;168.1001;-23.4191;
21/07/2021;06:58;2018-57537;168.1446;-23.4388;
21/07/2021;07:34;2018-57537;168.1061;-23.4188;
21/07/2021;08:36;2018-57537;168.1125;-23.4469;
21/07/2021;16:22;2018-57537;168.0676;-23.5067;
21/07/2021;18:09;2018-57537;168.0491;-23.4549;
21/07/2021;18:21;2018-57537;168.0605;-23.4277;
21/07/2021;19:46;2018-57537;168.0649;-23.4182;
21/07/2021;19:56;2018-57537;168.079;-23.438;
21/07/2021;20:34;2018-57537;168.108;-23.3889;
21/07/2021;21:46;2018-57537;168.1171;-23.3354;
22/07/2021;06:31;2018-57537;168.2788;-23.4608;
22/07/2021;06:32;2018-57537;168.1908;-23.2738;
22/07/2021;07:10;2018-57537;168.0544;-23.3258;
22/07/2021;07:30;2018-57537;168.0543;-23.3257;
22/07/2021;08:12;2018-57537;168.0611;-23.3021;
22/07/2021;08:36;2018-57537;168.0458;-23.3097;
22/07/2021;09:06;2018-57537;168.0598;-23.2566;
22/07/2021;10:12;2018-57537;168.0393;-23.2319;
22/07/2021;11:57;2018-57537;168.0454;-23.2335;
22/07/2021;19:18;2018-57537;168.0237;-23.2544;
22/07/2021;19:29;2018-57537;167.8998;-23.2346;
22/07/2021;20:18;2018-57537;168.0177;-23.3138;
22/07/2021;21:24;2018-57537;168.0304;-23.4249;
22/07/2021;22:02;2018-57537;168.037;-23.3378;
22/07/2021;22:27;2018-57537;168.0493;-23.3408;
22/07/2021;23:09;2018-57537;168.0908;-23.3642;
23/07/2021;06:11;2018-57537;168.192;-23.4417;
23/07/2021;06:39;2018-57537;168.1816;-23.4299;
23/07/2021;07:50;2018-57537;168.1641;-23.4465;
23/07/2021;08:58;2018-57537;168.1377;-23.465;
23/07/2021;09:53;2018-57537;168.0914;-23.4624;
23/07/2021;10:34;2018-57537;168.0833;-23.4678;
23/07/2021;10:55;2018-57537;168.0923;-23.4531;
23/07/2021;11:31;2018-57537;168.0842;-23.4573;
23/07/2021;18:56;2018-57537;168.1824;-23.4193;
23/07/2021;18:58;2018-57537;168.0439;-23.4475;
23/07/2021;20:08;2018-57537;168.0368;-23.4494;
23/07/2021;20:38;2018-57537;168.1656;-23.4467;
23/07/2021;21:07;2018-57537;168.0846;-23.5207;
23/07/2021;22:10;2018-57537;168.1598;-23.4596;
23/07/2021;22:44;2018-57537;168.0744;-23.5385;
24/07/2021;06:06;2018-57537;168.0673;-23.4818;
24/07/2021;06:17;2018-57537;168.0707;-23.4842;
24/07/2021;07:25;2018-57537;168.0644;-23.4664;
24/07/2021;08:49;2018-57537;168.0698;-23.481;
24/07/2021;09:04;2018-57537;168.0636;-23.4872;
24/07/2021;09:29;2018-57537;168.0998;-23.4865;
24/07/2021;10:22;2018-57537;168.112;-23.4782;
24/07/2021;10:31;2018-57537;168.0965;-23.4606;
24/07/2021;11:20;2018-57537;168.0995;-23.4545;
24/07/2021;18:26;2018-57537;168.1587;-23.4446;
24/07/2021;18:34;2018-57537;168.0635;-23.4176;
24/07/2021;20:02;2018-57537;168.0545;-23.4472;
24/07/2021;20:07;2018-57537;168.1147;-23.4337;
24/07/2021;20:18;2018-57537;168.1038;-23.4277;
24/07/2021;20:46;2018-57537;168.0709;-23.4438;
24/07/2021;21:38;2018-57537;168.0755;-23.4413;
24/07/2021;21:51;2018-57537;168.0814;-23.4633;
24/07/2021;22:24;2018-57537;168.1132;-23.4877;
25/07/2021;06:59;2018-57537;168.1046;-23.4501;
25/07/2021;07:15;2018-57537;168.1064;-23.4436;
25/07/2021;08:34;2018-57537;168.1106;-23.4638;
25/07/2021;08:40;2018-57537;168.1056;-23.4512;
25/07/2021;09:13;2018-57537;168.0946;-23.4762;
25/07/2021;10:09;2018-57537;168.0935;-23.4876;
25/07/2021;10:17;2018-57537;168.0922;-23.4882;
25/07/2021;10:51;2018-57537;168.0802;-23.4591;
25/07/2021;18:06;2018-57537;168.062;-23.3836;
25/07/2021;19:38;2018-57537;168.065;-23.3895;
25/07/2021;19:48;2018-57537;168.0691;-23.3833;
25/07/2021;19:48;2018-57537;168.0561;-23.382;
25/07/2021;20:27;2018-57537;168.0646;-23.3806;
25/07/2021;21:26;2018-57537;168.0648;-23.377;
25/07/2021;21:27;2018-57537;168.0655;-23.3887;
25/07/2021;22:06;2018-57537;168.0672;-23.4117;
25/07/2021;23:06;2018-57537;168.0645;-23.4162;
26/07/2021;06:42;2018-57537;168.0608;-23.4427;
26/07/2021;08:12;2018-57537;168.0796;-23.4577;
26/07/2021;08:20;2018-57537;168.0818;-23.4601;
26/07/2021;08:49;2018-57537;168.0569;-23.4539;
26/07/2021;10:00;2018-57537;168.0701;-23.4615;
26/07/2021;10:32;2018-57537;168.0682;-23.4782;
26/07/2021;19:06;2018-57537;168.065;-23.3838;
26/07/2021;19:22;2018-57537;168.0662;-23.3849;
26/07/2021;19:40;2018-57537;168.0587;-23.395;
26/07/2021;21:13;2018-57537;168.0543;-23.4065;
26/07/2021;21:47;2018-57537;168.058;-23.4007;
27/07/2021;06:13;2018-57537;168.0118;-23.4151;
27/07/2021;07:46;2018-57537;168.023;-23.4474;
27/07/2021;07:50;2018-57537;168.0081;-23.4203;
27/07/2021;08:10;2018-57537;168.0472;-23.4485;
27/07/2021;09:50;2018-57537;168.0611;-23.4442;
27/07/2021;10:10;2018-57537;168.0429;-23.4869;
27/07/2021;11:52;2018-57537;168.0472;-23.5064;
27/07/2021;19:03;2018-57537;168.0652;-23.5759;
27/07/2021;19:27;2018-57537;168.06;-23.4503;
27/07/2021;21:07;2018-57537;168.0885;-23.4787;
27/07/2021;21:24;2018-57537;168.0518;-23.4345;
27/07/2021;23:02;2018-57537;168.0583;-23.4469;
28/07/2021;07:23;2018-57537;168.037;-23.4158;
28/07/2021;07:23;2018-57537;168.0831;-23.4121;
28/07/2021;07:59;2018-57537;168.134;-23.4144;
28/07/2021;09:02;2018-57537;168.0735;-23.43;
28/07/2021;09:40;2018-57537;168.0728;-23.417;
28/07/2021;09:52;2018-57537;168.1004;-23.4274;
28/07/2021;11:27;2018-57537;168.1189;-23.468;
28/07/2021;18:04;2018-57537;168.0861;-23.3923;
28/07/2021;18:22;2018-57537;168.089;-23.3992;
28/07/2021;19:18;2018-57537;168.1028;-23.4032;
28/07/2021;19:41;2018-57537;168.1116;-23.4076;
28/07/2021;20:11;2018-57537;168.1132;-23.4223;
28/07/2021;20:56;2018-57537;168.0573;-23.4517;
28/07/2021;22:09;2018-57537;168.1334;-23.4154;
28/07/2021;22:44;2018-57537;168.1163;-23.4463;
29/07/2021;06:48;2018-57537;168.111;-23.3859;
29/07/2021;06:57;2018-57537;168.0802;-23.3758;
29/07/2021;07:46;2018-57537;168.0945;-23.4085;
29/07/2021;08:38;2018-57537;168.0404;-23.4296;
29/07/2021;09:26;2018-57537;168.0547;-23.4426;
29/07/2021;09:26;2018-57537;168.0555;-23.4453;
29/07/2021;10:29;2018-57537;168.0314;-23.4589;
29/07/2021;11:06;2018-57537;168.0728;-23.4701;
29/07/2021;18:10;2018-57537;168.1455;-23.5395;
29/07/2021;19:05;2018-57537;168.148;-23.5535;
29/07/2021;19:15;2018-57537;168.0944;-23.6228;
29/07/2021;20:44;2018-57537;168.0651;-23.4786;
29/07/2021;20:44;2018-57537;168.0781;-23.4821;
29/07/2021;22:23;2018-57537;168.0437;-23.5403;
30/07/2021;06:16;2018-57537;168.073;-23.4486;
30/07/2021;06:32;2018-57537;168.0705;-23.4495;
30/07/2021;06:40;2018-57537;168.0733;-23.4394;
30/07/2021;07:32;2018-57537;168.0666;-23.4333;
30/07/2021;08:09;2018-57537;168.0616;-23.3957;
30/07/2021;09:16;2018-57537;168.0669;-23.3991;
30/07/2021;10:08;2018-57537;168.0443;-23.4348;
30/07/2021;10:48;2018-57537;168.0599;-23.4366;
30/07/2021;18:40;2018-57537;168.0759;-23.3684;
30/07/2021;19:25;2018-57537;168.0505;-23.3862;
30/07/2021;21:56;2018-57537;168.056;-23.4243;
31/07/2021;06:33;2018-57537;168.0238;-23.4751;
31/07/2021;07:30;2018-57537;168.0393;-23.4517;
31/07/2021;07:51;2018-57537;168.0403;-23.4554;
31/07/2021;08:48;2018-57537;168.0359;-23.4568;
31/07/2021;10:26;2018-57537;168.0699;-23.4491;
31/07/2021;10:45;2018-57537;168.0698;-23.4492;
31/07/2021;18:06;2018-57537;168.0902;-23.2657;
31/07/2021;18:57;2018-57537;168.0772;-23.2684;
31/07/2021;19:48;2018-57537;168.0916;-23.2571;
31/07/2021;20:17;2018-57537;168.0897;-23.2631;
31/07/2021;21:44;2018-57537;168.0308;-23.3187;
31/07/2021;22:38;2018-57537;168.0245;-23.3265;
01/08/2021;22:38;2018-57537;158.785994;-46.366811;out of domain 
21/07/2021;05:04;2018-57538;167.9767;-23.4012;
21/07/2021;07:39;2018-57538;168.0616;-23.4028;
21/07/2021;07:42;2018-57538;168.0851;-23.4228;
21/07/2021;09:18;2018-57538;168.0689;-23.4199;
21/07/2021;10:36;2018-57538;168.1166;-23.4207;
22/07/2021;06:31;2018-57538;168.0913;-23.4074;
22/07/2021;07:09;2018-57538;168.0831;-23.4158;
22/07/2021;08:12;2018-57538;168.0722;-23.4526;
22/07/2021;10:18;2018-57538;168.0383;-23.4886;
23/07/2021;06:20;2018-57538;167.6569;-23.761;
23/07/2021;06:36;2018-57538;168.0461;-23.3441;
23/07/2021;07:13;2018-57538;168.1116;-23.3655;
23/07/2021;07:48;2018-57538;168.0116;-23.3064;
23/07/2021;09:00;2018-57538;168.0078;-23.2586;
23/07/2021;09:54;2018-57538;167.996;-23.2363;
23/07/2021;10:59;2018-57538;167.9958;-23.2083;
23/07/2021;18:59;2018-57538;168.0395;-23.2353;
23/07/2021;18:59;2018-57538;168.0404;-23.2374;
23/07/2021;20:10;2018-57538;168.0386;-23.2166;
23/07/2021;21:08;2018-57538;168.0094;-23.1945;
23/07/2021;22:04;2018-57538;168.0005;-23.1751;
24/07/2021;06:10;2018-57538;167.8193;-22.9947;
24/07/2021;06:10;2018-57538;167.7169;-22.9816;
24/07/2021;07:23;2018-57538;167.7285;-22.9112;
24/07/2021;08:44;2018-57538;167.7027;-22.8818;
24/07/2021;09:04;2018-57538;167.699;-22.9103;
24/07/2021;09:36;2018-57538;167.6881;-22.867;
24/07/2021;11:19;2018-57538;167.6546;-22.8714;
24/07/2021;18:27;2018-57538;167.5121;-22.7154;
24/07/2021;18:29;2018-57538;167.513;-22.7099;
24/07/2021;20:01;2018-57538;167.4709;-22.7439;
24/07/2021;20:05;2018-57538;167.4899;-22.6828;
24/07/2021;20:12;2018-57538;167.4563;-22.7389;
24/07/2021;20:43;2018-57538;167.4498;-22.7285;
24/07/2021;22:23;2018-57538;167.4217;-22.698;
25/07/2021;06:57;2018-57538;167.2533;-22.6963;
25/07/2021;07:15;2018-57538;167.2655;-22.6143;
25/07/2021;08:33;2018-57538;167.2376;-22.6528;
25/07/2021;08:34;2018-57538;167.2371;-22.6528;
25/07/2021;09:12;2018-57538;167.2056;-22.6149;
25/07/2021;10:53;2018-57538;167.1384;-22.6434;
25/07/2021;18:04;2018-57538;166.9353;-22.592;
25/07/2021;19:47;2018-57538;166.8834;-22.6028;
25/07/2021;19:47;2018-57538;166.8498;-22.5914;
25/07/2021;22:10;2018-57538;167.1057;-22.6843;
26/07/2021;06:43;2018-57538;167.1015;-22.7364;
26/07/2021;08:13;2018-57538;167.0922;-22.7737;
26/07/2021;08:55;2018-57538;167.0953;-22.7703;
26/07/2021;10:01;2018-57538;167.0492;-22.7895;
26/07/2021;10:29;2018-57538;167.1172;-22.7892;
26/07/2021;19:04;2018-57538;167.1393;-22.9424;
26/07/2021;19:20;2018-57538;167.1368;-22.9506;
26/07/2021;19:35;2018-57538;167.2995;-22.9058;
26/07/2021;21:17;2018-57538;167.3223;-22.8294;
26/07/2021;21:50;2018-57538;167.4001;-22.9853;
27/07/2021;06:14;2018-57538;167.5722;-22.8044;
27/07/2021;07:47;2018-57538;167.584;-22.8015;
27/07/2021;08:09;2018-57538;167.6019;-22.7924;
27/07/2021;10:16;2018-57538;167.8181;-22.7821;
27/07/2021;18:36;2018-57538;167.5999;-22.7853;
27/07/2021;19:00;2018-57538;167.57;-22.7886;
27/07/2021;19:27;2018-57538;167.6382;-22.7847;
27/07/2021;20:11;2018-57538;167.644;-22.8148;
27/07/2021;21:25;2018-57538;167.5934;-22.8368;
28/07/2021;07:23;2018-57538;167.6892;-22.9024;
28/07/2021;09:51;2018-57538;167.6565;-22.8903;
28/07/2021;12:06;2018-57538;167.2124;-22.356;
28/07/2021;18:04;2018-57538;167.7159;-22.9191;
28/07/2021;18:37;2018-57538;167.7228;-22.9114;
28/07/2021;19:19;2018-57538;167.7401;-22.9168;
28/07/2021;19:39;2018-57538;167.7396;-22.9149;
28/07/2021;20:56;2018-57538;167.6745;-22.8828;
28/07/2021;21:04;2018-57538;167.6659;-22.8825;
28/07/2021;22:48;2018-57538;167.6701;-22.88;
29/07/2021;06:51;2018-57538;167.6415;-22.8285;
29/07/2021;06:54;2018-57538;167.635;-22.796;
29/07/2021;06:56;2018-57538;167.6342;-22.796;
29/07/2021;07:45;2018-57538;167.5603;-22.7623;
29/07/2021;08:35;2018-57538;167.5442;-22.768;
29/07/2021;09:23;2018-57538;167.5253;-22.7581;
29/07/2021;09:34;2018-57538;167.5263;-22.7519;
29/07/2021;19:10;2018-57538;167.3353;-22.7062;
29/07/2021;19:44;2018-57538;167.4249;-22.7198;
29/07/2021;20:40;2018-57538;167.4603;-22.7318;
29/07/2021;22:21;2018-57538;167.4167;-22.7358;
30/07/2021;06:24;2018-57538;167.4168;-22.6545;
30/07/2021;06:31;2018-57538;167.5595;-22.7755;
30/07/2021;08:12;2018-57538;167.6706;-22.8898;
30/07/2021;09:11;2018-57538;167.5926;-22.8247;
30/07/2021;09:13;2018-57538;167.6839;-22.889;
30/07/2021;10:48;2018-57538;167.6688;-22.8968;
30/07/2021;18:43;2018-57538;167.6876;-22.9547;
30/07/2021;19:24;2018-57538;167.6475;-22.8759;
30/07/2021;20:20;2018-57538;167.6947;-22.9605;
30/07/2021;20:23;2018-57538;167.669;-22.8975;
30/07/2021;20:32;2018-57538;167.7524;-22.9102;
30/07/2021;21:20;2018-57538;167.716;-22.8995;
30/07/2021;22:05;2018-57538;167.6984;-22.8968;
31/07/2021;06:32;2018-57538;167.6815;-22.933;
31/07/2021;07:25;2018-57538;167.661;-22.9536;
31/07/2021;07:45;2018-57538;167.649;-22.9592;
31/07/2021;09:02;2018-57538;167.7591;-23.0354;
31/07/2021;09:51;2018-57538;167.767;-23.0482;
31/07/2021;10:23;2018-57538;167.7691;-23.0568;
31/07/2021;18:56;2018-57538;167.8672;-23.068;
31/07/2021;19:54;2018-57538;167.8751;-23.1809;
31/07/2021;21:48;2018-57538;167.8606;-23.262;
31/07/2021;21:59;2018-57538;167.7595;-23.1369;
01/08/2021;06:18;2018-57538;167.6682;-23.266;
01/08/2021;08:54;2018-57538;167.6679;-23.3251;
01/08/2021;10:11;2018-57538;167.823;-23.2022;
01/08/2021;11:50;2018-57538;167.9753;-23.2073;
01/08/2021;18:35;2018-57538;168.1666;-23.3785;
01/08/2021;19:18;2018-57538;168.0768;-23.3644;
01/08/2021;20:03;2018-57538;168.068;-23.3621;
01/08/2021;20:14;2018-57538;168.0653;-23.3632;
01/08/2021;21:45;2018-57538;168.065;-23.366;
01/08/2021;22:27;2018-57538;168.0408;-23.389;
01/08/2021;23:00;2018-57538;168.0584;-23.3973;
02/08/2021;06:31;2018-57538;168.0478;-23.493;
02/08/2021;06:59;2018-57538;168.0786;-23.4123;
02/08/2021;08:39;2018-57538;168.0951;-23.3957;
02/08/2021;08:41;2018-57538;168.0847;-23.4032;
02/08/2021;09:51;2018-57538;168.0598;-23.4007;
02/08/2021;10:21;2018-57538;168.0577;-23.401;
02/08/2021;10:44;2018-57538;168.0584;-23.4008;
02/08/2021;11:27;2018-57538;168.051;-23.4108;
02/08/2021;18:11;2018-57538;168.0402;-23.42;
02/08/2021;19:48;2018-57538;168.0502;-23.4078;
02/08/2021;20:00;2018-57538;168.043;-23.4178;
02/08/2021;21:01;2018-57538;168.0467;-23.4146;
02/08/2021;21:36;2018-57538;168.0479;-23.4142;
02/08/2021;22:41;2018-57538;168.0801;-23.4153;
03/08/2021;06:01;2018-57538;168.1052;-23.4269;
03/08/2021;07:32;2018-57538;168.0913;-23.4211;
03/08/2021;08:11;2018-57538;168.0911;-23.4271;
03/08/2021;08:22;2018-57538;168.0914;-23.4279;
03/08/2021;09:28;2018-57538;168.0317;-23.3942;
03/08/2021;10:09;2018-57538;168.0392;-23.3929;
03/08/2021;10:28;2018-57538;168.0238;-23.3925;
03/08/2021;11:05;2018-57538;168.0236;-23.3906;
03/08/2021;18:17;2018-57538;168.0701;-23.3522;
03/08/2021;20:37;2018-57538;168.1294;-23.4233;
03/08/2021;21:21;2018-57538;168.0936;-23.4286;
03/08/2021;22:20;2018-57538;168.062;-23.456;
04/08/2021;07:06;2018-57538;167.9873;-23.4711;
04/08/2021;07:46;2018-57538;167.9832;-23.477;
04/08/2021;08:13;2018-57538;168.0522;-23.4418;
04/08/2021;09:10;2018-57538;167.9873;-23.4999;
04/08/2021;09:55;2018-57538;167.9864;-23.4978;
04/08/2021;10:10;2018-57538;167.9897;-23.4929;
04/08/2021;18:53;2018-57538;167.8956;-23.598;
04/08/2021;19:33;2018-57538;168.0561;-23.4157;
04/08/2021;20:18;2018-57538;168.0474;-23.4344;
04/08/2021;21:59;2018-57538;168.0378;-23.3807;
05/08/2021;06:32;2018-57538;167.9747;-23.3964;
05/08/2021;07:25;2018-57538;168.0301;-23.4151;
05/08/2021;10:26;2018-57538;168.058;-23.4145;
05/08/2021;19:24;2018-57538;168.0338;-23.4445;
05/08/2021;19:59;2018-57538;168.0289;-23.4443;
05/08/2021;21:00;2018-57538;168.0339;-23.4744;
05/08/2021;21:32;2018-57538;167.9948;-23.4039;
06/08/2021;06:05;2018-57538;167.9318;-23.3319;
06/08/2021;06:59;2018-57538;167.9505;-23.3654;
06/08/2021;06:59;2018-57538;167.9595;-23.3788;
06/08/2021;07:36;2018-57538;167.9502;-23.3639;
06/08/2021;09:28;2018-57538;168.0912;-23.403;
06/08/2021;10:10;2018-57538;168.2386;-23.4061;
06/08/2021;11:05;2018-57538;168.1783;-23.3711;
06/08/2021;19:51;2018-57538;168.3647;-23.3166;
06/08/2021;20:52;2018-57538;168.0652;-23.4368;
06/08/2021;21:13;2018-57538;168.0906;-23.4368;
06/08/2021;22:21;2018-57538;168.1173;-23.4461;
06/08/2021;22:55;2018-57538;168.1313;-23.4406;
07/08/2021;06:30;2018-57538;167.9865;-23.3626;
07/08/2021;07:09;2018-57538;168.0086;-23.337;
07/08/2021;07:39;2018-57538;168.0272;-23.3262;
07/08/2021;08:08;2018-57538;168.023;-23.3279;
07/08/2021;09:23;2018-57538;168.0449;-23.2933;
07/08/2021;09:41;2018-57538;168.047;-23.2537;
07/08/2021;10:47;2018-57538;168.0603;-23.2228;
07/08/2021;11:23;2018-57538;168.0491;-23.2575;
07/08/2021;18:57;2018-57538;168.0269;-23.2631;
07/08/2021;19:21;2018-57538;168.0338;-23.2418;
07/08/2021;19:33;2018-57538;168.034;-23.2517;
07/08/2021;20:36;2018-57538;168.0767;-23.2301;
07/08/2021;20:55;2018-57538;168.0174;-23.2071;
08/08/2021;06:09;2018-57538;167.9679;-23.1066;
08/08/2021;06:39;2018-57538;167.8044;-23.0243;
08/08/2021;07:48;2018-57538;167.7473;-22.996;
08/08/2021;09:10;2018-57538;167.8086;-22.9864;
08/08/2021;18:58;2018-57538;167.9854;-23.0617;
08/08/2021;19:00;2018-57538;167.8651;-23.0932;
08/08/2021;20:30;2018-57538;167.8427;-23.1446;
08/08/2021;22:07;2018-57538;167.9428;-23.0548;
08/08/2021;22:13;2018-57538;167.9572;-23.1394;
08/08/2021;22:13;2018-57538;167.9572;-23.1394;
09/08/2021;06:09;2018-57538;168.0525;-23.3697;
09/08/2021;06:30;2018-57538;168.0537;-23.37;
09/08/2021;07:24;2018-57538;168.0603;-23.3947;
09/08/2021;07:44;2018-57538;168.0592;-23.3675;
09/08/2021;10:04;2018-57538;168.0658;-23.3823;
09/08/2021;18:27;2018-57538;168.0663;-23.4163;
09/08/2021;18:28;2018-57538;168.0701;-23.4143;
09/08/2021;20:07;2018-57538;168.0532;-23.4416;
09/08/2021;20:14;2018-57538;168.0637;-23.4374;
09/08/2021;20:16;2018-57538;168.0607;-23.4421;
09/08/2021;21:54;2018-57538;168.0706;-23.4703;
09/08/2021;21:55;2018-57538;168.0566;-23.456;
10/08/2021;06:16;2018-57538;168.0546;-23.4056;
10/08/2021;06:55;2018-57538;168.0647;-23.4073;
10/08/2021;07:19;2018-57538;168.0544;-23.4114;
10/08/2021;08:42;2018-57538;167.9752;-23.4051;
10/08/2021;08:47;2018-57538;168.0697;-23.4063;
10/08/2021;10:21;2018-57538;167.944;-23.4383;
10/08/2021;18:11;2018-57538;167.9004;-23.4379;
10/08/2021;19:40;2018-57538;167.9784;-23.4099;
10/08/2021;19:51;2018-57538;168.0436;-23.4646;
10/08/2021;20:03;2018-57538;168.0557;-23.4709;
10/08/2021;21:39;2018-57538;168.0659;-23.4668;
10/08/2021;21:42;2018-57538;168.0987;-23.479;
10/08/2021;22:41;2018-57538;168.0666;-23.465;
10/08/2021;23:12;2018-57538;168.0806;-23.4555;
11/08/2021;06:02;2018-57538;168.0765;-23.4568;
11/08/2021;06:41;2018-57538;168.0877;-23.4646;
11/08/2021;08:11;2018-57538;168.0987;-23.4589;
11/08/2021;10:02;2018-57538;168.1198;-23.4726;
11/08/2021;19:03;2018-57538;168.0747;-23.4275;
11/08/2021;19:22;2018-57538;168.0667;-23.4329;
11/08/2021;19:53;2018-57538;168.0771;-23.4296;
11/08/2021;22:57;2018-57538;168.0107;-23.5332;
12/08/2021;06:13;2018-57538;167.889;-23.7781;
12/08/2021;07:54;2018-57538;167.8722;-23.8146;
12/08/2021;08:26;2018-57538;167.8721;-23.8189;
12/08/2021;09:42;2018-57538;167.8504;-23.7914;
12/08/2021;10:02;2018-57538;167.8458;-23.7956;
12/08/2021;18:35;2018-57538;167.6592;-23.6242;
12/08/2021;18:58;2018-57538;167.6201;-23.6221;
12/08/2021;19:36;2018-57538;167.637;-23.5925;
12/08/2021;20:17;2018-57538;167.6329;-23.6325;
12/08/2021;20:56;2018-57538;167.6145;-23.6707;
12/08/2021;21:18;2018-57538;167.6241;-23.6645;
12/08/2021;22:28;2018-57538;167.5992;-23.6886;
13/08/2021;07:18;2018-57538;167.2107;-23.2686;
13/08/2021;07:22;2018-57538;167.245;-23.2512;
13/08/2021;08:07;2018-57538;167.2221;-23.2631;
13/08/2021;09:19;2018-57538;167.207;-23.2244;
13/08/2021;10:57;2018-57538;167.1667;-23.1311;
13/08/2021;18:04;2018-57538;167.0685;-22.8986;
13/08/2021;18:33;2018-57538;167.0901;-22.9263;
13/08/2021;19:31;2018-57538;167.0684;-22.9066;
13/08/2021;19:41;2018-57538;167.0982;-22.9379;
13/08/2021;21:10;2018-57538;167.0912;-22.9335;
14/08/2021;19:14;2018-57538;166.8702;-22.7591;
14/08/2021;22:54;2018-57538;166.8594;-22.7317;
14/08/2021;23:30;2018-57538;167.085;-22.7255;
15/08/2021;08:11;2018-57538;167.2596;-22.8231;
15/08/2021;08:37;2018-57538;166.7415;-22.6441;
15/08/2021;09:23;2018-57538;166.8166;-22.5749;
15/08/2021;10:19;2018-57538;166.997;-22.876;
15/08/2021;18:46;2018-57538;167.2148;-23.1108;
15/08/2021;19:27;2018-57538;167.2095;-23.1229;
15/08/2021;20:40;2018-57538;167.2204;-23.1474;
15/08/2021;21:25;2018-57538;167.2382;-23.1587;
16/08/2021;07:51;2018-57538;167.212;-22.955;
16/08/2021;09:15;2018-57538;167.3045;-22.9649;
16/08/2021;09:29;2018-57538;167.2068;-22.9666;
16/08/2021;10:56;2018-57538;167.6758;-22.8967;
16/08/2021;10:58;2018-57538;167.6769;-22.8925;
16/08/2021;11:36;2018-57538;167.6778;-22.9003;
16/08/2021;18:11;2018-57538;167.6855;-22.8463;
16/08/2021;18:57;2018-57538;167.6861;-22.8459;
16/08/2021;18:57;2018-57538;167.6878;-22.8384;
16/08/2021;20:34;2018-57538;167.7057;-22.7712;
16/08/2021;21:14;2018-57538;167.6992;-22.7616;
16/08/2021;22:14;2018-57538;167.585;-22.784;
16/08/2021;22:50;2018-57538;167.5744;-22.7823;
17/08/2021;06:36;2018-57538;167.5949;-22.8754;
17/08/2021;06:58;2018-57538;167.6468;-22.8681;
17/08/2021;07:22;2018-57538;167.707;-22.8979;
17/08/2021;09:03;2018-57538;167.6898;-22.8745;
17/08/2021;09:05;2018-57538;167.7027;-22.9033;
17/08/2021;09:37;2018-57538;167.7172;-22.9276;
17/08/2021;10:35;2018-57538;167.6995;-22.9323;
17/08/2021;18:31;2018-57538;167.9422;-23.0309;
17/08/2021;20:09;2018-57538;167.9485;-23.0436;
17/08/2021;20:26;2018-57538;168.0072;-23.0412;
17/08/2021;20:47;2018-57538;168.0106;-23.0479;
17/08/2021;21:49;2018-57538;168.0138;-23.0607;
17/08/2021;22:28;2018-57538;168.0209;-23.0614;
18/08/2021;06:28;2018-57538;168.0101;-23.3507;
18/08/2021;06:29;2018-57538;168.0377;-23.3162;
18/08/2021;06:58;2018-57538;168.0372;-23.3183;
18/08/2021;08:34;2018-57538;168.0562;-23.4156;
18/08/2021;08:52;2018-57538;168.0457;-23.4066;
18/08/2021;10:18;2018-57538;168.0614;-23.4251;
18/08/2021;18:10;2018-57538;168.1042;-23.484;
18/08/2021;18:46;2018-57538;168.1092;-23.48;
18/08/2021;19:52;2018-57538;168.1528;-23.5483;
18/08/2021;20:07;2018-57538;168.1237;-23.511;
18/08/2021;20:24;2018-57538;168.127;-23.5014;
19/08/2021;07:32;2018-57538;168.1416;-23.768;
19/08/2021;08:43;2018-57538;168.3584;-24.0669;
19/08/2021;08:59;2018-57538;168.3508;-24.079;
19/08/2021;10:00;2018-57538;168.36;-24.1172;
19/08/2021;10:22;2018-57538;168.3642;-24.1345;
19/08/2021;10:36;2018-57538;168.3032;-24.1742;
19/08/2021;18:16;2018-57538;168.4166;-24.3814;
19/08/2021;19:22;2018-57538;168.4139;-24.4401;
19/08/2021;19:58;2018-57538;168.361;-24.448;
19/08/2021;19:58;2018-57538;168.3994;-24.4303;
19/08/2021;21:37;2018-57538;168.4715;-24.5271;
19/08/2021;21:45;2018-57538;168.4638;-24.5719;
19/08/2021;22:52;2018-57538;168.4652;-24.6287;
19/08/2021;23:31;2018-57538;168.4663;-24.6034;
20/08/2021;07:06;2018-57538;168.5859;-25.0484;
20/08/2021;07:43;2018-57538;168.5721;-25.054;
20/08/2021;08:29;2018-57538;168.6024;-25.108;
20/08/2021;10:11;2018-57538;168.7558;-25.1763;
20/08/2021;10:14;2018-57538;168.7979;-25.1608;
20/08/2021;11:53;2018-57538;168.8426;-25.2459;
20/08/2021;18:59;2018-57538;168.8282;-25.3643;
20/08/2021;19:28;2018-57538;169.0946;-25.6136;
20/08/2021;19:48;2018-57538;168.9727;-25.4275;
20/08/2021;21:27;2018-57538;169.0122;-25.4878;
20/08/2021;21:27;2018-57538;169.0615;-25.5107;
20/08/2021;23:10;2018-57538;169.0839;-25.6022;
21/08/2021;06:35;2018-57538;169.2647;-25.8397;
21/08/2021;07:20;2018-57538;169.2871;-25.8784;
21/08/2021;08:21;2018-57538;169.3117;-25.9257;
21/08/2021;09:00;2018-57538;169.315;-25.9354;
21/08/2021;09:54;2018-57538;169.2847;-25.9471;
21/08/2021;09:58;2018-57538;169.285;-25.947;
21/08/2021;10:53;2018-57538;169.301;-25.9842;
21/08/2021;11:36;2018-57538;169.3079;-25.9935;
21/08/2021;18:32;2018-57538;169.4491;-26.1647;
21/08/2021;18:51;2018-57538;169.3797;-26.1905;
21/08/2021;19:41;2018-57538;169.4234;-26.2122;
21/08/2021;20:12;2018-57538;169.4354;-26.2256;
21/08/2021;20:32;2018-57538;169.4609;-26.2382;
21/08/2021;21:05;2018-57538;169.4815;-26.2141;
21/08/2021;21:20;2018-57538;169.4874;-26.2552;
21/08/2021;22:46;2018-57538;169.5464;-26.2648;
22/08/2021;06:00;2018-57538;169.8921;-26.476;
22/08/2021;06:55;2018-57538;169.7073;-26.6111;
22/08/2021;08:06;2018-57538;169.7064;-26.6804;
22/08/2021;08:35;2018-57538;169.6737;-26.6587;
22/08/2021;09:31;2018-57538;169.9869;-26.7115;
22/08/2021;10:33;2018-57538;169.7902;-26.6566;
22/08/2021;11:08;2018-57538;169.6582;-26.7516;
22/08/2021;18:26;2018-57538;169.3083;-27.1978;
22/08/2021;19:26;2018-57538;169.4029;-27.1243;
22/08/2021;19:49;2018-57538;169.8743;-26.9936;
22/08/2021;19:59;2018-57538;169.4149;-27.093;
22/08/2021;20:52;2018-57538;169.4063;-27.0878;
22/08/2021;21:04;2018-57538;169.4332;-27.0634;
22/08/2021;21:48;2018-57538;169.4253;-27.0884;
22/08/2021;22:25;2018-57538;169.9562;-27.1209;
23/08/2021;06:27;2018-57538;171.7001;-27.5951;
23/08/2021;08:09;2018-57538;171.7924;-26.8527;
23/08/2021;10:13;2018-57538;172.2127;-27.3157;
23/08/2021;10:53;2018-57538;170.1546;-27.572;
23/08/2021;19:23;2018-57538;170.0879;-27.9838;
23/08/2021;19:32;2018-57538;169.5905;-29.1294;
23/08/2021;20:57;2018-57538;170.0923;-27.9912;
23/08/2021;21:27;2018-57538;163.0346;-27.3713;
23/08/2021;22:08;2018-57538;170.0348;-28.0386;
24/08/2021;06:44;2018-57538;170.1923;-28.4288;
24/08/2021;07:46;2018-57538;170.1546;-28.5138;
24/08/2021;08:52;2018-57538;170.1417;-28.5219;
24/08/2021;09:19;2018-57538;170.1423;-28.5232;
24/08/2021;10:37;2018-57538;170.1263;-28.5746;
24/08/2021;18:55;2018-57538;170.033;-28.8772;
24/08/2021;18:57;2018-57538;170.057;-28.8563;
24/08/2021;20:45;2018-57538;170.1033;-28.9791;
24/08/2021;21:46;2018-57538;169.9878;-29.0004;
24/08/2021;23:26;2018-57538;169.9694;-29.0583;
25/08/2021;07:22;2018-57538;169.7675;-29.3364;
25/08/2021;07:30;2018-57538;169.8582;-29.3759;
25/08/2021;09:12;2018-57538;169.6308;-29.3675;
25/08/2021;09:34;2018-57538;169.6109;-29.3786;
25/08/2021;10:11;2018-57538;169.54;-29.3907;
25/08/2021;11:53;2018-57538;169.4043;-29.4405;
25/08/2021;21:20;2018-57538;169.0314;-29.4708;
25/08/2021;22:26;2018-57538;168.9564;-29.477;
25/08/2021;23:02;2018-57538;168.9836;-29.4783;
26/08/2021;06:32;2018-57538;168.3813;-29.4774;
26/08/2021;06:55;2018-57538;168.4695;-29.4275;
26/08/2021;07:16;2018-57538;168.4339;-29.428;
26/08/2021;08:35;2018-57538;168.3299;-29.4252;
26/08/2021;09:02;2018-57538;168.3052;-29.4289;
26/08/2021;09:44;2018-57538;168.2516;-29.4433;
26/08/2021;10:41;2018-57538;168.1975;-29.4442;
26/08/2021;18:09;2018-57538;168.0936;-29.43;
26/08/2021;19:32;2018-57538;168.0967;-29.4341;
26/08/2021;19:48;2018-57538;168.0432;-29.4216;
26/08/2021;21:05;2018-57538;168.0398;-29.4382;
26/08/2021;22:45;2018-57538;167.9402;-29.414;
27/08/2021;08:47;2018-57538;167.8975;-29.4164;
27/08/2021;09:27;2018-57538;167.8987;-29.3834;
27/08/2021;19:08;2018-57538;167.5566;-29.4272;
27/08/2021;19:22;2018-57538;167.9655;-29.3122;
27/08/2021;20:14;2018-57538;167.9577;-29.3141;
27/08/2021;20:39;2018-57538;168.0417;-29.2733;
27/08/2021;21:46;2018-57538;168.0629;-29.3097;
27/08/2021;21:46;2018-57538;168.062;-29.3094;
27/08/2021;22:24;2018-57538;168.0858;-29.3027;
28/08/2021;06:16;2018-57538;168.0246;-28.9995;
28/08/2021;07:47;2018-57538;168.0034;-28.9321;
28/08/2021;08:36;2018-57538;167.933;-28.9176;
28/08/2021;09:09;2018-57538;167.9579;-28.978;
28/08/2021;09:23;2018-57538;167.949;-28.9787;
28/08/2021;10:09;2018-57538;167.9066;-28.9419;
28/08/2021;10:44;2018-57538;167.8759;-28.9104;
28/08/2021;18:55;2018-57538;167.535;-28.7481;
28/08/2021;19:56;2018-57538;167.4122;-28.6747;
28/08/2021;20:24;2018-57538;167.7011;-28.7651;
28/08/2021;21:19;2018-57538;167.7139;-28.7288;
28/08/2021;21:34;2018-57538;167.7341;-28.7289;
28/08/2021;21:59;2018-57538;167.83;-28.8086;
29/08/2021;10:11;2018-57538;168.0054;-28.8767;
29/08/2021;10:25;2018-57538;167.996;-28.8775;
29/08/2021;18:01;2018-57538;168.0808;-28.9434;
29/08/2021;18:31;2018-57538;167.9819;-28.9113;
29/08/2021;19:39;2018-57538;167.9835;-28.9157;
29/08/2021;20:15;2018-57538;167.9889;-28.9182;
29/08/2021;21:20;2018-57538;167.9904;-28.9225;
29/08/2021;21:42;2018-57538;167.9922;-28.9904;
30/08/2021;06:55;2018-57538;167.8801;-29.1319;
30/08/2021;08:12;2018-57538;167.9208;-29.1753;
30/08/2021;08:36;2018-57538;167.9252;-29.1823;
30/08/2021;09:56;2018-57538;167.9418;-29.1999;
30/08/2021;10:04;2018-57538;167.979;-29.1858;
30/08/2021;18:10;2018-57538;168.1535;-29.2313;
30/08/2021;19:15;2018-57538;168.1745;-29.2075;
30/08/2021;19:37;2018-57538;168.18;-29.2054;
30/08/2021;19:50;2018-57538;168.1197;-29.1519;
30/08/2021;21:15;2018-57538;168.0956;-29.1374;
30/08/2021;21:19;2018-57538;168.0948;-29.1335;
30/08/2021;23:03;2018-57538;168.0949;-29.133;
31/08/2021;06:17;2018-57538;168.0947;-29.1496;
31/08/2021;08:08;2018-57538;168.1413;-29.1759;
31/08/2021;09:43;2018-57538;168.0821;-29.18;
31/08/2021;09:44;2018-57538;168.0819;-29.1795;
31/08/2021;10:43;2018-57538;168.0697;-29.1607;
31/08/2021;11:26;2018-57538;168.0676;-29.1551;
31/08/2021;18:37;2018-57538;168.0523;-29.0823;
31/08/2021;19:26;2018-57538;168.0828;-29.1085;
31/08/2021;21:00;2018-57538;168.0597;-29.0681;
31/08/2021;21:00;2018-57538;168.0519;-29.0681;
31/08/2021;21:59;2018-57538;168.0622;-29.0687;
31/08/2021;22:46;2018-57538;168.0612;-29.0712;
01/09/2021;07:43;2018-57538;168.0181;-28.9206;
01/09/2021;07:53;2018-57538;168.0009;-28.9751;
01/09/2021;09:28;2018-57538;167.9916;-28.9763;
01/09/2021;10:30;2018-57538;167.9815;-28.9549;
01/09/2021;18:08;2018-57538;167.897;-28.9117;
01/09/2021;18:58;2018-57538;167.8564;-28.951;
01/09/2021;19:08;2018-57538;167.8569;-28.9409;
01/09/2021;20:41;2018-57538;167.8367;-28.9541;
01/09/2021;22:22;2018-57538;167.8207;-28.9448;
02/09/2021;06:47;2018-57538;167.7458;-29.0895;
02/09/2021;07:00;2018-57538;167.677;-29.0489;
02/09/2021;07:18;2018-57538;167.8432;-29.1025;
02/09/2021;08:58;2018-57538;167.8414;-29.1253;
02/09/2021;09:03;2018-57538;167.8081;-29.1096;
02/09/2021;10:49;2018-57538;167.8024;-29.1149;
02/09/2021;18:32;2018-57538;167.8329;-29.0778;
02/09/2021;20:15;2018-57538;167.9647;-29.0955;
02/09/2021;22:58;2018-57538;168.1303;-29.1147;
03/09/2021;08:08;2018-57538;168.4765;-29.261;
03/09/2021;09:06;2018-57538;168.2816;-29.3008;
03/09/2021;10:48;2018-57538;168.225;-29.3421;
03/09/2021;18:03;2018-57538;168.2418;-29.4548;
03/09/2021;19:51;2018-57538;168.2478;-29.4855;
03/09/2021;20:25;2018-57538;168.2645;-29.5035;
03/09/2021;20:25;2018-57538;168.1973;-29.5094;
03/09/2021;21:39;2018-57538;168.1758;-29.6068;
04/09/2021;06:28;2018-57538;167.9999;-29.9515;
04/09/2021;07:42;2018-57538;168.064;-30.0409;
04/09/2021;11:45;2018-57538;168.0521;-30.2987;
04/09/2021;19:23;2018-57538;168.5571;-30.2301;
04/09/2021;19:54;2018-57538;168.3704;-30.2934;
04/09/2021;20:12;2018-57538;168.487;-30.3656;
04/09/2021;21:21;2018-57538;168.3911;-30.3618;
04/09/2021;22:16;2018-57538;168.3939;-30.3697;
05/09/2021;06:18;2018-57538;168.4947;-30.689;
05/09/2021;08:47;2018-57538;168.6646;-30.8009;
05/09/2021;09:24;2018-57538;168.7046;-30.9395;
05/09/2021;09:43;2018-57538;168.765;-30.9882;
05/09/2021;10:19;2018-57538;168.7869;-31.0237;
05/09/2021;21:00;2018-57538;168.9419;-30.9105;
06/09/2021;06:04;2018-57538;168.9689;-30.9589;
06/09/2021;06:34;2018-57538;169.022;-30.9177;
06/09/2021;09:22;2018-57538;169.0902;-31.0062;
06/09/2021;10:10;2018-57538;169.2313;-31.0024;
06/09/2021;11:05;2018-57538;169.4675;-31.09;
06/09/2021;18:53;2018-57538;169.4111;-30.9323;
06/09/2021;19:51;2018-57538;169.5609;-30.8837;
06/09/2021;21:38;2018-57538;169.7751;-30.8655;
07/09/2021;09:58;2018-57538;170.3162;-30.6567;
07/09/2021;09:58;2018-57538;170.0429;-30.7644;
09/09/2021;09:30;2018-57538;173.0541;-30.2831;
09/09/2021;09:52;2018-57538;169.8747;-31.4814;
10/09/2021;08:54;2018-57538;173.4419;-32.7121;
10/09/2021;11:20;2018-57538;173.5954;-33.1395;
12/09/2021;19:03;2018-57538;175.5237;-33.9167;
12/09/2021;19:23;2018-57538;175.5839;-33.9082;
12/09/2021;21:56;2018-57538;175.6005;-33.9021;
13/09/2021;07:44;2018-57538;175.6197;-33.8938;
13/09/2021;08:45;2018-57538;175.6259;-33.8738;
13/09/2021;19:55;2018-57538;175.8799;-33.6938;
14/09/2021;19:55;2018-57538;158.785994;-46.366811;out of domain 
